season,round,position,position_text,points,grid,laps,status,time,driver_id,driver_code,driver_number,given_name,family_name,nationality,constructor_id,constructor_name,constructor_nationality,race_name,date,circuit_id,circuit_name,country,quali_position,best_quali_seconds,q3_seconds,sprint_position,sprint_points,precipitation_mm,rain_mm,weathercode,is_wet,prev_round,champ_position_before,champ_points_before,champ_wins_before,dnf,won,podium,has_sprint,grid_vs_quali,driver_id_points_last_3,driver_id_avg_finish_last_3,driver_id_dnf_rate_last_3,driver_id_points_last_5,driver_id_avg_finish_last_5,driver_id_dnf_rate_last_5,constructor_id_points_last_3,constructor_id_points_last_5,constructor_id_avg_finish_last_3,constructor_id_avg_finish_last_5,constructor_id_dnf_rate_last_5,quali_vs_teammate,circuit_avg_finish_prior
2022,1,6,6,8.0,6.0,57,Finished,+16.119,bottas,BOT,77,Valtteri,Bottas,Finnish,alfa,Alfa Romeo,Swiss,Bahrain Grand Prix,2022-03-20,bahrain,Bahrain International Circuit,Bahrain,6.0,91.56,91.56,-1.0,,0.0,0.0,0.0,0,0,,0.0,0.0,0,0,0,0,0.0,,,,,,,,,,,,0.0,
2022,1,10,10,1.0,15.0,57,Finished,+23.064,zhou,ZHO,24,Guanyu,Zhou,Chinese,alfa,Alfa Romeo,Swiss,Bahrain Grand Prix,2022-03-20,bahrain,Bahrain International Circuit,Bahrain,15.0,93.543,,-1.0,,0.0,0.0,0.0,0,0,,0.0,0.0,0,0,0,0,0.0,,,,,,,,,,,,9.0,
2022,1,20,R,0.0,10.0,44,Power Unit,,gasly,GAS,10,Pierre,Gasly,French,alphatauri,AlphaTauri,Italian,Bahrain Grand Prix,2022-03-20,bahrain,Bahrain International Circuit,Bahrain,10.0,92.338,92.338,-1.0,,0.0,0.0,0.0,0,0,,0.0,0.0,1,0,0,0,0.0,,,,,,,,,,,,0.0,
2022,1,8,8,4.0,16.0,57,Finished,+20.386,tsunoda,TSU,22,Yuki,Tsunoda,Japanese,alphatauri,AlphaTauri,Italian,Bahrain Grand Prix,2022-03-20,bahrain,Bahrain International Circuit,Bahrain,16.0,92.75,,-1.0,,0.0,0.0,0.0,0,0,,0.0,0.0,0,0,0,0,0.0,,,,,,,,,,,,6.0,
2022,1,9,9,2.0,8.0,57,Finished,+22.390,alonso,ALO,14,Fernando,Alonso,Spanish,alpine,Alpine F1 Team,French,Bahrain Grand Prix,2022-03-20,bahrain,Bahrain International Circuit,Bahrain,8.0,92.195,92.195,-1.0,,0.0,0.0,0.0,0,0,,0.0,0.0,0,0,0,0,0.0,,,,,,,,,,,,0.0,
2022,1,7,7,6.0,11.0,57,Finished,+19.423,ocon,OCO,31,Esteban,Ocon,French,alpine,Alpine F1 Team,French,Bahrain Grand Prix,2022-03-20,bahrain,Bahrain International Circuit,Bahrain,11.0,91.782,,-1.0,,0.0,0.0,0.0,0,0,,0.0,0.0,0,0,0,0,0.0,,,,,,,,,,,,3.0,
2022,1,17,17,0.0,17.0,57,Finished,+1:03.829,hulkenberg,HUL,27,Nico,Hülkenberg,German,aston_martin,Aston Martin,British,Bahrain Grand Prix,2022-03-20,bahrain,Bahrain International Circuit,Bahrain,17.0,92.777,,-1.0,,0.0,0.0,0.0,0,0,,0.0,0.0,0,0,0,0,0.0,,,,,,,,,,,,0.0,
2022,1,12,12,0.0,19.0,57,Finished,+45.873,stroll,STR,18,Lance,Stroll,Canadian,aston_martin,Aston Martin,British,Bahrain Grand Prix,2022-03-20,bahrain,Bahrain International Circuit,Bahrain,19.0,93.032,,-1.0,,0.0,0.0,0.0,0,0,,0.0,0.0,0,0,0,0,0.0,,,,,,,,,,,,2.0,
2022,1,1,1,26.0,1.0,57,Finished,1:37:33.584,leclerc,LEC,16,Charles,Leclerc,Monegasque,ferrari,Ferrari,Italian,Bahrain Grand Prix,2022-03-20,bahrain,Bahrain International Circuit,Bahrain,1.0,90.55799999999999,90.55799999999999,-1.0,,0.0,0.0,0.0,0,0,,0.0,0.0,0,1,1,0,0.0,,,,,,,,,,,,0.0,
2022,1,2,2,18.0,3.0,57,Finished,+5.598,sainz,SAI,55,Carlos,Sainz,Spanish,ferrari,Ferrari,Italian,Bahrain Grand Prix,2022-03-20,bahrain,Bahrain International Circuit,Bahrain,3.0,90.687,90.687,-1.0,,0.0,0.0,0.0,0,0,,0.0,0.0,0,0,1,0,0.0,,,,,,,,,,,,2.0,
2022,1,5,5,10.0,7.0,57,Finished,+14.754,kevin_magnussen,MAG,20,Kevin,Magnussen,Danish,haas,Haas F1 Team,American,Bahrain Grand Prix,2022-03-20,bahrain,Bahrain International Circuit,Bahrain,7.0,91.80799999999999,91.80799999999999,-1.0,,0.0,0.0,0.0,0,0,,0.0,0.0,0,0,0,0,0.0,,,,,,,,,,,,0.0,
2022,1,11,11,0.0,12.0,57,Finished,+32.574,mick_schumacher,MSC,47,Mick,Schumacher,German,haas,Haas F1 Team,American,Bahrain Grand Prix,2022-03-20,bahrain,Bahrain International Circuit,Bahrain,12.0,91.998,,-1.0,,0.0,0.0,0.0,0,0,,0.0,0.0,0,0,0,0,0.0,,,,,,,,,,,,5.0,
2022,1,15,15,0.0,13.0,57,Finished,+56.335,norris,NOR,1,Lando,Norris,British,mclaren,McLaren,British,Bahrain Grand Prix,2022-03-20,bahrain,Bahrain International Circuit,Bahrain,13.0,92.00800000000001,,-1.0,,0.0,0.0,0.0,0,0,,0.0,0.0,0,0,0,0,0.0,,,,,,,,,,,,0.0,
2022,1,14,14,0.0,18.0,57,Finished,+54.975,ricciardo,RIC,3,Daniel,Ricciardo,Australian,mclaren,McLaren,British,Bahrain Grand Prix,2022-03-20,bahrain,Bahrain International Circuit,Bahrain,18.0,92.945,,-1.0,,0.0,0.0,0.0,0,0,,0.0,0.0,0,0,0,0,0.0,,,,,,,,,,,,5.0,
2022,1,3,3,15.0,5.0,57,Finished,+9.675,hamilton,HAM,44,Lewis,Hamilton,British,mercedes,Mercedes,German,Bahrain Grand Prix,2022-03-20,bahrain,Bahrain International Circuit,Bahrain,5.0,91.238,91.238,-1.0,,0.0,0.0,0.0,0,0,,0.0,0.0,0,0,1,0,0.0,,,,,,,,,,,,0.0,
2022,1,4,4,12.0,9.0,57,Finished,+11.211,russell,RUS,63,George,Russell,British,mercedes,Mercedes,German,Bahrain Grand Prix,2022-03-20,bahrain,Bahrain International Circuit,Bahrain,9.0,92.21600000000001,92.21600000000001,-1.0,,0.0,0.0,0.0,0,0,,0.0,0.0,0,0,0,0,0.0,,,,,,,,,,,,4.0,
2022,1,19,19,0.0,2.0,54,Fuel pressure,,max_verstappen,VER,3,Max,Verstappen,Dutch,red_bull,Red Bull,Austrian,Bahrain Grand Prix,2022-03-20,bahrain,Bahrain International Circuit,Bahrain,2.0,90.681,90.681,-1.0,,0.0,0.0,0.0,0,0,,0.0,0.0,1,0,0,0,0.0,,,,,,,,,,,,0.0,
2022,1,18,18,0.0,4.0,56,Fuel pressure,,perez,PER,11,Sergio,Pérez,Mexican,red_bull,Red Bull,Austrian,Bahrain Grand Prix,2022-03-20,bahrain,Bahrain International Circuit,Bahrain,4.0,90.92099999999999,90.92099999999999,-1.0,,0.0,0.0,0.0,0,0,,0.0,0.0,1,0,0,0,0.0,,,,,,,,,,,,2.0,
2022,1,13,13,0.0,14.0,57,Finished,+53.932,albon,ALB,23,Alexander,Albon,Thai,williams,Williams,British,Bahrain Grand Prix,2022-03-20,bahrain,Bahrain International Circuit,Bahrain,14.0,92.664,,-1.0,,0.0,0.0,0.0,0,0,,0.0,0.0,0,0,0,0,0.0,,,,,,,,,,,,0.0,
2022,1,16,16,0.0,20.0,57,Finished,+1:01.795,latifi,LAT,6,Nicholas,Latifi,Canadian,williams,Williams,British,Bahrain Grand Prix,2022-03-20,bahrain,Bahrain International Circuit,Bahrain,20.0,93.634,,-1.0,,0.0,0.0,0.0,0,0,,0.0,0.0,0,0,0,0,0.0,,,,,,,,,,,,6.0,
2022,2,15,R,0.0,8.0,36,Cooling system,,bottas,BOT,77,Valtteri,Bottas,Finnish,alfa,Alfa Romeo,Swiss,Saudi Arabian Grand Prix,2022-03-27,jeddah,Jeddah Corniche Circuit,Saudi Arabia,8.0,89.18299999999999,89.18299999999999,-1.0,,0.0,0.0,0.0,0,1,6.0,8.0,0.0,1,0,0,0,0.0,8.0,6.0,0.0,8.0,6.0,0.0,9.0,9.0,6.0,6.0,0.0,0.0,
2022,2,11,11,0.0,12.0,50,Finished,+1:22.215,zhou,ZHO,24,Guanyu,Zhou,Chinese,alfa,Alfa Romeo,Swiss,Saudi Arabian Grand Prix,2022-03-27,jeddah,Jeddah Corniche Circuit,Saudi Arabia,13.0,89.819,,-1.0,,0.0,0.0,0.0,0,1,10.0,1.0,0.0,0,0,0,0,-1.0,1.0,10.0,0.0,1.0,10.0,0.0,9.0,9.0,6.0,6.0,0.0,5.0,
2022,2,8,8,4.0,9.0,50,Finished,+1:02.946,gasly,GAS,10,Pierre,Gasly,French,alphatauri,AlphaTauri,Italian,Saudi Arabian Grand Prix,2022-03-27,jeddah,Jeddah Corniche Circuit,Saudi Arabia,9.0,89.254,89.254,-1.0,,0.0,0.0,0.0,0,1,,0.0,0.0,0,0,0,0,0.0,0.0,20.0,1.0,0.0,20.0,1.0,4.0,4.0,8.0,8.0,0.5,0.0,
2022,2,19,R,0.0,19.0,0,Power Unit,,tsunoda,TSU,22,Yuki,Tsunoda,Japanese,alphatauri,AlphaTauri,Italian,Saudi Arabian Grand Prix,2022-03-27,jeddah,Jeddah Corniche Circuit,Saudi Arabia,20.0,,,-1.0,,0.0,0.0,0.0,0,1,8.0,4.0,0.0,1,0,0,0,-1.0,4.0,8.0,0.0,4.0,8.0,0.0,4.0,4.0,8.0,8.0,0.5,11.0,
2022,2,16,R,0.0,7.0,35,Water pump,,alonso,ALO,14,Fernando,Alonso,Spanish,alpine,Alpine F1 Team,French,Saudi Arabian Grand Prix,2022-03-27,jeddah,Jeddah Corniche Circuit,Saudi Arabia,7.0,89.14699999999999,89.14699999999999,-1.0,,0.0,0.0,0.0,0,1,9.0,2.0,0.0,1,0,0,0,0.0,2.0,9.0,0.0,2.0,9.0,0.0,8.0,8.0,7.0,7.0,0.0,2.0,
2022,2,6,6,8.0,5.0,50,Finished,+56.017,ocon,OCO,31,Esteban,Ocon,French,alpine,Alpine F1 Team,French,Saudi Arabian Grand Prix,2022-03-27,jeddah,Jeddah Corniche Circuit,Saudi Arabia,5.0,89.068,89.068,-1.0,,0.0,0.0,0.0,0,1,7.0,6.0,0.0,0,0,0,0,0.0,6.0,7.0,0.0,6.0,7.0,0.0,8.0,8.0,7.0,7.0,0.0,0.0,
2022,2,12,12,0.0,17.0,50,Finished,+1:31.742,hulkenberg,HUL,27,Nico,Hülkenberg,German,aston_martin,Aston Martin,British,Saudi Arabian Grand Prix,2022-03-27,jeddah,Jeddah Corniche Circuit,Saudi Arabia,18.0,90.543,,-1.0,,0.0,0.0,0.0,0,1,17.0,0.0,0.0,0,0,0,0,-1.0,0.0,17.0,0.0,0.0,17.0,0.0,0.0,0.0,12.0,12.0,0.0,3.0,
2022,2,13,13,0.0,13.0,49,+1 Lap,,stroll,STR,18,Lance,Stroll,Canadian,aston_martin,Aston Martin,British,Saudi Arabian Grand Prix,2022-03-27,jeddah,Jeddah Corniche Circuit,Saudi Arabia,15.0,91.009,,-1.0,,0.0,0.0,0.0,0,1,12.0,0.0,0.0,0,0,0,0,-2.0,0.0,12.0,0.0,0.0,12.0,0.0,0.0,0.0,12.0,12.0,0.0,0.0,
2022,2,2,2,19.0,2.0,50,Finished,+0.549,leclerc,LEC,16,Charles,Leclerc,Monegasque,ferrari,Ferrari,Italian,Saudi Arabian Grand Prix,2022-03-27,jeddah,Jeddah Corniche Circuit,Saudi Arabia,2.0,88.225,88.225,-1.0,,0.0,0.0,0.0,0,1,1.0,26.0,1.0,0,0,1,0,0.0,26.0,1.0,0.0,26.0,1.0,0.0,44.0,44.0,1.0,1.0,0.0,0.0,
2022,2,3,3,15.0,3.0,50,Finished,+8.097,sainz,SAI,55,Carlos,Sainz,Spanish,ferrari,Ferrari,Italian,Saudi Arabian Grand Prix,2022-03-27,jeddah,Jeddah Corniche Circuit,Saudi Arabia,3.0,88.402,88.402,-1.0,,0.0,0.0,0.0,0,1,2.0,18.0,0.0,0,0,1,0,0.0,18.0,2.0,0.0,18.0,2.0,0.0,44.0,44.0,1.0,1.0,0.0,1.0,
2022,2,9,9,2.0,10.0,50,Finished,+1:04.308,kevin_magnussen,MAG,20,Kevin,Magnussen,Danish,haas,Haas F1 Team,American,Saudi Arabian Grand Prix,2022-03-27,jeddah,Jeddah Corniche Circuit,Saudi Arabia,10.0,89.588,89.588,-1.0,,0.0,0.0,0.0,0,1,5.0,10.0,0.0,0,0,0,0,0.0,10.0,5.0,0.0,10.0,5.0,0.0,10.0,10.0,5.0,5.0,0.0,0.0,
2022,2,20,W,0.0,,0,Withdrew,,mick_schumacher,MSC,47,Mick,Schumacher,German,haas,Haas F1 Team,American,Saudi Arabian Grand Prix,2022-03-27,jeddah,Jeddah Corniche Circuit,Saudi Arabia,14.0,89.92,,-1.0,,0.0,0.0,0.0,0,1,11.0,0.0,0.0,1,0,0,0,,0.0,11.0,0.0,0.0,11.0,0.0,10.0,10.0,5.0,5.0,0.0,4.0,
2022,2,7,7,6.0,11.0,50,Finished,+56.124,norris,NOR,1,Lando,Norris,British,mclaren,McLaren,British,Saudi Arabian Grand Prix,2022-03-27,jeddah,Jeddah Corniche Circuit,Saudi Arabia,11.0,89.651,,-1.0,,0.0,0.0,0.0,0,1,15.0,0.0,0.0,0,0,0,0,0.0,0.0,15.0,0.0,0.0,15.0,0.0,0.0,0.0,14.0,14.0,0.0,0.0,
2022,2,17,R,0.0,14.0,35,Gearbox,,ricciardo,RIC,3,Daniel,Ricciardo,Australian,mclaren,McLaren,British,Saudi Arabian Grand Prix,2022-03-27,jeddah,Jeddah Corniche Circuit,Saudi Arabia,12.0,89.773,,-1.0,,0.0,0.0,0.0,0,1,14.0,0.0,0.0,1,0,0,0,2.0,0.0,14.0,0.0,0.0,14.0,0.0,0.0,0.0,14.0,14.0,0.0,1.0,
2022,2,10,10,1.0,15.0,50,Finished,+1:13.948,hamilton,HAM,44,Lewis,Hamilton,British,mercedes,Mercedes,German,Saudi Arabian Grand Prix,2022-03-27,jeddah,Jeddah Corniche Circuit,Saudi Arabia,16.0,90.343,,-1.0,,0.0,0.0,0.0,0,1,3.0,15.0,0.0,0,0,0,0,-1.0,15.0,3.0,0.0,15.0,3.0,0.0,27.0,27.0,3.0,3.0,0.0,10.0,
2022,2,5,5,10.0,6.0,50,Finished,+32.732,russell,RUS,63,George,Russell,British,mercedes,Mercedes,German,Saudi Arabian Grand Prix,2022-03-27,jeddah,Jeddah Corniche Circuit,Saudi Arabia,6.0,89.104,89.104,-1.0,,0.0,0.0,0.0,0,1,4.0,12.0,0.0,0,0,0,0,0.0,12.0,4.0,0.0,12.0,4.0,0.0,27.0,27.0,3.0,3.0,0.0,0.0,
2022,2,1,1,25.0,4.0,50,Finished,1:24:19.293,max_verstappen,VER,3,Max,Verstappen,Dutch,red_bull,Red Bull,Austrian,Saudi Arabian Grand Prix,2022-03-27,jeddah,Jeddah Corniche Circuit,Saudi Arabia,4.0,88.461,88.461,-1.0,,0.0,0.0,0.0,0,1,19.0,0.0,0.0,0,1,1,0,0.0,0.0,19.0,1.0,0.0,19.0,1.0,0.0,0.0,18.0,18.0,1.0,3.0,
2022,2,4,4,12.0,1.0,50,Finished,+10.800,perez,PER,11,Sergio,Pérez,Mexican,red_bull,Red Bull,Austrian,Saudi Arabian Grand Prix,2022-03-27,jeddah,Jeddah Corniche Circuit,Saudi Arabia,1.0,88.2,88.2,-1.0,,0.0,0.0,0.0,0,1,18.0,0.0,0.0,0,0,0,0,0.0,0.0,18.0,1.0,0.0,18.0,1.0,0.0,0.0,18.0,18.0,1.0,0.0,
2022,2,14,14,0.0,16.0,47,Collision damage,,albon,ALB,23,Alexander,Albon,Thai,williams,Williams,British,Saudi Arabian Grand Prix,2022-03-27,jeddah,Jeddah Corniche Circuit,Saudi Arabia,17.0,90.492,,-1.0,,0.0,0.0,0.0,0,1,13.0,0.0,0.0,1,0,0,0,-1.0,0.0,13.0,0.0,0.0,13.0,0.0,0.0,0.0,13.0,13.0,0.0,0.0,
2022,2,18,R,0.0,18.0,14,Accident,,latifi,LAT,6,Nicholas,Latifi,Canadian,williams,Williams,British,Saudi Arabian Grand Prix,2022-03-27,jeddah,Jeddah Corniche Circuit,Saudi Arabia,19.0,91.81700000000001,,-1.0,,0.0,0.0,0.0,0,1,16.0,0.0,0.0,1,0,0,0,-1.0,0.0,16.0,0.0,0.0,16.0,0.0,0.0,0.0,13.0,13.0,0.0,2.0,
2022,3,8,8,4.0,12.0,58,Finished,+1:08.439,bottas,BOT,77,Valtteri,Bottas,Finnish,alfa,Alfa Romeo,Swiss,Australian Grand Prix,2022-04-10,albert_park,Albert Park Grand Prix Circuit,Australia,12.0,79.41,,-1.0,,1.5,1.5,53.0,1,2,9.0,8.0,0.0,0,0,0,0,0.0,8.0,10.5,0.5,8.0,10.5,0.5,9.0,9.0,8.5,8.5,0.25,0.0,
2022,3,11,11,0.0,14.0,58,Finished,+1:21.695,zhou,ZHO,24,Guanyu,Zhou,Chinese,alfa,Alfa Romeo,Swiss,Australian Grand Prix,2022-04-10,albert_park,Albert Park Grand Prix Circuit,Australia,14.0,80.155,,-1.0,,1.5,1.5,53.0,1,2,14.0,1.0,0.0,0,0,0,0,0.0,1.0,10.5,0.0,1.0,10.5,0.0,9.0,9.0,8.5,8.5,0.25,2.0,
2022,3,9,9,2.0,11.0,58,Finished,+1:16.221,gasly,GAS,10,Pierre,Gasly,French,alphatauri,AlphaTauri,Italian,Australian Grand Prix,2022-04-10,albert_park,Albert Park Grand Prix Circuit,Australia,11.0,79.226,,-1.0,,1.5,1.5,53.0,1,2,12.0,4.0,0.0,0,0,0,0,0.0,4.0,14.0,0.5,4.0,14.0,0.5,8.0,8.0,8.0,8.0,0.5,0.0,
2022,3,15,15,0.0,13.0,57,+1 Lap,,tsunoda,TSU,22,Yuki,Tsunoda,Japanese,alphatauri,AlphaTauri,Italian,Australian Grand Prix,2022-04-10,albert_park,Albert Park Grand Prix Circuit,Australia,13.0,79.424,,-1.0,,1.5,1.5,53.0,1,2,11.0,4.0,0.0,0,0,0,0,0.0,4.0,13.5,0.5,4.0,13.5,0.5,8.0,8.0,8.0,8.0,0.5,2.0,
2022,3,17,17,0.0,10.0,57,+1 Lap,,alonso,ALO,14,Fernando,Alonso,Spanish,alpine,Alpine F1 Team,French,Australian Grand Prix,2022-04-10,albert_park,Albert Park Grand Prix Circuit,Australia,10.0,78.815,,-1.0,,1.5,1.5,53.0,1,2,13.0,2.0,0.0,0,0,0,0,0.0,2.0,12.5,0.5,2.0,12.5,0.5,16.0,16.0,6.5,6.5,0.25,2.0,
2022,3,7,7,6.0,8.0,58,Finished,+1:01.683,ocon,OCO,31,Esteban,Ocon,French,alpine,Alpine F1 Team,French,Australian Grand Prix,2022-04-10,albert_park,Albert Park Grand Prix Circuit,Australia,8.0,79.061,79.061,-1.0,,1.5,1.5,53.0,1,2,6.0,14.0,0.0,0,0,0,0,0.0,14.0,6.5,0.0,14.0,6.5,0.0,16.0,16.0,6.5,6.5,0.25,0.0,
2022,3,12,12,0.0,19.0,58,Finished,+1:28.598,stroll,STR,18,Lance,Stroll,Canadian,aston_martin,Aston Martin,British,Australian Grand Prix,2022-04-10,albert_park,Albert Park Grand Prix Circuit,Australia,20.0,,,-1.0,,1.5,1.5,53.0,1,2,16.0,0.0,0.0,0,0,0,0,-1.0,0.0,12.5,0.0,0.0,12.5,0.0,0.0,0.0,12.0,12.0,0.0,2.0,
2022,3,19,R,0.0,17.0,22,Accident,,vettel,VET,5,Sebastian,Vettel,German,aston_martin,Aston Martin,British,Australian Grand Prix,2022-04-10,albert_park,Albert Park Grand Prix Circuit,Australia,18.0,81.149,,-1.0,,1.5,1.5,53.0,1,2,,,,1,0,0,0,-1.0,,,,,,,0.0,0.0,12.0,12.0,0.0,0.0,
2022,3,1,1,26.0,1.0,58,Finished,1:27:46.548,leclerc,LEC,16,Charles,Leclerc,Monegasque,ferrari,Ferrari,Italian,Australian Grand Prix,2022-04-10,albert_park,Albert Park Grand Prix Circuit,Australia,1.0,77.868,77.868,-1.0,,1.5,1.5,53.0,1,2,1.0,45.0,1.0,0,1,1,0,0.0,45.0,1.5,0.0,45.0,1.5,0.0,78.0,78.0,1.5,1.5,0.0,0.0,
2022,3,20,R,0.0,9.0,1,Spun off,,sainz,SAI,55,Carlos,Sainz,Spanish,ferrari,Ferrari,Italian,Australian Grand Prix,2022-04-10,albert_park,Albert Park Grand Prix Circuit,Australia,9.0,79.408,79.408,-1.0,,1.5,1.5,53.0,1,2,2.0,33.0,0.0,1,0,0,0,0.0,33.0,2.5,0.0,33.0,2.5,0.0,78.0,78.0,1.5,1.5,0.0,8.0,
2022,3,14,14,0.0,16.0,57,+1 Lap,,kevin_magnussen,MAG,20,Kevin,Magnussen,Danish,haas,Haas F1 Team,American,Australian Grand Prix,2022-04-10,albert_park,Albert Park Grand Prix Circuit,Australia,17.0,80.254,,-1.0,,1.5,1.5,53.0,1,2,8.0,12.0,0.0,0,0,0,0,-1.0,12.0,7.0,0.0,12.0,7.0,0.0,12.0,12.0,7.0,7.0,0.25,2.0,
2022,3,13,13,0.0,15.0,57,+1 Lap,,mick_schumacher,MSC,47,Mick,Schumacher,German,haas,Haas F1 Team,American,Australian Grand Prix,2022-04-10,albert_park,Albert Park Grand Prix Circuit,Australia,15.0,80.465,,-1.0,,1.5,1.5,53.0,1,2,15.0,0.0,0.0,0,0,0,0,0.0,0.0,15.5,0.5,0.0,15.5,0.5,12.0,12.0,7.0,7.0,0.25,0.0,
2022,3,5,5,10.0,4.0,58,Finished,+53.303,norris,NOR,1,Lando,Norris,British,mclaren,McLaren,British,Australian Grand Prix,2022-04-10,albert_park,Albert Park Grand Prix Circuit,Australia,4.0,78.703,78.703,-1.0,,1.5,1.5,53.0,1,2,10.0,6.0,0.0,0,0,0,0,0.0,6.0,11.0,0.0,6.0,11.0,0.0,6.0,6.0,10.5,10.5,0.25,0.0,
2022,3,6,6,8.0,7.0,58,Finished,+53.737,ricciardo,RIC,3,Daniel,Ricciardo,Australian,mclaren,McLaren,British,Australian Grand Prix,2022-04-10,albert_park,Albert Park Grand Prix Circuit,Australia,7.0,79.032,79.032,-1.0,,1.5,1.5,53.0,1,2,19.0,0.0,0.0,0,0,0,0,0.0,0.0,15.5,0.5,0.0,15.5,0.5,6.0,6.0,10.5,10.5,0.25,3.0,
2022,3,4,4,12.0,5.0,58,Finished,+28.543,hamilton,HAM,44,Lewis,Hamilton,British,mercedes,Mercedes,German,Australian Grand Prix,2022-04-10,albert_park,Albert Park Grand Prix Circuit,Australia,5.0,78.825,78.825,-1.0,,1.5,1.5,53.0,1,2,5.0,16.0,0.0,0,0,0,0,0.0,16.0,6.5,0.0,16.0,6.5,0.0,38.0,38.0,4.0,4.0,0.0,0.0,
2022,3,3,3,15.0,6.0,58,Finished,+25.593,russell,RUS,63,George,Russell,British,mercedes,Mercedes,German,Australian Grand Prix,2022-04-10,albert_park,Albert Park Grand Prix Circuit,Australia,6.0,78.93299999999999,78.93299999999999,-1.0,,1.5,1.5,53.0,1,2,4.0,22.0,0.0,0,0,1,0,0.0,22.0,4.5,0.0,22.0,4.5,0.0,38.0,38.0,4.0,4.0,0.0,1.0,
2022,3,18,R,0.0,2.0,38,Fuel leak,,max_verstappen,VER,3,Max,Verstappen,Dutch,red_bull,Red Bull,Austrian,Australian Grand Prix,2022-04-10,albert_park,Albert Park Grand Prix Circuit,Australia,2.0,78.154,78.154,-1.0,,1.5,1.5,53.0,1,2,3.0,25.0,1.0,1,0,0,0,0.0,25.0,10.0,0.5,25.0,10.0,0.5,37.0,37.0,9.5,9.5,0.5,0.0,
2022,3,2,2,18.0,3.0,58,Finished,+20.524,perez,PER,11,Sergio,Pérez,Mexican,red_bull,Red Bull,Austrian,Australian Grand Prix,2022-04-10,albert_park,Albert Park Grand Prix Circuit,Australia,3.0,78.24,78.24,-1.0,,1.5,1.5,53.0,1,2,7.0,12.0,0.0,0,0,1,0,0.0,12.0,11.0,0.5,12.0,11.0,0.5,37.0,37.0,9.5,9.5,0.5,1.0,
2022,3,10,10,1.0,20.0,58,Finished,+1:19.382,albon,ALB,23,Alexander,Albon,Thai,williams,Williams,British,Australian Grand Prix,2022-04-10,albert_park,Albert Park Grand Prix Circuit,Australia,16.0,80.135,,-1.0,,1.5,1.5,53.0,1,2,18.0,0.0,0.0,0,0,0,0,4.0,0.0,13.5,0.5,0.0,13.5,0.5,0.0,0.0,13.5,13.5,0.5,0.0,
2022,3,16,16,0.0,18.0,57,+1 Lap,,latifi,LAT,6,Nicholas,Latifi,Canadian,williams,Williams,British,Australian Grand Prix,2022-04-10,albert_park,Albert Park Grand Prix Circuit,Australia,19.0,81.372,,-1.0,,1.5,1.5,53.0,1,2,20.0,0.0,0.0,0,0,0,0,-1.0,0.0,17.0,0.5,0.0,17.0,0.5,0.0,0.0,13.5,13.5,0.5,3.0,
2022,4,5,5,10.0,7.0,63,Finished,+43.181,bottas,BOT,77,Valtteri,Bottas,Finnish,alfa,Alfa Romeo,Swiss,Emilia Romagna Grand Prix,2022-04-24,imola,Autodromo Enzo e Dino Ferrari,Italy,8.0,90.439,90.439,7.0,2.0,2.4,2.4,55.0,1,3,10.0,12.0,0.0,0,0,0,1,-1.0,12.0,9.666666666666666,0.3333333333333333,12.0,9.666666666666666,0.3333333333333333,13.0,13.0,8.333333333333334,8.333333333333334,0.16666666666666666,0.0,
2022,4,15,15,0.0,,62,+1 Lap,,zhou,ZHO,24,Guanyu,Zhou,Chinese,alfa,Alfa Romeo,Swiss,Emilia Romagna Grand Prix,2022-04-24,imola,Autodromo Enzo e Dino Ferrari,Italy,14.0,81.434,,20.0,0.0,2.4,2.4,55.0,1,3,15.0,1.0,0.0,0,0,0,1,,1.0,10.666666666666666,0.0,1.0,10.666666666666666,0.0,13.0,13.0,8.333333333333334,8.333333333333334,0.16666666666666666,6.0,
2022,4,12,12,0.0,17.0,62,+1 Lap,,gasly,GAS,10,Pierre,Gasly,French,alphatauri,AlphaTauri,Italian,Emilia Romagna Grand Prix,2022-04-24,imola,Autodromo Enzo e Dino Ferrari,Italy,17.0,80.732,,17.0,0.0,2.4,2.4,55.0,1,3,12.0,6.0,0.0,0,0,0,1,0.0,6.0,12.333333333333334,0.3333333333333333,6.0,12.333333333333334,0.3333333333333333,10.0,10.0,8.333333333333334,8.333333333333334,0.3333333333333333,1.0,
2022,4,7,7,6.0,12.0,63,Finished,+1:01.110,tsunoda,TSU,22,Yuki,Tsunoda,Japanese,alphatauri,AlphaTauri,Italian,Emilia Romagna Grand Prix,2022-04-24,imola,Autodromo Enzo e Dino Ferrari,Italy,16.0,80.474,,12.0,0.0,2.4,2.4,55.0,1,3,13.0,4.0,0.0,0,0,0,1,-4.0,4.0,14.0,0.3333333333333333,4.0,14.0,0.3333333333333333,10.0,10.0,8.333333333333334,8.333333333333334,0.3333333333333333,0.0,
2022,4,19,R,0.0,9.0,6,Collision damage,,alonso,ALO,14,Fernando,Alonso,Spanish,alpine,Alpine F1 Team,French,Emilia Romagna Grand Prix,2022-04-24,imola,Autodromo Enzo e Dino Ferrari,Italy,5.0,89.202,89.202,9.0,0.0,2.4,2.4,55.0,1,3,14.0,2.0,0.0,1,0,0,1,4.0,2.0,14.0,0.3333333333333333,2.0,14.0,0.3333333333333333,22.0,22.0,6.666666666666667,6.666666666666667,0.16666666666666666,0.0,
2022,4,14,14,0.0,16.0,62,+1 Lap,,ocon,OCO,31,Esteban,Ocon,French,alpine,Alpine F1 Team,French,Emilia Romagna Grand Prix,2022-04-24,imola,Autodromo Enzo e Dino Ferrari,Italy,19.0,82.338,,16.0,0.0,2.4,2.4,55.0,1,3,7.0,20.0,0.0,0,0,0,1,-3.0,20.0,6.666666666666667,0.0,20.0,6.666666666666667,0.0,22.0,22.0,6.666666666666667,6.666666666666667,0.16666666666666666,14.0,
2022,4,10,10,1.0,15.0,62,+1 Lap,,stroll,STR,18,Lance,Stroll,Canadian,aston_martin,Aston Martin,British,Emilia Romagna Grand Prix,2022-04-24,imola,Autodromo Enzo e Dino Ferrari,Italy,15.0,88.119,,15.0,0.0,2.4,2.4,55.0,1,3,18.0,0.0,0.0,0,0,0,1,0.0,0.0,12.333333333333334,0.0,0.0,12.333333333333334,0.0,0.0,0.0,12.0,12.0,0.16666666666666666,6.0,
2022,4,8,8,4.0,13.0,63,Finished,+1:10.892,vettel,VET,5,Sebastian,Vettel,German,aston_martin,Aston Martin,British,Emilia Romagna Grand Prix,2022-04-24,imola,Autodromo Enzo e Dino Ferrari,Italy,9.0,91.062,91.062,13.0,0.0,2.4,2.4,55.0,1,3,,0.0,0.0,0,0,0,1,4.0,0.0,19.0,1.0,0.0,19.0,1.0,0.0,0.0,12.0,12.0,0.16666666666666666,0.0,
2022,4,6,6,8.0,2.0,63,Finished,+56.072,leclerc,LEC,16,Charles,Leclerc,Monegasque,ferrari,Ferrari,Italian,Emilia Romagna Grand Prix,2022-04-24,imola,Autodromo Enzo e Dino Ferrari,Italy,2.0,88.77799999999999,88.77799999999999,2.0,7.0,2.4,2.4,55.0,1,3,1.0,71.0,2.0,0,0,0,1,0.0,71.0,1.3333333333333333,0.0,71.0,1.3333333333333333,0.0,104.0,104.0,1.3333333333333333,1.3333333333333333,0.16666666666666666,0.0,
2022,4,20,R,0.0,4.0,0,Collision,,sainz,SAI,55,Carlos,Sainz,Spanish,ferrari,Ferrari,Italian,Emilia Romagna Grand Prix,2022-04-24,imola,Autodromo Enzo e Dino Ferrari,Italy,10.0,78.99,,4.0,5.0,2.4,2.4,55.0,1,3,3.0,33.0,0.0,1,0,0,1,-6.0,33.0,8.333333333333334,0.3333333333333333,33.0,8.333333333333334,0.3333333333333333,104.0,104.0,1.3333333333333333,1.3333333333333333,0.16666666666666666,8.0,
2022,4,9,9,2.0,8.0,63,Finished,+1:15.260,kevin_magnussen,MAG,20,Kevin,Magnussen,Danish,haas,Haas F1 Team,American,Emilia Romagna Grand Prix,2022-04-24,imola,Autodromo Enzo e Dino Ferrari,Italy,4.0,89.164,89.164,8.0,1.0,2.4,2.4,55.0,1,3,9.0,12.0,0.0,0,0,0,1,4.0,12.0,9.333333333333334,0.0,12.0,9.333333333333334,0.0,12.0,12.0,9.0,9.0,0.16666666666666666,0.0,
2022,4,17,17,0.0,10.0,62,+1 Lap,,mick_schumacher,MSC,47,Mick,Schumacher,German,haas,Haas F1 Team,American,Emilia Romagna Grand Prix,2022-04-24,imola,Autodromo Enzo e Dino Ferrari,Italy,12.0,80.916,,10.0,0.0,2.4,2.4,55.0,1,3,17.0,0.0,0.0,0,0,0,1,-2.0,0.0,14.666666666666666,0.3333333333333333,0.0,14.666666666666666,0.3333333333333333,12.0,12.0,9.0,9.0,0.16666666666666666,8.0,
2022,4,3,3,15.0,5.0,63,Finished,+34.834,norris,NOR,1,Lando,Norris,British,mclaren,McLaren,British,Emilia Romagna Grand Prix,2022-04-24,imola,Autodromo Enzo e Dino Ferrari,Italy,3.0,89.131,89.131,5.0,4.0,2.4,2.4,55.0,1,3,8.0,16.0,0.0,0,0,1,1,2.0,16.0,9.0,0.0,16.0,9.0,0.0,24.0,24.0,8.666666666666666,8.666666666666666,0.16666666666666666,0.0,
2022,4,18,18,0.0,6.0,62,+1 Lap,,ricciardo,RIC,3,Daniel,Ricciardo,Australian,mclaren,McLaren,British,Emilia Romagna Grand Prix,2022-04-24,imola,Autodromo Enzo e Dino Ferrari,Italy,6.0,89.742,89.742,6.0,3.0,2.4,2.4,55.0,1,3,11.0,8.0,0.0,0,0,0,1,0.0,8.0,12.333333333333334,0.3333333333333333,8.0,12.333333333333334,0.3333333333333333,24.0,24.0,8.666666666666666,8.666666666666666,0.16666666666666666,3.0,
2022,4,13,13,0.0,14.0,62,+1 Lap,,hamilton,HAM,44,Lewis,Hamilton,British,mercedes,Mercedes,German,Emilia Romagna Grand Prix,2022-04-24,imola,Autodromo Enzo e Dino Ferrari,Italy,13.0,81.138,,14.0,0.0,2.4,2.4,55.0,1,3,5.0,28.0,0.0,0,0,0,1,1.0,28.0,5.666666666666667,0.0,28.0,5.666666666666667,0.0,65.0,65.0,3.6666666666666665,3.6666666666666665,0.0,2.0,
2022,4,4,4,12.0,11.0,63,Finished,+42.506,russell,RUS,63,George,Russell,British,mercedes,Mercedes,German,Emilia Romagna Grand Prix,2022-04-24,imola,Autodromo Enzo e Dino Ferrari,Italy,11.0,80.757,,11.0,0.0,2.4,2.4,55.0,1,3,2.0,37.0,0.0,0,0,0,1,0.0,37.0,4.0,0.0,37.0,4.0,0.0,65.0,65.0,3.6666666666666665,3.6666666666666665,0.0,0.0,
2022,4,1,1,26.0,1.0,63,Finished,1:32:07.986,max_verstappen,VER,3,Max,Verstappen,Dutch,red_bull,Red Bull,Austrian,Emilia Romagna Grand Prix,2022-04-24,imola,Autodromo Enzo e Dino Ferrari,Italy,1.0,87.999,87.999,1.0,8.0,2.4,2.4,55.0,1,3,6.0,25.0,1.0,0,1,1,1,0.0,25.0,12.666666666666666,0.6666666666666666,25.0,12.666666666666666,0.6666666666666666,55.0,55.0,7.0,7.0,0.5,0.0,
2022,4,2,2,18.0,3.0,63,Finished,+16.527,perez,PER,11,Sergio,Pérez,Mexican,red_bull,Red Bull,Austrian,Emilia Romagna Grand Prix,2022-04-24,imola,Autodromo Enzo e Dino Ferrari,Italy,7.0,89.80799999999999,89.80799999999999,3.0,6.0,2.4,2.4,55.0,1,3,4.0,30.0,0.0,0,0,1,1,-4.0,30.0,8.0,0.3333333333333333,30.0,8.0,0.3333333333333333,55.0,55.0,7.0,7.0,0.5,6.0,
2022,4,11,11,0.0,18.0,62,+1 Lap,,albon,ALB,23,Alexander,Albon,Thai,williams,Williams,British,Emilia Romagna Grand Prix,2022-04-24,imola,Autodromo Enzo e Dino Ferrari,Italy,20.0,,,18.0,0.0,2.4,2.4,55.0,1,3,16.0,1.0,0.0,0,0,0,1,-2.0,1.0,12.333333333333334,0.3333333333333333,1.0,12.333333333333334,0.3333333333333333,1.0,1.0,12.333333333333334,12.333333333333334,0.3333333333333333,2.0,
2022,4,16,16,0.0,19.0,62,+1 Lap,,latifi,LAT,6,Nicholas,Latifi,Canadian,williams,Williams,British,Emilia Romagna Grand Prix,2022-04-24,imola,Autodromo Enzo e Dino Ferrari,Italy,18.0,81.971,,19.0,0.0,2.4,2.4,55.0,1,3,20.0,0.0,0.0,0,0,0,1,1.0,0.0,16.666666666666668,0.3333333333333333,0.0,16.666666666666668,0.3333333333333333,1.0,1.0,12.333333333333334,12.333333333333334,0.3333333333333333,0.0,
2022,5,7,7,6.0,5.0,57,Finished,+25.073,bottas,BOT,77,Valtteri,Bottas,Finnish,alfa,Alfa Romeo,Swiss,Miami Grand Prix,2022-05-08,miami,Miami International Autodrome,USA,5.0,89.475,89.475,-1.0,,4.9,4.9,63.0,1,4,8.0,24.0,0.0,0,0,0,0,0.0,14.0,9.333333333333334,0.3333333333333333,22.0,8.5,0.25,14.0,23.0,8.0,7.5,0.125,0.0,
2022,5,20,R,0.0,17.0,6,Water leak,,zhou,ZHO,24,Guanyu,Zhou,Chinese,alfa,Alfa Romeo,Swiss,Miami Grand Prix,2022-05-08,miami,Miami International Autodrome,USA,17.0,91.02,,-1.0,,4.9,4.9,63.0,1,4,16.0,1.0,0.0,1,0,0,0,0.0,0.0,12.333333333333334,0.0,1.0,11.75,0.0,14.0,23.0,8.0,7.5,0.125,12.0,
2022,5,18,R,0.0,7.0,45,Suspension,,gasly,GAS,10,Pierre,Gasly,French,alphatauri,AlphaTauri,Italian,Miami Grand Prix,2022-05-08,miami,Miami International Autodrome,USA,7.0,89.69,89.69,-1.0,,4.9,4.9,63.0,1,4,13.0,6.0,0.0,1,0,0,0,0.0,6.0,9.666666666666666,0.0,6.0,12.25,0.25,12.0,16.0,8.0,8.0,0.25,0.0,
2022,5,12,12,0.0,9.0,57,Finished,+40.146,tsunoda,TSU,22,Yuki,Tsunoda,Japanese,alphatauri,AlphaTauri,Italian,Miami Grand Prix,2022-05-08,miami,Miami International Autodrome,USA,9.0,89.932,89.932,-1.0,,4.9,4.9,63.0,1,4,12.0,10.0,0.0,0,0,0,0,0.0,6.0,13.666666666666666,0.3333333333333333,10.0,12.25,0.25,12.0,16.0,8.0,8.0,0.25,2.0,
2022,5,11,11,0.0,11.0,57,Finished,+37.128,alonso,ALO,14,Fernando,Alonso,Spanish,alpine,Alpine F1 Team,French,Miami Grand Prix,2022-05-08,miami,Miami International Autodrome,USA,11.0,90.16,,-1.0,,4.9,4.9,63.0,1,4,15.0,2.0,0.0,0,0,0,0,0.0,0.0,17.333333333333332,0.6666666666666666,2.0,15.25,0.5,14.0,22.0,9.0,8.5,0.25,0.0,
2022,5,8,8,4.0,20.0,57,Finished,+28.386,ocon,OCO,31,Esteban,Ocon,French,alpine,Alpine F1 Team,French,Miami Grand Prix,2022-05-08,miami,Miami International Autodrome,USA,20.0,,,-1.0,,4.9,4.9,63.0,1,4,9.0,20.0,0.0,0,0,0,0,0.0,14.0,9.0,0.0,20.0,8.5,0.0,14.0,22.0,9.0,8.5,0.25,9.0,
2022,5,10,10,1.0,,57,Finished,+37.026,stroll,STR,18,Lance,Stroll,Canadian,aston_martin,Aston Martin,British,Miami Grand Prix,2022-05-08,miami,Miami International Autodrome,USA,10.0,90.676,90.676,-1.0,,4.9,4.9,63.0,1,4,18.0,1.0,0.0,0,0,0,0,,1.0,11.666666666666666,0.0,1.0,11.75,0.0,5.0,5.0,10.666666666666666,11.0,0.125,0.0,
2022,5,17,17,0.0,,54,Collision,,vettel,VET,5,Sebastian,Vettel,German,aston_martin,Aston Martin,British,Miami Grand Prix,2022-05-08,miami,Miami International Autodrome,USA,13.0,90.214,,-1.0,,4.9,4.9,63.0,1,4,14.0,4.0,0.0,1,0,0,0,,4.0,13.5,0.5,4.0,13.5,0.5,5.0,5.0,10.666666666666666,11.0,0.125,3.0,
2022,5,2,2,18.0,1.0,57,Finished,+3.786,leclerc,LEC,16,Charles,Leclerc,Monegasque,ferrari,Ferrari,Italian,Miami Grand Prix,2022-05-08,miami,Miami International Autodrome,USA,1.0,88.79599999999999,88.79599999999999,-1.0,,4.9,4.9,63.0,1,4,1.0,86.0,2.0,0,0,1,0,0.0,53.0,3.0,0.0,79.0,2.5,0.0,68.0,112.0,3.0,2.5,0.25,0.0,
2022,5,3,3,15.0,2.0,57,Finished,+8.229,sainz,SAI,55,Carlos,Sainz,Spanish,ferrari,Ferrari,Italian,Miami Grand Prix,2022-05-08,miami,Miami International Autodrome,USA,2.0,88.986,88.986,-1.0,,4.9,4.9,63.0,1,4,5.0,38.0,0.0,0,0,1,0,0.0,15.0,14.333333333333334,0.6666666666666666,33.0,11.25,0.5,68.0,112.0,3.0,2.5,0.25,1.0,
2022,5,16,16,0.0,16.0,56,Front wing,,kevin_magnussen,MAG,20,Kevin,Magnussen,Danish,haas,Haas F1 Team,American,Miami Grand Prix,2022-05-08,miami,Miami International Autodrome,USA,16.0,90.975,,-1.0,,4.9,4.9,63.0,1,4,10.0,15.0,0.0,1,0,0,0,0.0,4.0,10.666666666666666,0.0,14.0,9.25,0.0,4.0,14.0,10.333333333333334,9.0,0.125,1.0,
2022,5,15,15,0.0,15.0,57,Finished,+1:13.305,mick_schumacher,MSC,47,Mick,Schumacher,German,haas,Haas F1 Team,American,Miami Grand Prix,2022-05-08,miami,Miami International Autodrome,USA,15.0,90.423,,-1.0,,4.9,4.9,63.0,1,4,19.0,0.0,0.0,0,0,0,0,0.0,0.0,16.666666666666668,0.3333333333333333,0.0,15.25,0.25,4.0,14.0,10.333333333333334,9.0,0.125,0.0,
2022,5,19,R,0.0,8.0,39,Collision,,norris,NOR,1,Lando,Norris,British,mclaren,McLaren,British,Miami Grand Prix,2022-05-08,miami,Miami International Autodrome,USA,8.0,89.75,89.75,-1.0,,4.9,4.9,63.0,1,4,6.0,35.0,0.0,1,0,0,0,0.0,31.0,5.0,0.0,31.0,7.5,0.0,39.0,39.0,5.0,7.25,0.125,0.0,
2022,5,13,13,0.0,14.0,57,Finished,+40.902,ricciardo,RIC,3,Daniel,Ricciardo,Australian,mclaren,McLaren,British,Miami Grand Prix,2022-05-08,miami,Miami International Autodrome,USA,14.0,90.31,,-1.0,,4.9,4.9,63.0,1,4,11.0,11.0,0.0,0,0,0,0,0.0,8.0,13.666666666666666,0.3333333333333333,8.0,13.75,0.25,39.0,39.0,5.0,7.25,0.125,6.0,
2022,5,6,6,8.0,6.0,57,Finished,+21.368,hamilton,HAM,44,Lewis,Hamilton,British,mercedes,Mercedes,German,Miami Grand Prix,2022-05-08,miami,Miami International Autodrome,USA,6.0,89.625,89.625,-1.0,,4.9,4.9,63.0,1,4,7.0,28.0,0.0,0,0,0,0,0.0,13.0,9.0,0.0,28.0,7.5,0.0,50.0,77.0,4.0,3.75,0.0,0.0,
2022,5,5,5,10.0,12.0,57,Finished,+18.582,russell,RUS,63,George,Russell,British,mercedes,Mercedes,German,Miami Grand Prix,2022-05-08,miami,Miami International Autodrome,USA,12.0,90.173,,-1.0,,4.9,4.9,63.0,1,4,4.0,49.0,0.0,0,0,0,0,0.0,37.0,4.0,0.0,49.0,4.0,0.0,50.0,77.0,4.0,3.75,0.0,6.0,
2022,5,1,1,26.0,3.0,57,Finished,1:34:24.258,max_verstappen,VER,3,Max,Verstappen,Dutch,red_bull,Red Bull,Austrian,Miami Grand Prix,2022-05-08,miami,Miami International Autodrome,USA,3.0,88.991,88.991,-1.0,,4.9,4.9,63.0,1,4,2.0,59.0,2.0,0,1,1,0,0.0,51.0,6.666666666666667,0.3333333333333333,51.0,9.75,0.5,99.0,99.0,1.3333333333333333,5.5,0.375,0.0,
2022,5,4,4,12.0,4.0,57,Finished,+10.638,perez,PER,11,Sergio,Pérez,Mexican,red_bull,Red Bull,Austrian,Miami Grand Prix,2022-05-08,miami,Miami International Autodrome,USA,4.0,89.036,89.036,-1.0,,4.9,4.9,63.0,1,4,3.0,54.0,0.0,0,0,0,0,0.0,48.0,2.6666666666666665,0.0,48.0,6.5,0.25,99.0,99.0,1.3333333333333333,5.5,0.375,1.0,
2022,5,9,9,2.0,18.0,57,Finished,+32.365,albon,ALB,23,Alexander,Albon,Thai,williams,Williams,British,Miami Grand Prix,2022-05-08,miami,Miami International Autodrome,USA,18.0,91.26599999999999,,-1.0,,4.9,4.9,63.0,1,4,17.0,1.0,0.0,0,0,0,0,0.0,1.0,11.666666666666666,0.3333333333333333,1.0,12.0,0.25,1.0,1.0,11.666666666666666,12.0,0.25,0.0,
2022,5,14,14,0.0,19.0,57,Finished,+49.936,latifi,LAT,6,Nicholas,Latifi,Canadian,williams,Williams,British,Miami Grand Prix,2022-05-08,miami,Miami International Autodrome,USA,19.0,91.325,,-1.0,,4.9,4.9,63.0,1,4,21.0,0.0,0.0,0,0,0,0,0.0,0.0,16.666666666666668,0.3333333333333333,0.0,16.5,0.25,1.0,1.0,11.666666666666666,12.0,0.25,1.0,
2022,6,6,6,8.0,7.0,66,Finished,+59.976,bottas,BOT,77,Valtteri,Bottas,Finnish,alfa,Alfa Romeo,Swiss,Spanish Grand Prix,2022-05-22,catalunya,Circuit de Barcelona-Catalunya,Spain,7.0,79.608,79.608,-1.0,,0.0,0.0,3.0,0,5,8.0,30.0,0.0,0,0,0,0,0.0,20.0,6.666666666666667,0.0,28.0,8.2,0.2,20.0,29.0,6.666666666666667,7.4,0.2,0.0,
2022,6,19,R,0.0,15.0,28,Power loss,,zhou,ZHO,24,Guanyu,Zhou,Chinese,alfa,Alfa Romeo,Swiss,Spanish Grand Prix,2022-05-22,catalunya,Circuit de Barcelona-Catalunya,Spain,15.0,81.094,,-1.0,,0.0,0.0,3.0,0,5,18.0,1.0,0.0,1,0,0,0,0.0,0.0,15.333333333333334,0.3333333333333333,1.0,13.4,0.2,20.0,29.0,6.666666666666667,7.4,0.2,8.0,
2022,6,13,13,0.0,14.0,65,+1 Lap,,gasly,GAS,10,Pierre,Gasly,French,alphatauri,AlphaTauri,Italian,Spanish Grand Prix,2022-05-22,catalunya,Circuit de Barcelona-Catalunya,Spain,14.0,80.861,,-1.0,,0.0,0.0,3.0,0,5,13.0,6.0,0.0,0,0,0,0,0.0,2.0,13.0,0.3333333333333333,6.0,13.4,0.4,8.0,16.0,9.333333333333334,8.8,0.3,1.0,
2022,6,10,10,1.0,13.0,65,+1 Lap,,tsunoda,TSU,22,Yuki,Tsunoda,Japanese,alphatauri,AlphaTauri,Italian,Spanish Grand Prix,2022-05-22,catalunya,Circuit de Barcelona-Catalunya,Spain,13.0,80.639,,-1.0,,0.0,0.0,3.0,0,5,12.0,10.0,0.0,0,0,0,0,0.0,6.0,11.333333333333334,0.0,10.0,12.2,0.2,8.0,16.0,9.333333333333334,8.8,0.3,0.0,
2022,6,9,9,2.0,20.0,65,+1 Lap,,alonso,ALO,14,Fernando,Alonso,Spanish,alpine,Alpine F1 Team,French,Spanish Grand Prix,2022-05-22,catalunya,Circuit de Barcelona-Catalunya,Spain,17.0,81.043,,-1.0,,0.0,0.0,3.0,0,5,16.0,2.0,0.0,0,0,0,0,3.0,0.0,15.666666666666666,0.3333333333333333,2.0,14.4,0.4,10.0,26.0,9.666666666666666,8.4,0.2,5.0,
2022,6,7,7,6.0,12.0,66,Finished,+1:15.397,ocon,OCO,31,Esteban,Ocon,French,alpine,Alpine F1 Team,French,Spanish Grand Prix,2022-05-22,catalunya,Circuit de Barcelona-Catalunya,Spain,12.0,80.638,,-1.0,,0.0,0.0,3.0,0,5,9.0,24.0,0.0,0,0,0,0,0.0,10.0,9.666666666666666,0.0,24.0,8.4,0.0,10.0,26.0,9.666666666666666,8.4,0.2,0.0,
2022,6,15,15,0.0,17.0,65,+1 Lap,,stroll,STR,18,Lance,Stroll,Canadian,aston_martin,Aston Martin,British,Spanish Grand Prix,2022-05-22,catalunya,Circuit de Barcelona-Catalunya,Spain,18.0,81.418,,-1.0,,0.0,0.0,3.0,0,5,17.0,2.0,0.0,0,0,0,0,-1.0,2.0,10.666666666666666,0.0,2.0,11.4,0.0,6.0,6.0,10.0,10.8,0.2,2.0,
2022,6,11,11,0.0,16.0,65,+1 Lap,,vettel,VET,5,Sebastian,Vettel,German,aston_martin,Aston Martin,British,Spanish Grand Prix,2022-05-22,catalunya,Circuit de Barcelona-Catalunya,Spain,16.0,80.95400000000001,,-1.0,,0.0,0.0,3.0,0,5,14.0,4.0,0.0,0,0,0,0,0.0,4.0,14.666666666666666,0.6666666666666666,4.0,14.666666666666666,0.6666666666666666,6.0,6.0,10.0,10.8,0.2,0.0,
2022,6,20,R,0.0,1.0,27,Turbo,,leclerc,LEC,16,Charles,Leclerc,Monegasque,ferrari,Ferrari,Italian,Spanish Grand Prix,2022-05-22,catalunya,Circuit de Barcelona-Catalunya,Spain,1.0,78.75,78.75,-1.0,,0.0,0.0,3.0,0,5,1.0,104.0,2.0,1,0,0,0,0.0,52.0,3.0,0.0,97.0,2.4,0.0,67.0,145.0,3.0,2.4,0.2,0.0,
2022,6,4,4,12.0,3.0,66,Finished,+45.208,sainz,SAI,55,Carlos,Sainz,Spanish,ferrari,Ferrari,Italian,Spanish Grand Prix,2022-05-22,catalunya,Circuit de Barcelona-Catalunya,Spain,3.0,79.166,79.166,-1.0,,0.0,0.0,3.0,0,5,5.0,53.0,0.0,0,0,0,0,0.0,15.0,14.333333333333334,0.6666666666666666,48.0,9.6,0.4,67.0,145.0,3.0,2.4,0.2,2.0,
2022,6,17,17,0.0,8.0,64,+2 Laps,,kevin_magnussen,MAG,20,Kevin,Magnussen,Danish,haas,Haas F1 Team,American,Spanish Grand Prix,2022-05-22,catalunya,Circuit de Barcelona-Catalunya,Spain,8.0,79.682,79.682,-1.0,,0.0,0.0,3.0,0,5,10.0,15.0,0.0,0,0,0,0,0.0,2.0,13.0,0.3333333333333333,14.0,10.6,0.2,2.0,14.0,12.333333333333334,10.2,0.2,0.0,
2022,6,14,14,0.0,10.0,65,+1 Lap,,mick_schumacher,MSC,47,Mick,Schumacher,German,haas,Haas F1 Team,American,Spanish Grand Prix,2022-05-22,catalunya,Circuit de Barcelona-Catalunya,Spain,10.0,80.368,80.368,-1.0,,0.0,0.0,3.0,0,5,19.0,0.0,0.0,0,0,0,0,0.0,0.0,15.0,0.0,0.0,15.2,0.2,2.0,14.0,12.333333333333334,10.2,0.2,2.0,
2022,6,8,8,4.0,11.0,66,Finished,+1:23.235,norris,NOR,1,Lando,Norris,British,mclaren,McLaren,British,Spanish Grand Prix,2022-05-22,catalunya,Circuit de Barcelona-Catalunya,Spain,11.0,80.471,,-1.0,,0.0,0.0,3.0,0,5,7.0,35.0,0.0,0,0,0,0,0.0,25.0,9.0,0.3333333333333333,31.0,9.8,0.2,33.0,39.0,7.0,8.4,0.2,2.0,
2022,6,12,12,0.0,9.0,65,+1 Lap,,ricciardo,RIC,3,Daniel,Ricciardo,Australian,mclaren,McLaren,British,Spanish Grand Prix,2022-05-22,catalunya,Circuit de Barcelona-Catalunya,Spain,9.0,80.297,80.297,-1.0,,0.0,0.0,3.0,0,5,11.0,11.0,0.0,0,0,0,0,0.0,8.0,12.333333333333334,0.0,8.0,13.6,0.2,33.0,39.0,7.0,8.4,0.2,0.0,
2022,6,5,5,10.0,6.0,66,Finished,+54.534,hamilton,HAM,44,Lewis,Hamilton,British,mercedes,Mercedes,German,Spanish Grand Prix,2022-05-22,catalunya,Circuit de Barcelona-Catalunya,Spain,6.0,79.512,79.512,-1.0,,0.0,0.0,3.0,0,5,6.0,36.0,0.0,0,0,0,0,0.0,20.0,7.666666666666667,0.0,36.0,7.2,0.0,57.0,95.0,4.0,4.0,0.0,2.0,
2022,6,3,3,15.0,4.0,66,Finished,+32.927,russell,RUS,63,George,Russell,British,mercedes,Mercedes,German,Spanish Grand Prix,2022-05-22,catalunya,Circuit de Barcelona-Catalunya,Spain,4.0,79.393,79.393,-1.0,,0.0,0.0,3.0,0,5,4.0,59.0,0.0,0,0,1,0,0.0,37.0,4.0,0.0,59.0,4.2,0.0,57.0,95.0,4.0,4.0,0.0,0.0,
2022,6,1,1,25.0,2.0,66,Finished,1:37:20.475,max_verstappen,VER,3,Max,Verstappen,Dutch,red_bull,Red Bull,Austrian,Spanish Grand Prix,2022-05-22,catalunya,Circuit de Barcelona-Catalunya,Spain,2.0,79.07300000000001,79.07300000000001,-1.0,,0.0,0.0,3.0,0,5,2.0,85.0,3.0,0,1,1,0,0.0,52.0,6.666666666666667,0.3333333333333333,77.0,8.0,0.4,100.0,137.0,1.3333333333333333,4.6,0.3,0.0,
2022,6,2,2,19.0,5.0,66,Finished,+13.072,perez,PER,11,Sergio,Pérez,Mexican,red_bull,Red Bull,Austrian,Spanish Grand Prix,2022-05-22,catalunya,Circuit de Barcelona-Catalunya,Spain,5.0,79.42,79.42,-1.0,,0.0,0.0,3.0,0,5,3.0,66.0,0.0,0,0,1,0,0.0,48.0,2.6666666666666665,0.0,60.0,6.0,0.2,100.0,137.0,1.3333333333333333,4.6,0.3,3.0,
2022,6,18,18,0.0,18.0,64,+2 Laps,,albon,ALB,23,Alexander,Albon,Thai,williams,Williams,British,Spanish Grand Prix,2022-05-22,catalunya,Circuit de Barcelona-Catalunya,Spain,19.0,81.645,,-1.0,,0.0,0.0,3.0,0,5,15.0,3.0,0.0,0,0,0,0,-1.0,3.0,10.0,0.0,3.0,11.4,0.2,3.0,3.0,10.0,11.4,0.2,0.0,
2022,6,16,16,0.0,19.0,64,+2 Laps,,latifi,LAT,6,Nicholas,Latifi,Canadian,williams,Williams,British,Spanish Grand Prix,2022-05-22,catalunya,Circuit de Barcelona-Catalunya,Spain,20.0,81.91499999999999,,-1.0,,0.0,0.0,3.0,0,5,21.0,0.0,0.0,0,0,0,0,-1.0,0.0,15.333333333333334,0.0,0.0,16.0,0.2,3.0,3.0,10.0,11.4,0.2,1.0,
2022,7,9,9,2.0,12.0,64,Finished,+52.525,bottas,BOT,77,Valtteri,Bottas,Finnish,alfa,Alfa Romeo,Swiss,Monaco Grand Prix,2022-05-29,monaco,Circuit de Monaco,Monaco,12.0,72.909,,-1.0,,3.5,3.5,61.0,1,6,8.0,38.0,0.0,0,0,0,0,0.0,24.0,6.0,0.0,28.0,8.2,0.2,24.0,28.0,6.0,7.4,0.3,0.0,
2022,7,16,16,0.0,20.0,63,+1 Lap,,zhou,ZHO,24,Guanyu,Zhou,Chinese,alfa,Alfa Romeo,Swiss,Monaco Grand Prix,2022-05-29,monaco,Circuit de Monaco,Monaco,20.0,75.606,,-1.0,,3.5,3.5,61.0,1,6,18.0,1.0,0.0,0,0,0,0,0.0,0.0,18.0,0.6666666666666666,0.0,15.2,0.4,24.0,28.0,6.0,7.4,0.3,8.0,
2022,7,11,11,0.0,17.0,64,Finished,+54.289,gasly,GAS,10,Pierre,Gasly,French,alphatauri,AlphaTauri,Italian,Monaco Grand Prix,2022-05-29,monaco,Circuit de Monaco,Monaco,17.0,73.66,,-1.0,,3.5,3.5,61.0,1,6,13.0,6.0,0.0,0,0,0,0,0.0,0.0,14.333333333333334,0.3333333333333333,6.0,12.0,0.2,7.0,13.0,9.666666666666666,9.2,0.2,6.0,
2022,7,17,17,0.0,11.0,63,+1 Lap,,tsunoda,TSU,22,Yuki,Tsunoda,Japanese,alphatauri,AlphaTauri,Italian,Monaco Grand Prix,2022-05-29,monaco,Circuit de Monaco,Monaco,11.0,72.797,,-1.0,,3.5,3.5,61.0,1,6,12.0,11.0,0.0,0,0,0,0,0.0,7.0,9.666666666666666,0.0,7.0,12.6,0.2,7.0,13.0,9.666666666666666,9.2,0.2,0.0,
2022,7,7,7,6.0,7.0,64,Finished,+46.358,alonso,ALO,14,Fernando,Alonso,Spanish,alpine,Alpine F1 Team,French,Monaco Grand Prix,2022-05-29,monaco,Circuit de Monaco,Monaco,7.0,72.247,72.247,-1.0,,3.5,3.5,61.0,1,6,15.0,4.0,0.0,0,0,0,0,0.0,2.0,13.0,0.3333333333333333,2.0,14.4,0.4,12.0,26.0,9.666666666666666,8.4,0.2,0.0,
2022,7,12,12,0.0,10.0,64,Finished,+55.644,ocon,OCO,31,Esteban,Ocon,French,alpine,Alpine F1 Team,French,Monaco Grand Prix,2022-05-29,monaco,Circuit de Monaco,Monaco,10.0,73.047,73.047,-1.0,,3.5,3.5,61.0,1,6,9.0,30.0,0.0,0,0,0,0,0.0,10.0,9.666666666666666,0.0,24.0,8.4,0.0,12.0,26.0,9.666666666666666,8.4,0.2,3.0,
2022,7,14,14,0.0,18.0,64,Finished,+1:00.802,stroll,STR,18,Lance,Stroll,Canadian,aston_martin,Aston Martin,British,Monaco Grand Prix,2022-05-29,monaco,Circuit de Monaco,Monaco,18.0,73.678,,-1.0,,3.5,3.5,61.0,1,6,17.0,2.0,0.0,0,0,0,0,0.0,2.0,11.666666666666666,0.0,2.0,12.0,0.0,6.0,6.0,9.666666666666666,10.6,0.2,9.0,
2022,7,10,10,1.0,9.0,64,Finished,+53.536,vettel,VET,5,Sebastian,Vettel,German,aston_martin,Aston Martin,British,Monaco Grand Prix,2022-05-29,monaco,Circuit de Monaco,Monaco,9.0,72.732,72.732,-1.0,,3.5,3.5,61.0,1,6,14.0,4.0,0.0,0,0,0,0,0.0,4.0,12.0,0.3333333333333333,4.0,13.75,0.5,6.0,6.0,9.666666666666666,10.6,0.2,0.0,
2022,7,4,4,12.0,1.0,64,Finished,+2.922,leclerc,LEC,16,Charles,Leclerc,Monegasque,ferrari,Ferrari,Italian,Monaco Grand Prix,2022-05-29,monaco,Circuit de Monaco,Monaco,1.0,71.376,71.376,-1.0,,3.5,3.5,61.0,1,6,2.0,104.0,2.0,0,0,0,0,0.0,26.0,9.333333333333334,0.3333333333333333,71.0,6.2,0.2,53.0,113.0,4.0,3.0,0.3,0.0,
2022,7,2,2,18.0,2.0,64,Finished,+1.154,sainz,SAI,55,Carlos,Sainz,Spanish,ferrari,Ferrari,Italian,Monaco Grand Prix,2022-05-29,monaco,Circuit de Monaco,Monaco,2.0,71.601,71.601,-1.0,,3.5,3.5,61.0,1,6,5.0,65.0,0.0,0,0,1,0,0.0,27.0,9.0,0.3333333333333333,42.0,10.0,0.4,53.0,113.0,4.0,3.0,0.3,1.0,
2022,7,20,R,0.0,13.0,19,Water pressure,,kevin_magnussen,MAG,20,Kevin,Magnussen,Danish,haas,Haas F1 Team,American,Monaco Grand Prix,2022-05-29,monaco,Circuit de Monaco,Monaco,13.0,72.92099999999999,,-1.0,,3.5,3.5,61.0,1,6,10.0,15.0,0.0,1,0,0,0,0.0,2.0,14.0,0.3333333333333333,4.0,13.0,0.2,2.0,4.0,12.666666666666666,12.0,0.2,0.0,
2022,7,19,R,0.0,15.0,24,Accident,,mick_schumacher,MSC,47,Mick,Schumacher,German,haas,Haas F1 Team,American,Monaco Grand Prix,2022-05-29,monaco,Circuit de Monaco,Monaco,15.0,73.081,,-1.0,,3.5,3.5,61.0,1,6,19.0,0.0,0.0,1,0,0,0,0.0,0.0,15.333333333333334,0.0,0.0,15.8,0.2,2.0,4.0,12.666666666666666,12.0,0.2,2.0,
2022,7,6,6,9.0,5.0,64,Finished,+12.231,norris,NOR,1,Lando,Norris,British,mclaren,McLaren,British,Monaco Grand Prix,2022-05-29,monaco,Circuit de Monaco,Monaco,5.0,71.849,71.849,-1.0,,3.5,3.5,61.0,1,6,7.0,39.0,0.0,0,0,0,0,0.0,19.0,10.0,0.3333333333333333,35.0,8.4,0.2,19.0,43.0,8.0,7.2,0.2,0.0,
2022,7,13,13,0.0,14.0,64,Finished,+57.635,ricciardo,RIC,3,Daniel,Ricciardo,Australian,mclaren,McLaren,British,Monaco Grand Prix,2022-05-29,monaco,Circuit de Monaco,Monaco,14.0,72.964,,-1.0,,3.5,3.5,61.0,1,6,11.0,11.0,0.0,0,0,0,0,0.0,0.0,14.333333333333334,0.0,8.0,13.2,0.2,19.0,43.0,8.0,7.2,0.2,9.0,
2022,7,8,8,4.0,8.0,64,Finished,+50.388,hamilton,HAM,44,Lewis,Hamilton,British,mercedes,Mercedes,German,Monaco Grand Prix,2022-05-29,monaco,Circuit de Monaco,Monaco,8.0,72.56,72.56,-1.0,,3.5,3.5,61.0,1,6,6.0,46.0,0.0,0,0,0,0,0.0,18.0,8.0,0.0,31.0,7.6,0.0,55.0,93.0,4.0,4.0,0.0,2.0,
2022,7,5,5,10.0,6.0,64,Finished,+11.968,russell,RUS,63,George,Russell,British,mercedes,Mercedes,German,Monaco Grand Prix,2022-05-29,monaco,Circuit de Monaco,Monaco,6.0,72.112,72.112,-1.0,,3.5,3.5,61.0,1,6,4.0,74.0,0.0,0,0,0,0,0.0,37.0,4.0,0.0,62.0,4.0,0.0,55.0,93.0,4.0,4.0,0.0,0.0,
2022,7,3,3,15.0,4.0,64,Finished,+1.491,max_verstappen,VER,3,Max,Verstappen,Dutch,red_bull,Red Bull,Austrian,Monaco Grand Prix,2022-05-29,monaco,Circuit de Monaco,Monaco,4.0,71.666,71.666,-1.0,,3.5,3.5,61.0,1,6,1.0,110.0,4.0,0,0,1,0,0.0,77.0,1.0,0.0,102.0,4.4,0.2,126.0,181.0,1.0,1.2,0.1,1.0,
2022,7,1,1,25.0,3.0,64,Finished,1:56:30.265,perez,PER,11,Sergio,Pérez,Mexican,red_bull,Red Bull,Austrian,Monaco Grand Prix,2022-05-29,monaco,Circuit de Monaco,Monaco,3.0,71.629,71.629,-1.0,,3.5,3.5,61.0,1,6,3.0,85.0,0.0,0,1,1,0,0.0,49.0,2.6666666666666665,0.0,79.0,2.8,0.0,126.0,181.0,1.0,1.2,0.1,0.0,
2022,7,18,R,0.0,16.0,48,Mechanical,,albon,ALB,23,Alexander,Albon,Thai,williams,Williams,British,Monaco Grand Prix,2022-05-29,monaco,Circuit de Monaco,Monaco,16.0,73.611,,-1.0,,3.5,3.5,61.0,1,6,16.0,3.0,0.0,1,0,0,0,0.0,2.0,12.666666666666666,0.0,3.0,12.4,0.2,2.0,3.0,12.0,12.0,0.2,0.0,
2022,7,15,15,0.0,19.0,63,+1 Lap,,latifi,LAT,6,Nicholas,Latifi,Canadian,williams,Williams,British,Monaco Grand Prix,2022-05-29,monaco,Circuit de Monaco,Monaco,19.0,74.403,,-1.0,,3.5,3.5,61.0,1,6,21.0,0.0,0.0,0,0,0,0,0.0,0.0,15.333333333333334,0.0,0.0,16.0,0.2,2.0,3.0,12.0,12.0,0.2,3.0,
2022,8,11,11,0.0,15.0,50,+1 Lap,,bottas,BOT,77,Valtteri,Bottas,Finnish,alfa,Alfa Romeo,Swiss,Azerbaijan Grand Prix,2022-06-12,baku,Baku City Circuit,Azerbaijan,15.0,104.444,,-1.0,,0.0,0.0,3.0,0,7,8.0,40.0,0.0,0,0,0,0,0.0,16.0,7.333333333333333,0.0,30.0,7.0,0.0,16.0,30.0,7.333333333333333,7.0,0.2,1.0,
2022,8,18,R,0.0,14.0,23,Hydraulics,,zhou,ZHO,24,Guanyu,Zhou,Chinese,alfa,Alfa Romeo,Swiss,Azerbaijan Grand Prix,2022-06-12,baku,Baku City Circuit,Azerbaijan,14.0,103.78999999999999,,-1.0,,0.0,0.0,3.0,0,7,18.0,1.0,0.0,1,0,0,0,0.0,0.0,18.333333333333332,0.6666666666666666,0.0,16.2,0.4,16.0,30.0,7.333333333333333,7.0,0.2,0.0,
2022,8,5,5,10.0,6.0,51,Finished,+1:17.299,gasly,GAS,10,Pierre,Gasly,French,alphatauri,AlphaTauri,Italian,Azerbaijan Grand Prix,2022-06-12,baku,Baku City Circuit,Azerbaijan,6.0,102.845,102.845,-1.0,,0.0,0.0,3.0,0,7,14.0,6.0,0.0,0,0,0,0,0.0,0.0,14.0,0.3333333333333333,2.0,12.6,0.2,1.0,9.0,11.0,9.8,0.1,0.0,
2022,8,13,13,0.0,8.0,50,+1 Lap,,tsunoda,TSU,22,Yuki,Tsunoda,Japanese,alphatauri,AlphaTauri,Italian,Azerbaijan Grand Prix,2022-06-12,baku,Baku City Circuit,Azerbaijan,8.0,103.056,103.056,-1.0,,0.0,0.0,3.0,0,7,12.0,11.0,0.0,0,0,0,0,0.0,1.0,13.0,0.0,7.0,12.2,0.0,1.0,9.0,11.0,9.8,0.1,2.0,
2022,8,7,7,6.0,10.0,51,Finished,+1:28.596,alonso,ALO,14,Fernando,Alonso,Spanish,alpine,Alpine F1 Team,French,Azerbaijan Grand Prix,2022-06-12,baku,Baku City Circuit,Azerbaijan,10.0,103.173,103.173,-1.0,,0.0,0.0,3.0,0,7,13.0,10.0,0.0,0,0,0,0,0.0,8.0,9.0,0.0,8.0,12.6,0.2,18.0,24.0,7.333333333333333,8.6,0.1,0.0,
2022,8,10,10,1.0,13.0,51,Finished,+1:48.184,ocon,OCO,31,Esteban,Ocon,French,alpine,Alpine F1 Team,French,Azerbaijan Grand Prix,2022-06-12,baku,Baku City Circuit,Azerbaijan,13.0,103.58500000000001,,-1.0,,0.0,0.0,3.0,0,7,9.0,30.0,0.0,0,0,0,0,0.0,10.0,9.0,0.0,16.0,9.6,0.0,18.0,24.0,7.333333333333333,8.6,0.1,3.0,
2022,8,16,16,0.0,19.0,46,Vibrations,,stroll,STR,18,Lance,Stroll,Canadian,aston_martin,Aston Martin,British,Azerbaijan Grand Prix,2022-06-12,baku,Baku City Circuit,Azerbaijan,19.0,105.37100000000001,,-1.0,,0.0,0.0,3.0,0,7,17.0,2.0,0.0,1,0,0,0,0.0,1.0,13.0,0.0,2.0,12.2,0.0,2.0,7.0,10.333333333333334,10.2,0.2,10.0,
2022,8,6,6,8.0,9.0,51,Finished,+1:24.099,vettel,VET,5,Sebastian,Vettel,German,aston_martin,Aston Martin,British,Azerbaijan Grand Prix,2022-06-12,baku,Baku City Circuit,Azerbaijan,9.0,103.09100000000001,103.09100000000001,-1.0,,0.0,0.0,3.0,0,7,15.0,5.0,0.0,0,0,0,0,0.0,1.0,12.666666666666666,0.3333333333333333,5.0,13.0,0.4,2.0,7.0,10.333333333333334,10.2,0.2,0.0,
2022,8,19,R,0.0,1.0,21,Power Unit,,leclerc,LEC,16,Charles,Leclerc,Monegasque,ferrari,Ferrari,Italian,Azerbaijan Grand Prix,2022-06-12,baku,Baku City Circuit,Azerbaijan,1.0,101.35900000000001,101.35900000000001,-1.0,,0.0,0.0,3.0,0,7,2.0,116.0,2.0,1,0,0,0,0.0,30.0,8.666666666666666,0.3333333333333333,64.0,6.6,0.2,75.0,109.0,2.6666666666666665,3.0,0.3,0.0,
2022,8,20,R,0.0,4.0,8,Hydraulics,,sainz,SAI,55,Carlos,Sainz,Spanish,ferrari,Ferrari,Italian,Azerbaijan Grand Prix,2022-06-12,baku,Baku City Circuit,Azerbaijan,4.0,101.814,101.814,-1.0,,0.0,0.0,3.0,0,7,5.0,83.0,0.0,1,0,0,0,0.0,45.0,3.0,0.0,45.0,9.8,0.4,75.0,109.0,2.6666666666666665,3.0,0.3,3.0,
2022,8,17,R,0.0,16.0,31,Power Unit,,kevin_magnussen,MAG,20,Kevin,Magnussen,Danish,haas,Haas F1 Team,American,Azerbaijan Grand Prix,2022-06-12,baku,Baku City Circuit,Azerbaijan,16.0,104.643,,-1.0,,0.0,0.0,3.0,0,7,10.0,15.0,0.0,1,0,0,0,0.0,0.0,17.666666666666668,0.6666666666666666,2.0,15.2,0.4,0.0,2.0,16.0,14.0,0.3,0.0,
2022,8,14,14,0.0,20.0,50,+1 Lap,,mick_schumacher,MSC,47,Mick,Schumacher,German,haas,Haas F1 Team,American,Azerbaijan Grand Prix,2022-06-12,baku,Baku City Circuit,Azerbaijan,20.0,105.775,,-1.0,,0.0,0.0,3.0,0,7,19.0,0.0,0.0,0,0,0,0,0.0,0.0,16.0,0.3333333333333333,0.0,15.6,0.2,0.0,2.0,16.0,14.0,0.3,4.0,
2022,8,9,9,2.0,11.0,51,Finished,+1:32.556,norris,NOR,1,Lando,Norris,British,mclaren,McLaren,British,Azerbaijan Grand Prix,2022-06-12,baku,Baku City Circuit,Azerbaijan,11.0,103.398,,-1.0,,0.0,0.0,3.0,0,7,7.0,48.0,0.0,0,0,0,0,0.0,13.0,11.0,0.3333333333333333,38.0,8.2,0.2,13.0,46.0,9.0,7.0,0.1,0.0,
2022,8,8,8,4.0,12.0,51,Finished,+1:32.207,ricciardo,RIC,3,Daniel,Ricciardo,Australian,mclaren,McLaren,British,Azerbaijan Grand Prix,2022-06-12,baku,Baku City Circuit,Azerbaijan,12.0,103.574,,-1.0,,0.0,0.0,3.0,0,7,11.0,11.0,0.0,0,0,0,0,0.0,0.0,12.666666666666666,0.0,8.0,12.4,0.0,13.0,46.0,9.0,7.0,0.1,1.0,
2022,8,4,4,12.0,7.0,51,Finished,+1:11.679,hamilton,HAM,44,Lewis,Hamilton,British,mercedes,Mercedes,German,Azerbaijan Grand Prix,2022-06-12,baku,Baku City Circuit,Azerbaijan,7.0,102.924,102.924,-1.0,,0.0,0.0,3.0,0,7,6.0,50.0,0.0,0,0,0,0,0.0,22.0,6.333333333333333,0.0,34.0,7.2,0.0,57.0,96.0,4.333333333333333,4.0,0.0,2.0,
2022,8,3,3,15.0,5.0,51,Finished,+45.995,russell,RUS,63,George,Russell,British,mercedes,Mercedes,German,Azerbaijan Grand Prix,2022-06-12,baku,Baku City Circuit,Azerbaijan,5.0,102.712,102.712,-1.0,,0.0,0.0,3.0,0,7,4.0,84.0,0.0,0,0,1,0,0.0,35.0,4.333333333333333,0.0,62.0,4.0,0.0,57.0,96.0,4.333333333333333,4.0,0.0,0.0,
2022,8,1,1,25.0,3.0,51,Finished,1:34:05.941,max_verstappen,VER,3,Max,Verstappen,Dutch,red_bull,Red Bull,Austrian,Azerbaijan Grand Prix,2022-06-12,baku,Baku City Circuit,Azerbaijan,3.0,101.706,101.706,-1.0,,0.0,0.0,3.0,0,7,1.0,125.0,4.0,0,1,1,0,0.0,66.0,1.6666666666666667,0.0,92.0,4.8,0.2,122.0,184.0,1.0,1.2,0.1,1.0,
2022,8,2,2,19.0,2.0,51,Finished,+20.823,perez,PER,11,Sergio,Pérez,Mexican,red_bull,Red Bull,Austrian,Azerbaijan Grand Prix,2022-06-12,baku,Baku City Circuit,Azerbaijan,2.0,101.64099999999999,101.64099999999999,-1.0,,0.0,0.0,3.0,0,7,3.0,110.0,1.0,0,0,1,0,0.0,56.0,2.3333333333333335,0.0,92.0,2.2,0.0,122.0,184.0,1.0,1.2,0.1,0.0,
2022,8,12,12,0.0,17.0,50,+1 Lap,,albon,ALB,23,Alexander,Albon,Thai,williams,Williams,British,Azerbaijan Grand Prix,2022-06-12,baku,Baku City Circuit,Azerbaijan,17.0,104.719,,-1.0,,0.0,0.0,3.0,0,7,16.0,3.0,0.0,0,0,0,0,0.0,2.0,15.0,0.3333333333333333,3.0,13.2,0.2,2.0,3.0,13.333333333333334,12.2,0.1,0.0,
2022,8,15,15,0.0,18.0,50,+1 Lap,,latifi,LAT,6,Nicholas,Latifi,Canadian,williams,Williams,British,Azerbaijan Grand Prix,2022-06-12,baku,Baku City Circuit,Azerbaijan,18.0,105.36699999999999,,-1.0,,0.0,0.0,3.0,0,7,21.0,0.0,0.0,0,0,0,0,0.0,0.0,15.0,0.0,0.0,15.4,0.0,2.0,3.0,13.333333333333334,12.2,0.1,1.0,
2022,9,7,7,6.0,11.0,70,Finished,+25.247,bottas,BOT,77,Valtteri,Bottas,Finnish,alfa,Alfa Romeo,Swiss,Canadian Grand Prix,2022-06-19,villeneuve,Circuit Gilles Villeneuve,Canada,11.0,86.788,,-1.0,,0.0,0.0,3.0,0,8,8.0,40.0,0.0,0,0,0,0,0.0,10.0,8.666666666666666,0.0,26.0,7.6,0.0,10.0,26.0,8.666666666666666,7.6,0.3,1.0,
2022,9,8,8,4.0,10.0,70,Finished,+26.952,zhou,ZHO,24,Guanyu,Zhou,Chinese,alfa,Alfa Romeo,Swiss,Canadian Grand Prix,2022-06-19,villeneuve,Circuit Gilles Villeneuve,Canada,10.0,84.03,84.03,-1.0,,0.0,0.0,3.0,0,8,18.0,1.0,0.0,0,0,0,0,0.0,0.0,17.666666666666668,0.6666666666666666,0.0,17.6,0.6,10.0,26.0,8.666666666666666,7.6,0.3,0.0,
2022,9,14,14,0.0,15.0,70,Finished,+45.183,gasly,GAS,10,Pierre,Gasly,French,alphatauri,AlphaTauri,Italian,Canadian Grand Prix,2022-06-19,villeneuve,Circuit Gilles Villeneuve,Canada,16.0,94.49199999999999,,-1.0,,0.0,0.0,3.0,0,8,10.0,16.0,0.0,0,0,0,0,-1.0,10.0,9.666666666666666,0.0,10.0,11.8,0.2,11.0,17.0,8.666666666666666,9.0,0.1,0.0,
2022,9,18,R,0.0,20.0,47,Accident,,tsunoda,TSU,22,Yuki,Tsunoda,Japanese,alphatauri,AlphaTauri,Italian,Canadian Grand Prix,2022-06-19,villeneuve,Circuit Gilles Villeneuve,Canada,20.0,96.575,,-1.0,,0.0,0.0,3.0,0,8,15.0,11.0,0.0,1,0,0,0,0.0,1.0,13.333333333333334,0.0,7.0,11.8,0.0,11.0,17.0,8.666666666666666,9.0,0.1,4.0,
2022,9,9,9,2.0,2.0,70,Finished,+29.945,alonso,ALO,14,Fernando,Alonso,Spanish,alpine,Alpine F1 Team,French,Canadian Grand Prix,2022-06-19,villeneuve,Circuit Gilles Villeneuve,Canada,2.0,81.944,81.944,-1.0,,0.0,0.0,3.0,0,8,11.0,16.0,0.0,0,0,0,0,0.0,14.0,7.666666666666667,0.0,14.0,10.6,0.2,21.0,25.0,7.0,8.6,0.1,0.0,
2022,9,6,6,8.0,7.0,70,Finished,+23.890,ocon,OCO,31,Esteban,Ocon,French,alpine,Alpine F1 Team,French,Canadian Grand Prix,2022-06-19,villeneuve,Circuit Gilles Villeneuve,Canada,7.0,83.529,83.529,-1.0,,0.0,0.0,3.0,0,8,9.0,31.0,0.0,0,0,0,0,0.0,7.0,9.666666666666666,0.0,11.0,10.2,0.0,21.0,25.0,7.0,8.6,0.1,5.0,
2022,9,10,10,1.0,17.0,70,Finished,+38.222,stroll,STR,18,Lance,Stroll,Canadian,aston_martin,Aston Martin,British,Canadian Grand Prix,2022-06-19,villeneuve,Circuit Gilles Villeneuve,Canada,18.0,95.532,,-1.0,,0.0,0.0,3.0,0,8,17.0,2.0,0.0,0,0,0,0,-1.0,0.0,15.0,0.3333333333333333,2.0,13.0,0.2,9.0,15.0,9.0,9.0,0.2,1.0,
2022,9,12,12,0.0,16.0,70,Finished,+44.245,vettel,VET,5,Sebastian,Vettel,German,aston_martin,Aston Martin,British,Canadian Grand Prix,2022-06-19,villeneuve,Circuit Gilles Villeneuve,Canada,17.0,94.512,,-1.0,,0.0,0.0,3.0,0,8,14.0,13.0,0.0,0,0,0,0,-1.0,9.0,9.0,0.0,13.0,10.4,0.2,9.0,15.0,9.0,9.0,0.2,0.0,
2022,9,5,5,10.0,19.0,70,Finished,+15.168,leclerc,LEC,16,Charles,Leclerc,Monegasque,ferrari,Ferrari,Italian,Canadian Grand Prix,2022-06-19,villeneuve,Circuit Gilles Villeneuve,Canada,15.0,93.00800000000001,,-1.0,,0.0,0.0,3.0,0,8,3.0,116.0,2.0,0,0,0,0,4.0,12.0,14.333333333333334,0.6666666666666666,38.0,10.2,0.4,42.0,83.0,8.333333333333334,6.6,0.4,12.0,
2022,9,2,2,19.0,3.0,70,Finished,+0.993,sainz,SAI,55,Carlos,Sainz,Spanish,ferrari,Ferrari,Italian,Canadian Grand Prix,2022-06-19,villeneuve,Circuit Gilles Villeneuve,Canada,3.0,82.096,82.096,-1.0,,0.0,0.0,3.0,0,8,5.0,83.0,0.0,0,0,1,0,0.0,30.0,8.666666666666666,0.3333333333333333,45.0,9.8,0.4,42.0,83.0,8.333333333333334,6.6,0.4,0.0,
2022,9,17,17,0.0,5.0,70,Finished,+1:08.180,kevin_magnussen,MAG,20,Kevin,Magnussen,Danish,haas,Haas F1 Team,American,Canadian Grand Prix,2022-06-19,villeneuve,Circuit Gilles Villeneuve,Canada,5.0,82.96000000000001,82.96000000000001,-1.0,,0.0,0.0,3.0,0,8,12.0,15.0,0.0,0,0,0,0,0.0,0.0,18.0,0.6666666666666666,2.0,15.8,0.6,0.0,2.0,15.666666666666666,14.2,0.4,0.0,
2022,9,19,R,0.0,6.0,18,Engine,,mick_schumacher,MSC,47,Mick,Schumacher,German,haas,Haas F1 Team,American,Canadian Grand Prix,2022-06-19,villeneuve,Circuit Gilles Villeneuve,Canada,6.0,83.356,83.356,-1.0,,0.0,0.0,3.0,0,8,19.0,0.0,0.0,1,0,0,0,0.0,0.0,15.666666666666666,0.3333333333333333,0.0,15.8,0.2,0.0,2.0,15.666666666666666,14.2,0.4,1.0,
2022,9,15,15,0.0,14.0,70,Finished,+52.145,norris,NOR,1,Lando,Norris,British,mclaren,McLaren,British,Canadian Grand Prix,2022-06-19,villeneuve,Circuit Gilles Villeneuve,Canada,14.0,94.066,,-1.0,,0.0,0.0,3.0,0,8,7.0,50.0,0.0,0,0,0,0,0.0,15.0,7.666666666666667,0.0,30.0,9.0,0.2,19.0,34.0,7.333333333333333,7.6,0.1,5.0,
2022,9,11,11,0.0,9.0,70,Finished,+43.047,ricciardo,RIC,3,Daniel,Ricciardo,Australian,mclaren,McLaren,British,Canadian Grand Prix,2022-06-19,villeneuve,Circuit Gilles Villeneuve,Canada,9.0,83.749,83.749,-1.0,,0.0,0.0,3.0,0,8,13.0,15.0,0.0,0,0,0,0,0.0,4.0,11.0,0.0,4.0,12.8,0.0,19.0,34.0,7.333333333333333,7.6,0.1,0.0,
2022,9,3,3,15.0,4.0,70,Finished,+7.006,hamilton,HAM,44,Lewis,Hamilton,British,mercedes,Mercedes,German,Canadian Grand Prix,2022-06-19,villeneuve,Circuit Gilles Villeneuve,Canada,4.0,82.89099999999999,82.89099999999999,-1.0,,0.0,0.0,3.0,0,8,6.0,62.0,0.0,0,0,1,0,0.0,26.0,5.666666666666667,0.0,34.0,7.2,0.0,66.0,96.0,3.6666666666666665,4.0,0.0,0.0,
2022,9,4,4,12.0,8.0,70,Finished,+12.313,russell,RUS,63,George,Russell,British,mercedes,Mercedes,German,Canadian Grand Prix,2022-06-19,villeneuve,Circuit Gilles Villeneuve,Canada,8.0,83.557,83.557,-1.0,,0.0,0.0,3.0,0,8,4.0,99.0,0.0,0,0,0,0,0.0,40.0,3.6666666666666665,0.0,62.0,4.0,0.0,66.0,96.0,3.6666666666666665,4.0,0.0,4.0,
2022,9,1,1,25.0,1.0,70,Finished,1:36:21.757,max_verstappen,VER,3,Max,Verstappen,Dutch,red_bull,Red Bull,Austrian,Canadian Grand Prix,2022-06-19,villeneuve,Circuit Gilles Villeneuve,Canada,1.0,81.299,81.299,-1.0,,0.0,0.0,3.0,0,8,1.0,150.0,5.0,0,1,1,0,0.0,65.0,1.6666666666666667,0.0,117.0,1.4,0.0,128.0,210.0,1.0,1.0,0.0,0.0,
2022,9,20,R,0.0,13.0,7,Gearbox,,perez,PER,11,Sergio,Pérez,Mexican,red_bull,Red Bull,Austrian,Canadian Grand Prix,2022-06-19,villeneuve,Circuit Gilles Villeneuve,Canada,13.0,93.12700000000001,,-1.0,,0.0,0.0,3.0,0,8,2.0,129.0,1.0,1,0,0,0,0.0,63.0,1.6666666666666667,0.0,93.0,2.2,0.0,128.0,210.0,1.0,1.0,0.0,12.0,
2022,9,13,13,0.0,12.0,70,Finished,+44.893,albon,ALB,23,Alexander,Albon,Thai,williams,Williams,British,Canadian Grand Prix,2022-06-19,villeneuve,Circuit Gilles Villeneuve,Canada,12.0,86.858,,-1.0,,0.0,0.0,3.0,0,8,16.0,3.0,0.0,0,0,0,0,0.0,0.0,16.0,0.3333333333333333,2.0,13.6,0.2,0.0,2.0,14.333333333333334,12.6,0.1,0.0,
2022,9,16,16,0.0,18.0,70,Finished,+59.978,latifi,LAT,6,Nicholas,Latifi,Canadian,williams,Williams,British,Canadian Grand Prix,2022-06-19,villeneuve,Circuit Gilles Villeneuve,Canada,19.0,95.66,,-1.0,,0.0,0.0,3.0,0,8,21.0,0.0,0.0,0,0,0,0,-1.0,0.0,15.333333333333334,0.0,0.0,15.2,0.0,0.0,2.0,14.333333333333334,12.6,0.1,7.0,
2022,10,17,R,0.0,12.0,20,Gearbox,,bottas,BOT,77,Valtteri,Bottas,Finnish,alfa,Alfa Romeo,Swiss,British Grand Prix,2022-07-03,silverstone,Silverstone Circuit,UK,12.0,104.232,,-1.0,,0.9,0.9,51.0,0,9,8.0,46.0,0.0,1,0,0,0,0.0,8.0,9.0,0.0,22.0,8.0,0.0,12.0,26.0,9.0,8.0,0.3,3.0,
2022,10,19,R,0.0,9.0,0,Collision,,zhou,ZHO,24,Guanyu,Zhou,Chinese,alfa,Alfa Romeo,Swiss,British Grand Prix,2022-07-03,silverstone,Silverstone Circuit,UK,9.0,102.719,102.719,-1.0,,0.9,0.9,51.0,0,9,16.0,5.0,0.0,1,0,0,0,0.0,4.0,14.0,0.3333333333333333,4.0,16.2,0.6,12.0,26.0,9.0,8.0,0.3,0.0,
2022,10,16,R,0.0,11.0,26,Collision damage,,gasly,GAS,10,Pierre,Gasly,French,alphatauri,AlphaTauri,Italian,British Grand Prix,2022-07-03,silverstone,Silverstone Circuit,UK,11.0,103.702,,-1.0,,0.9,0.9,51.0,0,9,11.0,16.0,0.0,1,0,0,0,0.0,10.0,10.0,0.0,10.0,12.2,0.2,10.0,11.0,10.0,10.4,0.2,0.0,
2022,10,14,14,0.0,13.0,52,Finished,+40.910,tsunoda,TSU,22,Yuki,Tsunoda,Japanese,alphatauri,AlphaTauri,Italian,British Grand Prix,2022-07-03,silverstone,Silverstone Circuit,UK,13.0,104.311,,-1.0,,0.9,0.9,51.0,0,9,15.0,11.0,0.0,0,0,0,0,0.0,0.0,16.0,0.3333333333333333,1.0,14.0,0.2,10.0,11.0,10.0,10.4,0.2,2.0,
2022,10,5,5,10.0,7.0,52,Finished,+9.571,alonso,ALO,14,Fernando,Alonso,Spanish,alpine,Alpine F1 Team,French,British Grand Prix,2022-07-03,silverstone,Silverstone Circuit,UK,7.0,102.116,102.116,-1.0,,0.9,0.9,51.0,0,9,10.0,18.0,0.0,0,0,0,0,0.0,14.0,7.666666666666667,0.0,16.0,8.6,0.0,23.0,35.0,6.666666666666667,7.0,0.0,0.0,
2022,10,15,R,0.0,15.0,37,Fuel pump,,ocon,OCO,31,Esteban,Ocon,French,alpine,Alpine F1 Team,French,British Grand Prix,2022-07-03,silverstone,Silverstone Circuit,UK,15.0,105.19,,-1.0,,0.9,0.9,51.0,0,9,9.0,39.0,0.0,1,0,0,0,0.0,9.0,9.333333333333334,0.0,19.0,8.6,0.0,23.0,35.0,6.666666666666667,7.0,0.0,8.0,
2022,10,11,11,0.0,20.0,52,Finished,+26.147,stroll,STR,18,Lance,Stroll,Canadian,aston_martin,Aston Martin,British,British Grand Prix,2022-07-03,silverstone,Silverstone Circuit,UK,20.0,103.43,,-1.0,,0.9,0.9,51.0,0,9,18.0,3.0,0.0,0,0,0,0,0.0,1.0,13.333333333333334,0.3333333333333333,2.0,13.0,0.2,10.0,11.0,8.666666666666666,9.4,0.2,2.0,
2022,10,9,9,2.0,18.0,52,Finished,+22.356,vettel,VET,5,Sebastian,Vettel,German,aston_martin,Aston Martin,British,British Grand Prix,2022-07-03,silverstone,Silverstone Circuit,UK,18.0,102.666,,-1.0,,0.9,0.9,51.0,0,9,14.0,13.0,0.0,0,0,0,0,0.0,9.0,9.333333333333334,0.0,9.0,11.2,0.2,10.0,11.0,8.666666666666666,9.4,0.2,0.0,
2022,10,4,4,12.0,3.0,52,Finished,+8.546,leclerc,LEC,16,Charles,Leclerc,Monegasque,ferrari,Ferrari,Italian,British Grand Prix,2022-07-03,silverstone,Silverstone Circuit,UK,3.0,101.298,101.298,-1.0,,0.9,0.9,51.0,0,9,3.0,126.0,2.0,0,0,0,0,0.0,22.0,9.333333333333334,0.3333333333333333,40.0,10.0,0.4,59.0,104.0,7.666666666666667,5.8,0.3,2.0,
2022,10,1,1,25.0,1.0,52,Finished,2:17:50.311,sainz,SAI,55,Carlos,Sainz,Spanish,ferrari,Ferrari,Italian,British Grand Prix,2022-07-03,silverstone,Silverstone Circuit,UK,1.0,100.983,100.983,-1.0,,0.9,0.9,51.0,0,9,5.0,102.0,0.0,0,1,1,0,0.0,37.0,8.0,0.3333333333333333,64.0,6.2,0.2,59.0,104.0,7.666666666666667,5.8,0.3,0.0,
2022,10,10,10,1.0,17.0,52,Finished,+24.590,kevin_magnussen,MAG,20,Kevin,Magnussen,Danish,haas,Haas F1 Team,American,British Grand Prix,2022-07-03,silverstone,Silverstone Circuit,UK,17.0,102.15899999999999,,-1.0,,0.9,0.9,51.0,0,9,12.0,15.0,0.0,0,0,0,0,0.0,0.0,18.0,0.6666666666666666,0.0,17.4,0.6,0.0,0.0,16.666666666666668,15.8,0.5,0.0,
2022,10,8,8,4.0,19.0,52,Finished,+18.995,mick_schumacher,MSC,47,Mick,Schumacher,German,haas,Haas F1 Team,American,British Grand Prix,2022-07-03,silverstone,Silverstone Circuit,UK,19.0,102.708,,-1.0,,0.9,0.9,51.0,0,9,19.0,0.0,0.0,0,0,0,0,0.0,0.0,17.333333333333332,0.6666666666666666,0.0,16.2,0.4,0.0,0.0,16.666666666666668,15.8,0.5,2.0,
2022,10,6,6,8.0,6.0,52,Finished,+11.943,norris,NOR,1,Lando,Norris,British,mclaren,McLaren,British,British Grand Prix,2022-07-03,silverstone,Silverstone Circuit,UK,6.0,102.084,102.084,-1.0,,0.9,0.9,51.0,0,9,7.0,50.0,0.0,0,0,0,0,0.0,11.0,10.0,0.0,15.0,11.4,0.2,15.0,19.0,8.333333333333334,9.2,0.1,0.0,
2022,10,13,13,0.0,14.0,52,Finished,+32.817,ricciardo,RIC,3,Daniel,Ricciardo,Australian,mclaren,McLaren,British,British Grand Prix,2022-07-03,silverstone,Silverstone Circuit,UK,14.0,104.35499999999999,,-1.0,,0.9,0.9,51.0,0,9,13.0,15.0,0.0,0,0,0,0,0.0,4.0,10.666666666666666,0.0,4.0,11.4,0.0,15.0,19.0,8.333333333333334,9.2,0.1,8.0,
2022,10,3,3,16.0,5.0,52,Finished,+6.225,hamilton,HAM,44,Lewis,Hamilton,British,mercedes,Mercedes,German,British Grand Prix,2022-07-03,silverstone,Silverstone Circuit,UK,5.0,101.995,101.995,-1.0,,0.9,0.9,51.0,0,9,6.0,77.0,0.0,0,0,1,0,0.0,31.0,5.0,0.0,49.0,5.2,0.0,68.0,111.0,3.6666666666666665,3.8,0.0,0.0,
2022,10,18,R,0.0,8.0,0,Collision,,russell,RUS,63,George,Russell,British,mercedes,Mercedes,German,British Grand Prix,2022-07-03,silverstone,Silverstone Circuit,UK,8.0,102.161,102.161,-1.0,,0.9,0.9,51.0,0,9,4.0,111.0,0.0,1,0,0,0,0.0,37.0,4.0,0.0,62.0,4.0,0.0,68.0,111.0,3.6666666666666665,3.8,0.0,3.0,
2022,10,7,7,6.0,2.0,52,Finished,+18.777,max_verstappen,VER,3,Max,Verstappen,Dutch,red_bull,Red Bull,Austrian,British Grand Prix,2022-07-03,silverstone,Silverstone Circuit,UK,2.0,101.055,101.055,-1.0,,0.9,0.9,51.0,0,9,1.0,175.0,6.0,0,0,0,0,0.0,65.0,1.6666666666666667,0.0,116.0,1.4,0.0,109.0,191.0,1.0,1.0,0.1,0.0,
2022,10,2,2,18.0,4.0,52,Finished,+3.779,perez,PER,11,Sergio,Pérez,Mexican,red_bull,Red Bull,Austrian,British Grand Prix,2022-07-03,silverstone,Silverstone Circuit,UK,4.0,101.616,101.616,-1.0,,0.9,0.9,51.0,0,9,2.0,129.0,1.0,0,0,1,0,0.0,44.0,7.666666666666667,0.3333333333333333,75.0,5.8,0.2,109.0,191.0,1.0,1.0,0.1,2.0,
2022,10,20,R,0.0,16.0,0,Collision,,albon,ALB,23,Alexander,Albon,Thai,williams,Williams,British,British Grand Prix,2022-07-03,silverstone,Silverstone Circuit,UK,16.0,102.078,,-1.0,,0.9,0.9,51.0,0,9,17.0,3.0,0.0,1,0,0,0,0.0,0.0,14.333333333333334,0.3333333333333333,2.0,14.0,0.2,0.0,2.0,13.333333333333334,13.0,0.1,6.0,
2022,10,12,12,0.0,10.0,52,Finished,+32.511,latifi,LAT,6,Nicholas,Latifi,Canadian,williams,Williams,British,British Grand Prix,2022-07-03,silverstone,Silverstone Circuit,UK,10.0,123.095,123.095,-1.0,,0.9,0.9,51.0,0,9,21.0,0.0,0.0,0,0,0,0,0.0,0.0,15.333333333333334,0.0,0.0,15.2,0.0,0.0,2.0,13.333333333333334,13.0,0.1,0.0,
2022,11,11,11,0.0,,70,+1 Lap,,bottas,BOT,77,Valtteri,Bottas,Finnish,alfa,Alfa Romeo,Swiss,Austrian Grand Prix,2022-07-10,red_bull_ring,Red Bull Ring,Austria,12.0,66.319,,10.0,0.0,2.9,2.9,53.0,1,10,8.0,46.0,0.0,0,0,0,1,,6.0,11.666666666666666,0.3333333333333333,16.0,10.0,0.2,10.0,20.0,11.666666666666666,10.0,0.4,0.0,
2022,11,14,14,0.0,13.0,70,+1 Lap,,zhou,ZHO,24,Guanyu,Zhou,Chinese,alfa,Alfa Romeo,Swiss,Austrian Grand Prix,2022-07-10,red_bull_ring,Red Bull Ring,Austria,18.0,66.901,,14.0,0.0,2.9,2.9,53.0,1,10,16.0,5.0,0.0,0,0,0,1,-5.0,4.0,15.0,0.6666666666666666,4.0,16.0,0.6,10.0,20.0,11.666666666666666,10.0,0.4,6.0,
2022,11,15,15,0.0,14.0,70,+1 Lap,,gasly,GAS,10,Pierre,Gasly,French,alphatauri,AlphaTauri,Italian,Austrian Grand Prix,2022-07-10,red_bull_ring,Red Bull Ring,Austria,10.0,66.16,,15.0,0.0,2.9,2.9,53.0,1,10,11.0,16.0,0.0,0,0,0,1,4.0,10.0,11.666666666666666,0.3333333333333333,10.0,11.8,0.2,10.0,11.0,11.0,10.8,0.2,0.0,
2022,11,16,16,0.0,16.0,70,+1 Lap,,tsunoda,TSU,22,Yuki,Tsunoda,Japanese,alphatauri,AlphaTauri,Italian,Austrian Grand Prix,2022-07-10,red_bull_ring,Red Bull Ring,Austria,14.0,66.851,,17.0,0.0,2.9,2.9,53.0,1,10,15.0,11.0,0.0,0,0,0,1,2.0,0.0,15.0,0.3333333333333333,1.0,14.4,0.2,10.0,11.0,11.0,10.8,0.2,4.0,
2022,11,10,10,1.0,19.0,70,+1 Lap,,alonso,ALO,14,Fernando,Alonso,Spanish,alpine,Alpine F1 Team,French,Austrian Grand Prix,2022-07-10,red_bull_ring,Red Bull Ring,Austria,8.0,66.103,66.103,20.0,0.0,2.9,2.9,53.0,1,10,10.0,28.0,0.0,0,0,0,1,11.0,18.0,7.0,0.0,26.0,7.4,0.0,27.0,41.0,6.0,6.4,0.1,3.0,
2022,11,5,5,10.0,6.0,71,Finished,+1:08.436,ocon,OCO,31,Esteban,Ocon,French,alpine,Alpine F1 Team,French,Austrian Grand Prix,2022-07-10,red_bull_ring,Red Bull Ring,Austria,5.0,65.726,65.726,6.0,3.0,2.9,2.9,53.0,1,10,9.0,39.0,0.0,0,0,0,1,1.0,9.0,10.333333333333334,0.3333333333333333,15.0,10.0,0.2,27.0,41.0,6.0,6.4,0.1,0.0,
2022,11,13,13,0.0,12.0,70,+1 Lap,,stroll,STR,18,Lance,Stroll,Canadian,aston_martin,Aston Martin,British,Austrian Grand Prix,2022-07-10,red_bull_ring,Red Bull Ring,Austria,17.0,66.847,,13.0,0.0,2.9,2.9,53.0,1,10,19.0,3.0,0.0,0,0,0,1,-5.0,1.0,12.333333333333334,0.3333333333333333,1.0,13.2,0.2,11.0,12.0,8.333333333333334,9.2,0.1,0.0,
2022,11,17,17,0.0,18.0,70,+1 Lap,,vettel,VET,5,Sebastian,Vettel,German,aston_martin,Aston Martin,British,Austrian Grand Prix,2022-07-10,red_bull_ring,Red Bull Ring,Austria,20.0,67.083,,19.0,0.0,2.9,2.9,53.0,1,10,13.0,15.0,0.0,0,0,0,1,-2.0,10.0,9.0,0.0,11.0,9.6,0.0,11.0,12.0,8.333333333333334,9.2,0.1,3.0,
2022,11,1,1,25.0,2.0,71,Finished,1:24:24.312,leclerc,LEC,16,Charles,Leclerc,Monegasque,ferrari,Ferrari,Italian,Austrian Grand Prix,2022-07-10,red_bull_ring,Red Bull Ring,Austria,2.0,65.013,65.013,2.0,7.0,2.9,2.9,53.0,1,10,3.0,138.0,2.0,0,1,1,1,0.0,22.0,9.333333333333334,0.3333333333333333,34.0,10.4,0.4,66.0,108.0,7.333333333333333,5.6,0.3,0.0,
2022,11,18,R,0.0,3.0,56,Power Unit,,sainz,SAI,55,Carlos,Sainz,Spanish,ferrari,Ferrari,Italian,Austrian Grand Prix,2022-07-10,red_bull_ring,Red Bull Ring,Austria,3.0,65.066,65.066,3.0,6.0,2.9,2.9,53.0,1,10,4.0,127.0,1.0,1,0,0,1,0.0,44.0,7.666666666666667,0.3333333333333333,74.0,5.8,0.2,66.0,108.0,7.333333333333333,5.6,0.3,1.0,
2022,11,8,8,4.0,7.0,70,+1 Lap,,kevin_magnussen,MAG,20,Kevin,Magnussen,Danish,haas,Haas F1 Team,American,Austrian Grand Prix,2022-07-10,red_bull_ring,Red Bull Ring,Austria,6.0,65.879,65.879,7.0,2.0,2.9,2.9,53.0,1,10,12.0,16.0,0.0,0,0,0,1,1.0,1.0,14.666666666666666,0.3333333333333333,1.0,16.2,0.4,5.0,5.0,13.0,14.4,0.4,0.0,
2022,11,6,6,8.0,9.0,70,+1 Lap,,mick_schumacher,MSC,47,Mick,Schumacher,German,haas,Haas F1 Team,American,Austrian Grand Prix,2022-07-10,red_bull_ring,Red Bull Ring,Austria,7.0,66.011,66.011,9.0,0.0,2.9,2.9,53.0,1,10,17.0,4.0,0.0,0,0,0,1,2.0,4.0,13.666666666666666,0.3333333333333333,4.0,14.8,0.4,5.0,5.0,13.0,14.4,0.4,1.0,
2022,11,7,7,6.0,10.0,70,+1 Lap,,norris,NOR,1,Lando,Norris,British,mclaren,McLaren,British,Austrian Grand Prix,2022-07-10,red_bull_ring,Red Bull Ring,Austria,15.0,85.84700000000001,,11.0,0.0,2.9,2.9,53.0,1,10,7.0,58.0,0.0,0,0,0,1,-5.0,10.0,10.0,0.0,23.0,8.8,0.0,14.0,27.0,8.333333333333334,7.8,0.0,0.0,
2022,11,9,9,2.0,11.0,70,+1 Lap,,ricciardo,RIC,3,Daniel,Ricciardo,Australian,mclaren,McLaren,British,Austrian Grand Prix,2022-07-10,red_bull_ring,Red Bull Ring,Austria,16.0,66.613,,12.0,0.0,2.9,2.9,53.0,1,10,14.0,15.0,0.0,0,0,0,1,-5.0,4.0,10.666666666666666,0.0,4.0,11.4,0.0,14.0,27.0,8.333333333333334,7.8,0.0,1.0,
2022,11,3,3,15.0,8.0,71,Finished,+41.217,hamilton,HAM,44,Lewis,Hamilton,British,mercedes,Mercedes,German,Austrian Grand Prix,2022-07-10,red_bull_ring,Red Bull Ring,Austria,9.0,73.151,73.151,8.0,1.0,2.9,2.9,53.0,1,10,6.0,93.0,0.0,0,0,1,1,-1.0,43.0,3.3333333333333335,0.0,57.0,4.6,0.0,70.0,109.0,3.0,3.4,0.1,5.0,
2022,11,4,4,12.0,4.0,71,Finished,+58.972,russell,RUS,63,George,Russell,British,mercedes,Mercedes,German,Austrian Grand Prix,2022-07-10,red_bull_ring,Red Bull Ring,Austria,4.0,65.431,65.431,4.0,5.0,2.9,2.9,53.0,1,10,5.0,111.0,0.0,0,0,0,1,0.0,27.0,8.333333333333334,0.3333333333333333,52.0,6.6,0.2,70.0,109.0,3.0,3.4,0.1,0.0,
2022,11,2,2,19.0,1.0,71,Finished,+1.532,max_verstappen,VER,3,Max,Verstappen,Dutch,red_bull,Red Bull,Austrian,Austrian Grand Prix,2022-07-10,red_bull_ring,Red Bull Ring,Austria,1.0,64.984,64.984,1.0,8.0,2.9,2.9,53.0,1,10,1.0,181.0,6.0,0,0,1,1,0.0,56.0,3.0,0.0,96.0,2.6,0.0,93.0,177.0,1.3333333333333333,1.2,0.1,0.0,
2022,11,20,R,0.0,5.0,24,Collision damage,,perez,PER,11,Sergio,Pérez,Mexican,red_bull,Red Bull,Austrian,Austrian Grand Prix,2022-07-10,red_bull_ring,Red Bull Ring,Austria,13.0,66.458,,5.0,4.0,2.9,2.9,53.0,1,10,2.0,147.0,1.0,1,0,0,1,-8.0,37.0,8.0,0.3333333333333333,81.0,5.4,0.2,93.0,177.0,1.3333333333333333,1.2,0.1,12.0,
2022,11,12,12,0.0,15.0,70,+1 Lap,,albon,ALB,23,Alexander,Albon,Thai,williams,Williams,British,Austrian Grand Prix,2022-07-10,red_bull_ring,Red Bull Ring,Austria,11.0,66.23,,16.0,0.0,2.9,2.9,53.0,1,10,18.0,3.0,0.0,0,0,0,1,4.0,0.0,15.0,0.3333333333333333,0.0,16.2,0.4,0.0,0.0,12.333333333333334,13.6,0.2,0.0,
2022,11,19,R,0.0,17.0,48,Undertray,,latifi,LAT,6,Nicholas,Latifi,Canadian,williams,Williams,British,Austrian Grand Prix,2022-07-10,red_bull_ring,Red Bull Ring,Austria,19.0,67.003,,18.0,0.0,2.9,2.9,53.0,1,10,20.0,0.0,0.0,1,0,0,1,-2.0,0.0,14.333333333333334,0.0,0.0,14.8,0.0,0.0,0.0,12.333333333333334,13.6,0.2,8.0,
2022,12,14,14,0.0,11.0,53,Finished,+1:16.666,bottas,BOT,77,Valtteri,Bottas,Finnish,alfa,Alfa Romeo,Swiss,French Grand Prix,2022-07-24,ricard,Circuit Paul Ricard,France,13.0,93.05199999999999,,-1.0,,0.0,0.0,0.0,0,11,9.0,46.0,0.0,0,0,0,0,-2.0,6.0,11.666666666666666,0.3333333333333333,8.0,11.0,0.2,10.0,12.0,11.666666666666666,11.0,0.3,0.0,
2022,12,16,16,0.0,16.0,47,+6 Laps,,zhou,ZHO,24,Guanyu,Zhou,Chinese,alfa,Alfa Romeo,Swiss,French Grand Prix,2022-07-24,ricard,Circuit Paul Ricard,France,18.0,93.674,,-1.0,,0.0,0.0,0.0,0,11,17.0,5.0,0.0,0,0,0,0,-2.0,4.0,13.666666666666666,0.3333333333333333,4.0,15.0,0.4,10.0,12.0,11.666666666666666,11.0,0.3,5.0,
2022,12,12,12,0.0,14.0,53,Finished,+1:05.448,gasly,GAS,10,Pierre,Gasly,French,alphatauri,AlphaTauri,Italian,French Grand Prix,2022-07-24,ricard,Circuit Paul Ricard,France,16.0,93.439,,-1.0,,0.0,0.0,0.0,0,11,13.0,16.0,0.0,0,0,0,0,-2.0,0.0,15.0,0.3333333333333333,10.0,12.2,0.2,0.0,10.0,14.333333333333334,11.8,0.2,8.0,
2022,12,20,R,0.0,8.0,17,Undertray,,tsunoda,TSU,22,Yuki,Tsunoda,Japanese,alphatauri,AlphaTauri,Italian,French Grand Prix,2022-07-24,ricard,Circuit Paul Ricard,France,8.0,92.78,92.78,-1.0,,0.0,0.0,0.0,0,11,16.0,11.0,0.0,1,0,0,0,0.0,0.0,16.0,0.3333333333333333,0.0,15.6,0.2,0.0,10.0,14.333333333333334,11.8,0.2,0.0,
2022,12,6,6,8.0,7.0,53,Finished,+42.879,alonso,ALO,14,Fernando,Alonso,Spanish,alpine,Alpine F1 Team,French,French Grand Prix,2022-07-24,ricard,Circuit Paul Ricard,France,7.0,92.55199999999999,92.55199999999999,-1.0,,0.0,0.0,0.0,0,11,10.0,29.0,0.0,0,0,0,0,0.0,13.0,8.0,0.0,25.0,7.6,0.0,31.0,44.0,5.333333333333333,6.0,0.1,0.0,
2022,12,8,8,4.0,10.0,53,Finished,+56.959,ocon,OCO,31,Esteban,Ocon,French,alpine,Alpine F1 Team,French,French Grand Prix,2022-07-24,ricard,Circuit Paul Ricard,France,12.0,93.048,,-1.0,,0.0,0.0,0.0,0,11,8.0,52.0,0.0,0,0,0,0,-2.0,18.0,8.666666666666666,0.3333333333333333,19.0,9.6,0.2,31.0,44.0,5.333333333333333,6.0,0.1,5.0,
2022,12,10,10,1.0,15.0,53,Finished,+1:02.549,stroll,STR,18,Lance,Stroll,Canadian,aston_martin,Aston Martin,British,French Grand Prix,2022-07-24,ricard,Circuit Paul Ricard,France,17.0,93.439,,-1.0,,0.0,0.0,0.0,0,11,19.0,3.0,0.0,0,0,0,0,-2.0,1.0,11.333333333333334,0.0,1.0,12.8,0.2,3.0,12.0,10.666666666666666,9.6,0.1,3.0,
2022,12,11,11,0.0,12.0,53,Finished,+1:04.494,vettel,VET,5,Sebastian,Vettel,German,aston_martin,Aston Martin,British,French Grand Prix,2022-07-24,ricard,Circuit Paul Ricard,France,14.0,93.27600000000001,,-1.0,,0.0,0.0,0.0,0,11,14.0,15.0,0.0,0,0,0,0,-2.0,2.0,12.666666666666666,0.0,11.0,10.8,0.0,3.0,12.0,10.666666666666666,9.6,0.1,0.0,
2022,12,19,R,0.0,1.0,17,Accident,,leclerc,LEC,16,Charles,Leclerc,Monegasque,ferrari,Ferrari,Italian,French Grand Prix,2022-07-24,ricard,Circuit Paul Ricard,France,1.0,90.872,90.872,-1.0,,0.0,0.0,0.0,0,11,2.0,170.0,3.0,1,0,0,0,0.0,47.0,3.3333333333333335,0.0,59.0,6.6,0.2,91.0,121.0,1.3333333333333333,5.0,0.3,0.0,
2022,12,5,5,11.0,19.0,53,Finished,+28.872,sainz,SAI,55,Carlos,Sainz,Spanish,ferrari,Ferrari,Italian,French Grand Prix,2022-07-24,ricard,Circuit Paul Ricard,France,9.0,91.081,,-1.0,,0.0,0.0,0.0,0,11,4.0,133.0,1.0,0,0,0,0,10.0,44.0,7.0,0.3333333333333333,62.0,8.6,0.4,91.0,121.0,1.3333333333333333,5.0,0.3,8.0,
2022,12,18,R,0.0,20.0,37,Collision damage,,kevin_magnussen,MAG,20,Kevin,Magnussen,Danish,haas,Haas F1 Team,American,French Grand Prix,2022-07-24,ricard,Circuit Paul Ricard,France,10.0,92.649,,-1.0,,0.0,0.0,0.0,0,11,11.0,22.0,0.0,1,0,0,0,10.0,5.0,11.666666666666666,0.0,5.0,14.4,0.4,17.0,17.0,10.333333333333334,12.8,0.4,0.0,
2022,12,15,15,0.0,17.0,53,Finished,+1:20.394,mick_schumacher,MSC,47,Mick,Schumacher,German,haas,Haas F1 Team,American,French Grand Prix,2022-07-24,ricard,Circuit Paul Ricard,France,19.0,93.701,,-1.0,,0.0,0.0,0.0,0,11,15.0,12.0,0.0,0,0,0,0,-2.0,12.0,11.0,0.3333333333333333,12.0,13.2,0.4,17.0,17.0,10.333333333333334,12.8,0.4,9.0,
2022,12,7,7,6.0,5.0,53,Finished,+52.026,norris,NOR,1,Lando,Norris,British,mclaren,McLaren,British,French Grand Prix,2022-07-24,ricard,Circuit Paul Ricard,France,5.0,92.032,92.032,-1.0,,0.0,0.0,0.0,0,11,7.0,64.0,0.0,0,0,0,0,0.0,14.0,9.333333333333334,0.0,25.0,8.6,0.0,16.0,31.0,8.0,7.6,0.0,0.0,
2022,12,9,9,2.0,9.0,53,Finished,+1:00.372,ricciardo,RIC,3,Daniel,Ricciardo,Australian,mclaren,McLaren,British,French Grand Prix,2022-07-24,ricard,Circuit Paul Ricard,France,11.0,92.922,,-1.0,,0.0,0.0,0.0,0,11,12.0,17.0,0.0,0,0,0,0,-2.0,2.0,11.0,0.0,6.0,10.8,0.0,16.0,31.0,8.0,7.6,0.0,6.0,
2022,12,2,2,18.0,4.0,53,Finished,+10.587,hamilton,HAM,44,Lewis,Hamilton,British,mercedes,Mercedes,German,French Grand Prix,2022-07-24,ricard,Circuit Paul Ricard,France,4.0,91.765,91.765,-1.0,,0.0,0.0,0.0,0,11,6.0,109.0,0.0,0,0,1,0,0.0,46.0,3.0,0.0,62.0,4.2,0.0,70.0,111.0,3.0,3.4,0.1,0.0,
2022,12,3,3,15.0,6.0,53,Finished,+16.495,russell,RUS,63,George,Russell,British,mercedes,Mercedes,German,French Grand Prix,2022-07-24,ricard,Circuit Paul Ricard,France,6.0,92.131,92.131,-1.0,,0.0,0.0,0.0,0,11,5.0,128.0,0.0,0,0,1,0,0.0,24.0,8.666666666666666,0.3333333333333333,49.0,6.8,0.2,70.0,111.0,3.0,3.4,0.1,2.0,
2022,12,1,1,25.0,2.0,53,Finished,1:30:02.112,max_verstappen,VER,3,Max,Verstappen,Dutch,red_bull,Red Bull,Austrian,French Grand Prix,2022-07-24,ricard,Circuit Paul Ricard,France,2.0,91.176,91.176,-1.0,,0.0,0.0,0.0,0,11,1.0,208.0,6.0,0,1,1,0,0.0,50.0,3.3333333333333335,0.0,90.0,2.8,0.0,68.0,152.0,1.6666666666666667,1.4,0.2,0.0,
2022,12,4,4,12.0,3.0,53,Finished,+17.310,perez,PER,11,Sergio,Pérez,Mexican,red_bull,Red Bull,Austrian,French Grand Prix,2022-07-24,ricard,Circuit Paul Ricard,France,3.0,91.33500000000001,91.33500000000001,-1.0,,0.0,0.0,0.0,0,11,3.0,151.0,1.0,0,0,0,0,0.0,18.0,14.0,0.6666666666666666,62.0,9.0,0.4,68.0,152.0,1.6666666666666667,1.4,0.2,1.0,
2022,12,13,13,0.0,13.0,53,Finished,+1:08.565,albon,ALB,23,Alexander,Albon,Thai,williams,Williams,British,French Grand Prix,2022-07-24,ricard,Circuit Paul Ricard,France,15.0,93.307,,-1.0,,0.0,0.0,0.0,0,11,18.0,3.0,0.0,0,0,0,0,-2.0,0.0,15.0,0.3333333333333333,0.0,15.0,0.4,0.0,0.0,12.333333333333334,12.8,0.3,0.0,
2022,12,17,R,0.0,18.0,40,Collision damage,,latifi,LAT,6,Nicholas,Latifi,Canadian,williams,Williams,British,French Grand Prix,2022-07-24,ricard,Circuit Paul Ricard,France,20.0,93.794,,-1.0,,0.0,0.0,0.0,0,11,20.0,0.0,0.0,1,0,0,0,-2.0,0.0,15.666666666666666,0.3333333333333333,0.0,15.4,0.2,0.0,0.0,12.333333333333334,12.8,0.3,5.0,
2022,13,20,20,0.0,8.0,65,Power Unit,,bottas,BOT,77,Valtteri,Bottas,Finnish,alfa,Alfa Romeo,Swiss,Hungarian Grand Prix,2022-07-31,hungaroring,Hungaroring,Hungary,8.0,78.157,78.157,-1.0,,7.9,7.9,61.0,1,12,9.0,46.0,0.0,1,0,0,0,0.0,0.0,14.0,0.3333333333333333,6.0,12.0,0.2,0.0,10.0,14.0,12.0,0.3,0.0,
2022,13,13,13,0.0,12.0,69,+1 Lap,,zhou,ZHO,24,Guanyu,Zhou,Chinese,alfa,Alfa Romeo,Swiss,Hungarian Grand Prix,2022-07-31,hungaroring,Hungaroring,Hungary,12.0,78.57300000000001,,-1.0,,7.9,7.9,61.0,1,12,17.0,5.0,0.0,0,0,0,0,0.0,0.0,16.333333333333332,0.3333333333333333,4.0,15.0,0.4,0.0,10.0,14.0,12.0,0.3,4.0,
2022,13,12,12,0.0,,69,+1 Lap,,gasly,GAS,10,Pierre,Gasly,French,alphatauri,AlphaTauri,Italian,Hungarian Grand Prix,2022-07-31,hungaroring,Hungaroring,Hungary,19.0,79.527,,-1.0,,7.9,7.9,61.0,1,12,13.0,16.0,0.0,0,0,0,0,,0.0,14.333333333333334,0.3333333333333333,10.0,12.4,0.2,0.0,10.0,13.666666666666666,12.0,0.3,3.0,
2022,13,19,19,0.0,16.0,68,+2 Laps,,tsunoda,TSU,22,Yuki,Tsunoda,Japanese,alphatauri,AlphaTauri,Italian,Hungarian Grand Prix,2022-07-31,hungaroring,Hungaroring,Hungary,16.0,79.24,,-1.0,,7.9,7.9,61.0,1,12,16.0,11.0,0.0,0,0,0,0,0.0,0.0,16.666666666666668,0.3333333333333333,0.0,16.2,0.4,0.0,10.0,13.666666666666666,12.0,0.3,0.0,
2022,13,8,8,4.0,6.0,69,+1 Lap,,alonso,ALO,14,Fernando,Alonso,Spanish,alpine,Alpine F1 Team,French,Hungarian Grand Prix,2022-07-31,hungaroring,Hungaroring,Hungary,6.0,78.078,78.078,-1.0,,7.9,7.9,61.0,1,12,10.0,37.0,0.0,0,0,0,0,0.0,19.0,7.0,0.0,27.0,7.4,0.0,33.0,50.0,5.333333333333333,5.8,0.1,1.0,
2022,13,9,9,2.0,5.0,69,+1 Lap,,ocon,OCO,31,Esteban,Ocon,French,alpine,Alpine F1 Team,French,Hungarian Grand Prix,2022-07-31,hungaroring,Hungaroring,Hungary,5.0,78.018,78.018,-1.0,,7.9,7.9,61.0,1,12,8.0,56.0,0.0,0,0,0,0,0.0,14.0,9.333333333333334,0.3333333333333333,23.0,8.8,0.2,33.0,50.0,5.333333333333333,5.8,0.1,0.0,
2022,13,11,11,0.0,14.0,69,+1 Lap,,stroll,STR,18,Lance,Stroll,Canadian,aston_martin,Aston Martin,British,Hungarian Grand Prix,2022-07-31,hungaroring,Hungaroring,Hungary,14.0,79.137,,-1.0,,7.9,7.9,61.0,1,12,18.0,4.0,0.0,0,0,0,0,0.0,1.0,11.333333333333334,0.0,2.0,12.0,0.2,3.0,12.0,10.666666666666666,9.6,0.1,0.0,
2022,13,10,10,1.0,18.0,69,+1 Lap,,vettel,VET,5,Sebastian,Vettel,German,aston_martin,Aston Martin,British,Hungarian Grand Prix,2022-07-31,hungaroring,Hungaroring,Hungary,18.0,79.273,,-1.0,,7.9,7.9,61.0,1,12,14.0,15.0,0.0,0,0,0,0,0.0,2.0,12.333333333333334,0.0,10.0,11.0,0.0,3.0,12.0,10.666666666666666,9.6,0.1,4.0,
2022,13,6,6,8.0,3.0,70,Finished,+16.047,leclerc,LEC,16,Charles,Leclerc,Monegasque,ferrari,Ferrari,Italian,Hungarian Grand Prix,2022-07-31,hungaroring,Hungaroring,Hungary,3.0,77.56700000000001,77.56700000000001,-1.0,,7.9,7.9,61.0,1,12,2.0,170.0,3.0,0,0,0,0,0.0,37.0,8.0,0.3333333333333333,47.0,9.6,0.4,73.0,102.0,2.3333333333333335,5.6,0.4,1.0,
2022,13,4,4,12.0,2.0,70,Finished,+14.579,sainz,SAI,55,Carlos,Sainz,Spanish,ferrari,Ferrari,Italian,Hungarian Grand Prix,2022-07-31,hungaroring,Hungaroring,Hungary,2.0,77.42099999999999,77.42099999999999,-1.0,,7.9,7.9,61.0,1,12,4.0,144.0,1.0,0,0,0,0,0.0,36.0,8.0,0.3333333333333333,55.0,9.2,0.4,73.0,102.0,2.3333333333333335,5.6,0.4,0.0,
2022,13,16,16,0.0,13.0,69,+1 Lap,,kevin_magnussen,MAG,20,Kevin,Magnussen,Danish,haas,Haas F1 Team,American,Hungarian Grand Prix,2022-07-31,hungaroring,Hungaroring,Hungary,13.0,78.825,,-1.0,,7.9,7.9,61.0,1,12,11.0,22.0,0.0,0,0,0,0,0.0,5.0,12.0,0.3333333333333333,5.0,14.0,0.4,17.0,17.0,9.666666666666666,12.0,0.3,0.0,
2022,13,14,14,0.0,15.0,69,+1 Lap,,mick_schumacher,MSC,47,Mick,Schumacher,German,haas,Haas F1 Team,American,Hungarian Grand Prix,2022-07-31,hungaroring,Hungaroring,Hungary,15.0,79.202,,-1.0,,7.9,7.9,61.0,1,12,15.0,12.0,0.0,0,0,0,0,0.0,12.0,9.666666666666666,0.0,12.0,12.4,0.2,17.0,17.0,9.666666666666666,12.0,0.3,2.0,
2022,13,7,7,6.0,4.0,70,Finished,+1:18.300,norris,NOR,1,Lando,Norris,British,mclaren,McLaren,British,Hungarian Grand Prix,2022-07-31,hungaroring,Hungaroring,Hungary,4.0,77.769,77.769,-1.0,,7.9,7.9,61.0,1,12,7.0,70.0,0.0,0,0,0,0,0.0,20.0,6.666666666666667,0.0,22.0,8.8,0.0,24.0,30.0,6.666666666666667,7.8,0.0,0.0,
2022,13,15,15,0.0,9.0,69,+1 Lap,,ricciardo,RIC,3,Daniel,Ricciardo,Australian,mclaren,McLaren,British,Hungarian Grand Prix,2022-07-31,hungaroring,Hungaroring,Hungary,9.0,78.379,78.379,-1.0,,7.9,7.9,61.0,1,12,12.0,19.0,0.0,0,0,0,0,0.0,4.0,10.333333333333334,0.0,8.0,10.0,0.0,24.0,30.0,6.666666666666667,7.8,0.0,5.0,
2022,13,2,2,19.0,7.0,70,Finished,+7.834,hamilton,HAM,44,Lewis,Hamilton,British,mercedes,Mercedes,German,Hungarian Grand Prix,2022-07-31,hungaroring,Hungaroring,Hungary,7.0,78.142,78.142,-1.0,,7.9,7.9,61.0,1,12,6.0,127.0,0.0,0,0,1,0,0.0,49.0,2.6666666666666665,0.0,76.0,3.0,0.0,76.0,130.0,2.6666666666666665,2.8,0.1,6.0,
2022,13,3,3,15.0,1.0,70,Finished,+12.337,russell,RUS,63,George,Russell,British,mercedes,Mercedes,German,Hungarian Grand Prix,2022-07-31,hungaroring,Hungaroring,Hungary,1.0,77.377,77.377,-1.0,,7.9,7.9,61.0,1,12,5.0,143.0,0.0,0,0,1,0,0.0,27.0,8.333333333333334,0.3333333333333333,54.0,6.4,0.2,76.0,130.0,2.6666666666666665,2.8,0.1,0.0,
2022,13,1,1,25.0,10.0,70,Finished,1:39:35.912,max_verstappen,VER,3,Max,Verstappen,Dutch,red_bull,Red Bull,Austrian,Hungarian Grand Prix,2022-07-31,hungaroring,Hungaroring,Hungary,10.0,78.82300000000001,78.82300000000001,-1.0,,7.9,7.9,61.0,1,12,1.0,233.0,7.0,0,1,1,0,0.0,50.0,3.3333333333333335,0.0,100.0,2.4,0.0,80.0,149.0,1.6666666666666667,1.4,0.2,0.0,
2022,13,5,5,10.0,11.0,70,Finished,+15.688,perez,PER,11,Sergio,Pérez,Mexican,red_bull,Red Bull,Austrian,Hungarian Grand Prix,2022-07-31,hungaroring,Hungaroring,Hungary,11.0,78.51599999999999,,-1.0,,7.9,7.9,61.0,1,12,3.0,163.0,1.0,0,0,0,0,0.0,30.0,8.666666666666666,0.3333333333333333,49.0,9.6,0.4,80.0,149.0,1.6666666666666667,1.4,0.2,1.0,
2022,13,17,17,0.0,17.0,69,+1 Lap,,albon,ALB,23,Alexander,Albon,Thai,williams,Williams,British,Hungarian Grand Prix,2022-07-31,hungaroring,Hungaroring,Hungary,17.0,79.256,,-1.0,,7.9,7.9,61.0,1,12,19.0,3.0,0.0,0,0,0,0,0.0,0.0,15.0,0.3333333333333333,0.0,14.0,0.2,0.0,0.0,12.333333333333334,12.4,0.3,0.0,
2022,13,18,18,0.0,19.0,69,+1 Lap,,latifi,LAT,6,Nicholas,Latifi,Canadian,williams,Williams,British,Hungarian Grand Prix,2022-07-31,hungaroring,Hungaroring,Hungary,20.0,79.57,,-1.0,,7.9,7.9,61.0,1,12,20.0,0.0,0.0,0,0,0,0,-1.0,0.0,16.0,0.6666666666666666,0.0,15.8,0.4,0.0,0.0,12.333333333333334,12.4,0.3,3.0,
2022,14,19,R,0.0,13.0,1,Accident,,bottas,BOT,77,Valtteri,Bottas,Finnish,alfa,Alfa Romeo,Swiss,Belgian Grand Prix,2022-08-28,spa,Circuit de Spa-Francorchamps,Belgium,20.0,107.866,,-1.0,,0.2,0.2,51.0,0,13,9.0,46.0,0.0,1,0,0,0,-7.0,0.0,15.0,0.3333333333333333,6.0,13.8,0.4,0.0,10.0,12.666666666666666,12.4,0.3,7.0,
2022,14,14,14,0.0,18.0,44,Finished,+1:46.252,zhou,ZHO,24,Guanyu,Zhou,Chinese,alfa,Alfa Romeo,Swiss,Belgian Grand Prix,2022-08-28,spa,Circuit de Spa-Francorchamps,Belgium,13.0,106.08500000000001,,-1.0,,0.2,0.2,51.0,0,13,17.0,5.0,0.0,0,0,0,0,5.0,0.0,14.333333333333334,0.0,4.0,14.0,0.2,0.0,10.0,12.666666666666666,12.4,0.3,0.0,
2022,14,9,9,2.0,,44,Finished,+1:32.181,gasly,GAS,10,Pierre,Gasly,French,alphatauri,AlphaTauri,Italian,Belgian Grand Prix,2022-08-28,spa,Circuit de Spa-Francorchamps,Belgium,12.0,105.827,,-1.0,,0.2,0.2,51.0,0,13,13.0,16.0,0.0,0,0,0,0,,0.0,13.0,0.0,0.0,13.8,0.2,0.0,0.0,13.0,13.4,0.3,0.0,
2022,14,13,13,0.0,,44,Finished,+1:45.217,tsunoda,TSU,22,Yuki,Tsunoda,Japanese,alphatauri,AlphaTauri,Italian,Belgian Grand Prix,2022-08-28,spa,Circuit de Spa-Francorchamps,Belgium,19.0,106.69200000000001,,-1.0,,0.2,0.2,51.0,0,13,16.0,11.0,0.0,0,0,0,0,,0.0,18.333333333333332,0.3333333333333333,0.0,17.4,0.4,0.0,0.0,13.0,13.4,0.3,7.0,
2022,14,5,5,10.0,3.0,44,Finished,+1:13.256,alonso,ALO,14,Fernando,Alonso,Spanish,alpine,Alpine F1 Team,French,Belgian Grand Prix,2022-08-28,spa,Circuit de Spa-Francorchamps,Belgium,6.0,105.368,105.368,-1.0,,0.2,0.2,51.0,0,13,10.0,41.0,0.0,0,0,0,0,-3.0,13.0,8.0,0.0,25.0,7.6,0.0,29.0,49.0,6.333333333333333,6.0,0.1,1.0,
2022,14,7,7,6.0,16.0,44,Finished,+1:15.640,ocon,OCO,31,Esteban,Ocon,French,alpine,Alpine F1 Team,French,Belgian Grand Prix,2022-08-28,spa,Circuit de Spa-Francorchamps,Belgium,5.0,105.18,105.18,-1.0,,0.2,0.2,51.0,0,13,8.0,58.0,0.0,0,0,0,0,11.0,16.0,7.333333333333333,0.0,24.0,8.6,0.2,29.0,49.0,6.333333333333333,6.0,0.1,0.0,
2022,14,11,11,0.0,9.0,44,Finished,+1:43.078,stroll,STR,18,Lance,Stroll,Canadian,aston_martin,Aston Martin,British,Belgian Grand Prix,2022-08-28,spa,Circuit de Spa-Francorchamps,Belgium,14.0,106.61099999999999,,-1.0,,0.2,0.2,51.0,0,13,18.0,4.0,0.0,0,0,0,0,-5.0,1.0,11.333333333333334,0.0,2.0,11.0,0.0,2.0,5.0,11.0,10.4,0.0,0.0,
2022,14,8,8,4.0,10.0,44,Finished,+1:18.107,vettel,VET,5,Sebastian,Vettel,German,aston_martin,Aston Martin,British,Belgian Grand Prix,2022-08-28,spa,Circuit de Spa-Francorchamps,Belgium,16.0,106.344,,-1.0,,0.2,0.2,51.0,0,13,14.0,16.0,0.0,0,0,0,0,-6.0,1.0,12.666666666666666,0.0,3.0,11.8,0.0,2.0,5.0,11.0,10.4,0.0,2.0,
2022,14,6,6,8.0,15.0,44,Finished,+1:14.936,leclerc,LEC,16,Charles,Leclerc,Monegasque,ferrari,Ferrari,Italian,Belgian Grand Prix,2022-08-28,spa,Circuit de Spa-Francorchamps,Belgium,4.0,104.553,104.553,-1.0,,0.2,0.2,51.0,0,13,2.0,178.0,3.0,0,0,0,0,11.0,33.0,8.666666666666666,0.3333333333333333,55.0,7.0,0.2,56.0,122.0,3.3333333333333335,2.6,0.2,2.0,
2022,14,3,3,15.0,1.0,44,Finished,+26.886,sainz,SAI,55,Carlos,Sainz,Spanish,ferrari,Ferrari,Italian,Belgian Grand Prix,2022-08-28,spa,Circuit de Spa-Francorchamps,Belgium,2.0,104.297,104.297,-1.0,,0.2,0.2,51.0,0,13,5.0,156.0,1.0,0,0,1,0,-1.0,23.0,9.0,0.3333333333333333,67.0,6.0,0.2,56.0,122.0,3.3333333333333335,2.6,0.2,0.0,
2022,14,16,16,0.0,12.0,43,+1 Lap,,kevin_magnussen,MAG,20,Kevin,Magnussen,Danish,haas,Haas F1 Team,American,Belgian Grand Prix,2022-08-28,spa,Circuit de Spa-Francorchamps,Belgium,18.0,106.557,,-1.0,,0.2,0.2,51.0,0,13,11.0,22.0,0.0,0,0,0,0,-6.0,4.0,14.0,0.3333333333333333,5.0,13.8,0.2,12.0,17.0,11.666666666666666,12.0,0.2,3.0,
2022,14,17,17,0.0,19.0,43,+1 Lap,,mick_schumacher,MSC,47,Mick,Schumacher,German,haas,Haas F1 Team,American,Belgian Grand Prix,2022-08-28,spa,Circuit de Spa-Francorchamps,Belgium,15.0,107.718,,-1.0,,0.2,0.2,51.0,0,13,15.0,12.0,0.0,0,0,0,0,4.0,8.0,11.666666666666666,0.0,12.0,12.4,0.2,12.0,17.0,11.666666666666666,12.0,0.2,0.0,
2022,14,12,12,0.0,17.0,44,Finished,+1:44.739,norris,NOR,1,Lando,Norris,British,mclaren,McLaren,British,Belgian Grand Prix,2022-08-28,spa,Circuit de Spa-Francorchamps,Belgium,10.0,106.178,106.178,-1.0,,0.2,0.2,51.0,0,13,7.0,76.0,0.0,0,0,0,0,7.0,18.0,7.0,0.0,26.0,8.4,0.0,22.0,30.0,7.0,7.6,0.0,0.0,
2022,14,15,15,0.0,7.0,44,Finished,+1:47.163,ricciardo,RIC,3,Daniel,Ricciardo,Australian,mclaren,McLaren,British,Belgian Grand Prix,2022-08-28,spa,Circuit de Spa-Francorchamps,Belgium,11.0,105.767,,-1.0,,0.2,0.2,51.0,0,13,12.0,19.0,0.0,0,0,0,0,-4.0,4.0,11.0,0.0,4.0,11.4,0.0,22.0,30.0,7.0,7.6,0.0,1.0,
2022,14,20,R,0.0,4.0,0,Collision damage,,hamilton,HAM,44,Lewis,Hamilton,British,mercedes,Mercedes,German,Belgian Grand Prix,2022-08-28,spa,Circuit de Spa-Francorchamps,Belgium,7.0,105.503,105.503,-1.0,,0.2,0.2,51.0,0,13,6.0,146.0,0.0,1,0,0,0,-3.0,52.0,2.3333333333333335,0.0,83.0,2.6,0.0,94.0,137.0,2.3333333333333335,2.6,0.1,0.0,
2022,14,4,4,12.0,5.0,44,Finished,+29.140,russell,RUS,63,George,Russell,British,mercedes,Mercedes,German,Belgian Grand Prix,2022-08-28,spa,Circuit de Spa-Francorchamps,Belgium,8.0,105.77600000000001,105.77600000000001,-1.0,,0.2,0.2,51.0,0,13,4.0,158.0,0.0,0,0,0,0,-3.0,42.0,3.3333333333333335,0.0,54.0,6.4,0.2,94.0,137.0,2.3333333333333335,2.6,0.1,1.0,
2022,14,1,1,26.0,14.0,44,Finished,1:25:52.894,max_verstappen,VER,3,Max,Verstappen,Dutch,red_bull,Red Bull,Austrian,Belgian Grand Prix,2022-08-28,spa,Circuit de Spa-Francorchamps,Belgium,1.0,103.66499999999999,103.66499999999999,-1.0,,0.2,0.2,51.0,0,13,1.0,258.0,8.0,0,1,1,0,13.0,69.0,1.3333333333333333,0.0,100.0,2.4,0.0,91.0,140.0,1.3333333333333333,1.4,0.2,0.0,
2022,14,2,2,18.0,2.0,44,Finished,+17.841,perez,PER,11,Sergio,Pérez,Mexican,red_bull,Red Bull,Austrian,Belgian Grand Prix,2022-08-28,spa,Circuit de Spa-Francorchamps,Belgium,3.0,104.462,104.462,-1.0,,0.2,0.2,51.0,0,13,3.0,173.0,1.0,0,0,1,0,-1.0,22.0,9.666666666666666,0.3333333333333333,40.0,10.2,0.4,91.0,140.0,1.3333333333333333,1.4,0.2,2.0,
2022,14,10,10,1.0,6.0,44,Finished,+1:41.900,albon,ALB,23,Alexander,Albon,Thai,williams,Williams,British,Belgian Grand Prix,2022-08-28,spa,Circuit de Spa-Francorchamps,Belgium,9.0,105.837,105.837,-1.0,,0.2,0.2,51.0,0,13,19.0,3.0,0.0,0,0,0,0,-3.0,0.0,14.0,0.0,0.0,15.0,0.2,0.0,0.0,14.0,13.4,0.3,0.0,
2022,14,18,18,0.0,11.0,43,+1 Lap,,latifi,LAT,6,Nicholas,Latifi,Canadian,williams,Williams,British,Belgian Grand Prix,2022-08-28,spa,Circuit de Spa-Francorchamps,Belgium,17.0,106.40100000000001,,-1.0,,0.2,0.2,51.0,0,13,20.0,0.0,0.0,0,0,0,0,-6.0,0.0,18.0,0.6666666666666666,0.0,16.4,0.4,0.0,0.0,14.0,13.4,0.3,8.0,
2022,15,19,R,0.0,16.0,53,Engine,,bottas,BOT,77,Valtteri,Bottas,Finnish,alfa,Alfa Romeo,Swiss,Dutch Grand Prix,2022-09-04,zandvoort,Circuit Park Zandvoort,Netherlands,16.0,71.961,,-1.0,,1.8,1.8,55.0,1,14,10.0,46.0,0.0,1,0,0,0,0.0,0.0,17.666666666666668,0.6666666666666666,0.0,16.2,0.6,0.0,0.0,13.666666666666666,13.8,0.4,2.0,
2022,15,16,16,0.0,14.0,72,Finished,+37.320,zhou,ZHO,24,Guanyu,Zhou,Chinese,alfa,Alfa Romeo,Swiss,Dutch Grand Prix,2022-09-04,zandvoort,Circuit Park Zandvoort,Netherlands,14.0,71.70400000000001,,-1.0,,1.8,1.8,55.0,1,14,17.0,5.0,0.0,0,0,0,0,0.0,0.0,14.333333333333334,0.0,0.0,15.2,0.2,0.0,0.0,13.666666666666666,13.8,0.4,0.0,
2022,15,11,11,0.0,11.0,72,Finished,+27.009,gasly,GAS,10,Pierre,Gasly,French,alphatauri,AlphaTauri,Italian,Dutch Grand Prix,2022-09-04,zandvoort,Circuit Park Zandvoort,Netherlands,11.0,71.512,,-1.0,,1.8,1.8,55.0,1,14,14.0,18.0,0.0,0,0,0,0,0.0,2.0,11.0,0.0,2.0,12.8,0.2,2.0,2.0,11.0,12.4,0.2,2.0,
2022,15,20,R,0.0,9.0,43,Differential,,tsunoda,TSU,22,Yuki,Tsunoda,Japanese,alphatauri,AlphaTauri,Italian,Dutch Grand Prix,2022-09-04,zandvoort,Circuit Park Zandvoort,Netherlands,9.0,72.556,72.556,-1.0,,1.8,1.8,55.0,1,14,16.0,11.0,0.0,1,0,0,0,0.0,0.0,17.333333333333332,0.3333333333333333,0.0,16.4,0.2,2.0,2.0,11.0,12.4,0.2,0.0,
2022,15,6,6,8.0,13.0,72,Finished,+18.754,alonso,ALO,14,Fernando,Alonso,Spanish,alpine,Alpine F1 Team,French,Dutch Grand Prix,2022-09-04,zandvoort,Circuit Park Zandvoort,Netherlands,13.0,71.613,,-1.0,,1.8,1.8,55.0,1,14,9.0,51.0,0.0,0,0,0,0,0.0,22.0,6.333333333333333,0.0,33.0,6.8,0.0,34.0,55.0,6.333333333333333,5.8,0.1,1.0,
2022,15,9,9,2.0,12.0,72,Finished,+21.117,ocon,OCO,31,Esteban,Ocon,French,alpine,Alpine F1 Team,French,Dutch Grand Prix,2022-09-04,zandvoort,Circuit Park Zandvoort,Netherlands,12.0,71.605,,-1.0,,1.8,1.8,55.0,1,14,8.0,64.0,0.0,0,0,0,0,0.0,12.0,8.0,0.0,22.0,8.8,0.2,34.0,55.0,6.333333333333333,5.8,0.1,0.0,
2022,15,10,10,1.0,10.0,72,Finished,+22.459,stroll,STR,18,Lance,Stroll,Canadian,aston_martin,Aston Martin,British,Dutch Grand Prix,2022-09-04,zandvoort,Circuit Park Zandvoort,Netherlands,10.0,71.416,,-1.0,,1.8,1.8,55.0,1,14,19.0,4.0,0.0,0,0,0,0,0.0,1.0,10.666666666666666,0.0,1.0,11.2,0.0,6.0,8.0,9.333333333333334,10.0,0.0,0.0,
2022,15,14,14,0.0,19.0,72,Finished,+36.007,vettel,VET,5,Sebastian,Vettel,German,aston_martin,Aston Martin,British,Dutch Grand Prix,2022-09-04,zandvoort,Circuit Park Zandvoort,Netherlands,19.0,72.391,,-1.0,,1.8,1.8,55.0,1,14,12.0,20.0,0.0,0,0,0,0,0.0,5.0,9.666666666666666,0.0,7.0,11.0,0.0,6.0,8.0,9.333333333333334,10.0,0.0,9.0,
2022,15,3,3,15.0,2.0,72,Finished,+10.929,leclerc,LEC,16,Charles,Leclerc,Monegasque,ferrari,Ferrari,Italian,Dutch Grand Prix,2022-09-04,zandvoort,Circuit Park Zandvoort,Netherlands,2.0,70.363,70.363,-1.0,,1.8,1.8,55.0,1,14,3.0,186.0,3.0,0,0,1,0,0.0,16.0,10.333333333333334,0.3333333333333333,53.0,7.2,0.2,54.0,116.0,4.0,2.8,0.2,0.0,
2022,15,8,8,4.0,3.0,72,Finished,+20.916,sainz,SAI,55,Carlos,Sainz,Spanish,ferrari,Ferrari,Italian,Dutch Grand Prix,2022-09-04,zandvoort,Circuit Park Zandvoort,Netherlands,3.0,70.434,70.434,-1.0,,1.8,1.8,55.0,1,14,4.0,171.0,1.0,0,0,0,0,0.0,38.0,4.0,0.0,63.0,6.2,0.2,54.0,116.0,4.0,2.8,0.2,1.0,
2022,15,15,15,0.0,18.0,72,Finished,+36.869,kevin_magnussen,MAG,20,Kevin,Magnussen,Danish,haas,Haas F1 Team,American,Dutch Grand Prix,2022-09-04,zandvoort,Circuit Park Zandvoort,Netherlands,18.0,72.319,,-1.0,,1.8,1.8,55.0,1,14,11.0,22.0,0.0,0,0,0,0,0.0,0.0,16.666666666666668,0.3333333333333333,5.0,13.6,0.2,0.0,17.0,15.0,11.8,0.1,10.0,
2022,15,13,13,0.0,8.0,72,Finished,+32.995,mick_schumacher,MSC,47,Mick,Schumacher,German,haas,Haas F1 Team,American,Dutch Grand Prix,2022-09-04,zandvoort,Circuit Park Zandvoort,Netherlands,8.0,71.44200000000001,71.44200000000001,-1.0,,1.8,1.8,55.0,1,14,15.0,12.0,0.0,0,0,0,0,0.0,0.0,15.333333333333334,0.0,12.0,12.0,0.0,0.0,17.0,15.0,11.8,0.1,0.0,
2022,15,7,7,6.0,7.0,72,Finished,+19.306,norris,NOR,1,Lando,Norris,British,mclaren,McLaren,British,Dutch Grand Prix,2022-09-04,zandvoort,Circuit Park Zandvoort,Netherlands,7.0,71.174,71.174,-1.0,,1.8,1.8,55.0,1,14,7.0,76.0,0.0,0,0,0,0,0.0,12.0,8.666666666666666,0.0,26.0,7.8,0.0,14.0,30.0,8.666666666666666,7.8,0.0,0.0,
2022,15,17,17,0.0,17.0,72,Finished,+37.764,ricciardo,RIC,3,Daniel,Ricciardo,Australian,mclaren,McLaren,British,Dutch Grand Prix,2022-09-04,zandvoort,Circuit Park Zandvoort,Netherlands,17.0,72.081,,-1.0,,1.8,1.8,55.0,1,14,13.0,19.0,0.0,0,0,0,0,0.0,2.0,13.0,0.0,4.0,12.2,0.0,14.0,30.0,8.666666666666666,7.8,0.0,10.0,
2022,15,4,4,12.0,4.0,72,Finished,+13.016,hamilton,HAM,44,Lewis,Hamilton,British,mercedes,Mercedes,German,Dutch Grand Prix,2022-09-04,zandvoort,Circuit Park Zandvoort,Netherlands,4.0,70.648,70.648,-1.0,,1.8,1.8,55.0,1,14,6.0,146.0,0.0,0,0,0,0,0.0,37.0,8.0,0.3333333333333333,68.0,6.0,0.2,79.0,122.0,2.6666666666666665,2.8,0.2,0.0,
2022,15,2,2,18.0,6.0,72,Finished,+4.071,russell,RUS,63,George,Russell,British,mercedes,Mercedes,German,Dutch Grand Prix,2022-09-04,zandvoort,Circuit Park Zandvoort,Netherlands,6.0,71.147,71.147,-1.0,,1.8,1.8,55.0,1,14,5.0,170.0,0.0,0,0,1,0,0.0,42.0,3.3333333333333335,0.0,54.0,6.4,0.2,79.0,122.0,2.6666666666666665,2.8,0.2,2.0,
2022,15,1,1,26.0,1.0,72,Finished,1:36:42.773,max_verstappen,VER,3,Max,Verstappen,Dutch,red_bull,Red Bull,Austrian,Dutch Grand Prix,2022-09-04,zandvoort,Circuit Park Zandvoort,Netherlands,1.0,70.342,70.342,-1.0,,1.8,1.8,55.0,1,14,1.0,284.0,9.0,0,1,1,0,0.0,76.0,1.0,0.0,101.0,2.4,0.0,116.0,159.0,1.0,1.4,0.1,0.0,
2022,15,5,5,10.0,5.0,72,Finished,+18.168,perez,PER,11,Sergio,Pérez,Mexican,red_bull,Red Bull,Austrian,Dutch Grand Prix,2022-09-04,zandvoort,Circuit Park Zandvoort,Netherlands,5.0,71.077,71.077,-1.0,,1.8,1.8,55.0,1,14,2.0,191.0,1.0,0,0,0,0,0.0,40.0,3.6666666666666665,0.0,58.0,6.6,0.2,116.0,159.0,1.0,1.4,0.1,4.0,
2022,15,12,12,0.0,15.0,72,Finished,+30.390,albon,ALB,23,Alexander,Albon,Thai,williams,Williams,British,Dutch Grand Prix,2022-09-04,zandvoort,Circuit Park Zandvoort,Netherlands,15.0,71.80199999999999,,-1.0,,1.8,1.8,55.0,1,14,18.0,4.0,0.0,0,0,0,0,0.0,1.0,13.333333333333334,0.0,1.0,14.4,0.2,1.0,1.0,13.333333333333334,12.8,0.3,0.0,
2022,15,18,18,0.0,20.0,71,+1 Lap,,latifi,LAT,6,Nicholas,Latifi,Canadian,williams,Williams,British,Dutch Grand Prix,2022-09-04,zandvoort,Circuit Park Zandvoort,Netherlands,20.0,73.353,,-1.0,,1.8,1.8,55.0,1,14,20.0,0.0,0.0,0,0,0,0,0.0,0.0,17.666666666666668,0.3333333333333333,0.0,16.8,0.4,1.0,1.0,13.333333333333334,12.8,0.3,5.0,
2022,16,13,13,0.0,15.0,52,+1 Lap,,bottas,BOT,77,Valtteri,Bottas,Finnish,alfa,Alfa Romeo,Swiss,Italian Grand Prix,2022-09-11,monza,Autodromo Nazionale di Monza,Italy,12.0,82.235,,-1.0,,0.0,0.0,1.0,0,15,10.0,46.0,0.0,0,0,0,0,3.0,0.0,19.333333333333332,1.0,0.0,16.6,0.6,0.0,0.0,14.333333333333334,13.6,0.3,0.0,
2022,16,10,10,1.0,9.0,53,Finished,+7.910,zhou,ZHO,24,Guanyu,Zhou,Chinese,alfa,Alfa Romeo,Swiss,Italian Grand Prix,2022-09-11,monza,Autodromo Nazionale di Monza,Italy,14.0,82.577,,-1.0,,0.0,0.0,1.0,0,15,17.0,5.0,0.0,0,0,0,0,-5.0,0.0,14.333333333333334,0.0,0.0,14.6,0.0,0.0,0.0,14.333333333333334,13.6,0.3,2.0,
2022,16,8,8,4.0,5.0,53,Finished,+6.396,gasly,GAS,10,Pierre,Gasly,French,alphatauri,AlphaTauri,Italian,Italian Grand Prix,2022-09-11,monza,Autodromo Nazionale di Monza,Italy,9.0,82.648,82.648,-1.0,,0.0,0.0,1.0,0,15,14.0,18.0,0.0,0,0,0,0,-4.0,2.0,10.666666666666666,0.0,2.0,11.8,0.0,2.0,2.0,10.666666666666666,11.8,0.2,0.0,
2022,16,14,14,0.0,20.0,52,+1 Lap,,tsunoda,TSU,22,Yuki,Tsunoda,Japanese,alphatauri,AlphaTauri,Italian,Italian Grand Prix,2022-09-11,monza,Autodromo Nazionale di Monza,Italy,15.0,82.02,,-1.0,,0.0,0.0,1.0,0,15,16.0,11.0,0.0,0,0,0,0,5.0,0.0,17.333333333333332,0.3333333333333333,0.0,17.6,0.4,2.0,2.0,10.666666666666666,11.8,0.2,6.0,
2022,16,19,R,0.0,6.0,31,Water pressure,,alonso,ALO,14,Fernando,Alonso,Spanish,alpine,Alpine F1 Team,French,Italian Grand Prix,2022-09-11,monza,Autodromo Nazionale di Monza,Italy,10.0,81.861,,-1.0,,0.0,0.0,1.0,0,15,9.0,59.0,0.0,1,0,0,0,-4.0,22.0,6.333333333333333,0.0,31.0,7.0,0.0,32.0,55.0,6.333333333333333,6.0,0.0,0.0,
2022,16,11,11,0.0,14.0,53,Finished,+8.323,ocon,OCO,31,Esteban,Ocon,French,alpine,Alpine F1 Team,French,Italian Grand Prix,2022-09-11,monza,Autodromo Nazionale di Monza,Italy,11.0,82.13,,-1.0,,0.0,0.0,1.0,0,15,8.0,66.0,0.0,0,0,0,0,3.0,10.0,8.333333333333334,0.0,24.0,7.6,0.0,32.0,55.0,6.333333333333333,6.0,0.0,1.0,
2022,16,18,R,0.0,12.0,39,Engine,,stroll,STR,18,Lance,Stroll,Canadian,aston_martin,Aston Martin,British,Italian Grand Prix,2022-09-11,monza,Autodromo Nazionale di Monza,Italy,18.0,82.748,,-1.0,,0.0,0.0,1.0,0,15,18.0,5.0,0.0,1,0,0,0,-6.0,1.0,10.666666666666666,0.0,2.0,11.0,0.0,6.0,7.0,9.333333333333334,10.2,0.0,1.0,
2022,16,20,R,0.0,11.0,10,Engine,,vettel,VET,5,Sebastian,Vettel,German,aston_martin,Aston Martin,British,Italian Grand Prix,2022-09-11,monza,Autodromo Nazionale di Monza,Italy,17.0,82.636,,-1.0,,0.0,0.0,1.0,0,15,12.0,20.0,0.0,1,0,0,0,-6.0,5.0,10.666666666666666,0.0,5.0,12.0,0.0,6.0,7.0,9.333333333333334,10.2,0.0,0.0,
2022,16,2,2,18.0,1.0,53,Finished,+2.446,leclerc,LEC,16,Charles,Leclerc,Monegasque,ferrari,Ferrari,Italian,Italian Grand Prix,2022-09-11,monza,Autodromo Nazionale di Monza,Italy,1.0,80.161,80.161,-1.0,,0.0,0.0,1.0,0,15,2.0,201.0,3.0,0,0,1,0,0.0,31.0,5.0,0.0,56.0,7.0,0.2,62.0,98.0,3.3333333333333335,3.2,0.2,0.0,
2022,16,4,4,12.0,18.0,53,Finished,+5.061,sainz,SAI,55,Carlos,Sainz,Spanish,ferrari,Ferrari,Italian,Italian Grand Prix,2022-09-11,monza,Autodromo Nazionale di Monza,Italy,3.0,80.429,80.429,-1.0,,0.0,0.0,1.0,0,15,5.0,175.0,1.0,0,0,0,0,15.0,31.0,5.0,0.0,42.0,7.6,0.2,62.0,98.0,3.3333333333333335,3.2,0.2,2.0,
2022,16,16,16,0.0,16.0,52,+1 Lap,,kevin_magnussen,MAG,20,Kevin,Magnussen,Danish,haas,Haas F1 Team,American,Italian Grand Prix,2022-09-11,monza,Autodromo Nazionale di Monza,Italy,19.0,82.908,,-1.0,,0.0,0.0,1.0,0,15,11.0,22.0,0.0,0,0,0,0,-3.0,0.0,15.666666666666666,0.0,4.0,14.6,0.2,0.0,12.0,14.333333333333334,12.8,0.1,0.0,
2022,16,12,12,0.0,17.0,53,Finished,+8.549,mick_schumacher,MSC,47,Mick,Schumacher,German,haas,Haas F1 Team,American,Italian Grand Prix,2022-09-11,monza,Autodromo Nazionale di Monza,Italy,20.0,83.005,,-1.0,,0.0,0.0,1.0,0,15,15.0,12.0,0.0,0,0,0,0,-3.0,0.0,14.666666666666666,0.0,8.0,13.0,0.0,0.0,12.0,14.333333333333334,12.8,0.1,1.0,
2022,16,7,7,6.0,3.0,53,Finished,+6.207,norris,NOR,1,Lando,Norris,British,mclaren,McLaren,British,Italian Grand Prix,2022-09-11,monza,Autodromo Nazionale di Monza,Italy,7.0,81.584,81.584,-1.0,,0.0,0.0,1.0,0,15,7.0,82.0,0.0,0,0,0,0,-4.0,12.0,8.666666666666666,0.0,24.0,8.0,0.0,12.0,28.0,8.666666666666666,8.0,0.0,0.0,
2022,16,17,R,0.0,4.0,45,Oil leak,,ricciardo,RIC,3,Daniel,Ricciardo,Australian,mclaren,McLaren,British,Italian Grand Prix,2022-09-11,monza,Autodromo Nazionale di Monza,Italy,8.0,81.925,81.925,-1.0,,0.0,0.0,1.0,0,15,13.0,19.0,0.0,1,0,0,0,-4.0,0.0,15.666666666666666,0.0,4.0,13.0,0.0,12.0,28.0,8.666666666666666,8.0,0.0,1.0,
2022,16,5,5,10.0,19.0,53,Finished,+5.380,hamilton,HAM,44,Lewis,Hamilton,British,mercedes,Mercedes,German,Italian Grand Prix,2022-09-11,monza,Autodromo Nazionale di Monza,Italy,5.0,81.524,81.524,-1.0,,0.0,0.0,1.0,0,15,6.0,158.0,0.0,0,0,0,0,14.0,31.0,8.666666666666666,0.3333333333333333,64.0,6.2,0.2,76.0,136.0,2.6666666666666665,2.6,0.1,0.0,
2022,16,3,3,15.0,2.0,53,Finished,+3.405,russell,RUS,63,George,Russell,British,mercedes,Mercedes,German,Italian Grand Prix,2022-09-11,monza,Autodromo Nazionale di Monza,Italy,6.0,81.542,81.542,-1.0,,0.0,0.0,1.0,0,15,4.0,188.0,0.0,0,0,1,0,-4.0,45.0,3.0,0.0,72.0,3.2,0.0,76.0,136.0,2.6666666666666665,2.6,0.1,1.0,
2022,16,1,1,25.0,7.0,53,Finished,1:20:27.511,max_verstappen,VER,3,Max,Verstappen,Dutch,red_bull,Red Bull,Austrian,Italian Grand Prix,2022-09-11,monza,Autodromo Nazionale di Monza,Italy,2.0,80.306,80.306,-1.0,,0.0,0.0,1.0,0,15,1.0,310.0,10.0,0,1,1,0,5.0,77.0,1.0,0.0,121.0,1.2,0.0,115.0,171.0,1.0,1.2,0.1,0.0,
2022,16,6,6,9.0,13.0,53,Finished,+6.091,perez,PER,11,Sergio,Pérez,Mexican,red_bull,Red Bull,Austrian,Italian Grand Prix,2022-09-11,monza,Autodromo Nazionale di Monza,Italy,4.0,81.206,81.206,-1.0,,0.0,0.0,1.0,0,15,3.0,201.0,1.0,0,0,0,0,9.0,38.0,4.0,0.0,50.0,7.2,0.2,115.0,171.0,1.0,1.2,0.1,2.0,
2022,16,9,9,2.0,8.0,53,Finished,+7.122,de_vries,DEV,21,Nyck,de Vries,Dutch,williams,Williams,British,Italian Grand Prix,2022-09-11,monza,Autodromo Nazionale di Monza,Italy,13.0,82.471,,-1.0,,0.0,0.0,1.0,0,15,,,,0,0,0,0,-5.0,,,,,,,1.0,1.0,13.0,12.8,0.2,0.0,
2022,16,15,15,0.0,10.0,52,+1 Lap,,latifi,LAT,6,Nicholas,Latifi,Canadian,williams,Williams,British,Italian Grand Prix,2022-09-11,monza,Autodromo Nazionale di Monza,Italy,16.0,82.587,,-1.0,,0.0,0.0,1.0,0,15,20.0,0.0,0.0,0,0,0,0,-6.0,0.0,18.0,0.0,0.0,18.0,0.4,1.0,1.0,13.0,12.8,0.2,3.0,
2022,17,11,11,0.0,15.0,59,Finished,+1:28.844,bottas,BOT,77,Valtteri,Bottas,Finnish,alfa,Alfa Romeo,Swiss,Singapore Grand Prix,2022-10-02,marina_bay,Marina Bay Street Circuit,Singapore,16.0,116.083,,-1.0,,6.4,6.4,61.0,1,16,10.0,46.0,0.0,0,0,0,0,-1.0,0.0,17.0,0.6666666666666666,0.0,17.0,0.6,1.0,1.0,13.333333333333334,13.4,0.3,1.0,
2022,17,20,R,0.0,14.0,6,Collision,,zhou,ZHO,24,Guanyu,Zhou,Chinese,alfa,Alfa Romeo,Swiss,Singapore Grand Prix,2022-10-02,marina_bay,Marina Bay Street Circuit,Singapore,15.0,115.518,,-1.0,,6.4,6.4,61.0,1,16,17.0,6.0,0.0,1,0,0,0,-1.0,1.0,13.333333333333334,0.0,1.0,13.8,0.0,1.0,1.0,13.333333333333334,13.4,0.3,0.0,
2022,17,10,10,1.0,7.0,59,Finished,+1:09.576,gasly,GAS,10,Pierre,Gasly,French,alphatauri,AlphaTauri,Italian,Singapore Grand Prix,2022-10-02,marina_bay,Marina Bay Street Circuit,Singapore,7.0,111.211,111.211,-1.0,,6.4,6.4,61.0,1,16,11.0,22.0,0.0,0,0,0,0,0.0,6.0,9.333333333333334,0.0,6.0,10.4,0.0,6.0,6.0,9.333333333333334,10.4,0.2,0.0,
2022,17,15,R,0.0,10.0,34,Accident,,tsunoda,TSU,22,Yuki,Tsunoda,Japanese,alphatauri,AlphaTauri,Italian,Singapore Grand Prix,2022-10-02,marina_bay,Marina Bay Street Circuit,Singapore,10.0,111.983,111.983,-1.0,,6.4,6.4,61.0,1,16,16.0,11.0,0.0,1,0,0,0,0.0,0.0,15.666666666666666,0.3333333333333333,0.0,17.2,0.4,6.0,6.0,9.333333333333334,10.4,0.2,3.0,
2022,17,18,R,0.0,5.0,20,Engine,,alonso,ALO,14,Fernando,Alonso,Spanish,alpine,Alpine F1 Team,French,Singapore Grand Prix,2022-10-02,marina_bay,Marina Bay Street Circuit,Singapore,5.0,109.96600000000001,109.96600000000001,-1.0,,6.4,6.4,61.0,1,16,9.0,59.0,0.0,1,0,0,0,0.0,18.0,10.0,0.3333333333333333,30.0,8.8,0.2,26.0,44.0,7.333333333333333,7.2,0.1,0.0,
2022,17,16,R,0.0,17.0,26,Engine,,ocon,OCO,31,Esteban,Ocon,French,alpine,Alpine F1 Team,French,Singapore Grand Prix,2022-10-02,marina_bay,Marina Bay Street Circuit,Singapore,18.0,116.337,,-1.0,,6.4,6.4,61.0,1,16,8.0,66.0,0.0,1,0,0,0,-1.0,8.0,9.0,0.0,14.0,8.8,0.0,26.0,44.0,7.333333333333333,7.2,0.1,13.0,
2022,17,6,6,8.0,11.0,59,Finished,+56.330,stroll,STR,18,Lance,Stroll,Canadian,aston_martin,Aston Martin,British,Singapore Grand Prix,2022-10-02,marina_bay,Marina Bay Street Circuit,Singapore,12.0,114.211,,-1.0,,6.4,6.4,61.0,1,16,18.0,5.0,0.0,0,0,0,0,-1.0,1.0,13.0,0.3333333333333333,2.0,12.0,0.2,5.0,7.0,12.0,11.2,0.2,0.0,
2022,17,8,8,4.0,13.0,59,Finished,+1:00.032,vettel,VET,5,Sebastian,Vettel,German,aston_martin,Aston Martin,British,Singapore Grand Prix,2022-10-02,marina_bay,Marina Bay Street Circuit,Singapore,14.0,114.38,,-1.0,,6.4,6.4,61.0,1,16,13.0,20.0,0.0,0,0,0,0,-1.0,4.0,14.0,0.3333333333333333,5.0,12.6,0.2,5.0,7.0,12.0,11.2,0.2,2.0,
2022,17,2,2,18.0,1.0,59,Finished,+2.595,leclerc,LEC,16,Charles,Leclerc,Monegasque,ferrari,Ferrari,Italian,Singapore Grand Prix,2022-10-02,marina_bay,Marina Bay Street Circuit,Singapore,1.0,109.412,109.412,-1.0,,6.4,6.4,61.0,1,16,2.0,219.0,3.0,0,0,1,0,0.0,41.0,3.6666666666666665,0.0,49.0,7.2,0.2,72.0,103.0,2.6666666666666665,3.4,0.1,0.0,
2022,17,3,3,15.0,4.0,59,Finished,+10.305,sainz,SAI,55,Carlos,Sainz,Spanish,ferrari,Ferrari,Italian,Singapore Grand Prix,2022-10-02,marina_bay,Marina Bay Street Circuit,Singapore,4.0,109.583,109.583,-1.0,,6.4,6.4,61.0,1,16,5.0,187.0,1.0,0,0,1,0,0.0,31.0,5.0,0.0,54.0,4.8,0.0,72.0,103.0,2.6666666666666665,3.4,0.1,3.0,
2022,17,12,12,0.0,9.0,59,Finished,+1:32.610,kevin_magnussen,MAG,20,Kevin,Magnussen,Danish,haas,Haas F1 Team,American,Singapore Grand Prix,2022-10-02,marina_bay,Marina Bay Street Circuit,Singapore,9.0,111.57300000000001,111.57300000000001,-1.0,,6.4,6.4,61.0,1,16,12.0,22.0,0.0,0,0,0,0,0.0,0.0,15.666666666666666,0.0,0.0,16.2,0.2,0.0,0.0,13.666666666666666,14.0,0.1,0.0,
2022,17,13,13,0.0,12.0,58,+1 Lap,,mick_schumacher,MSC,47,Mick,Schumacher,German,haas,Haas F1 Team,American,Singapore Grand Prix,2022-10-02,marina_bay,Marina Bay Street Circuit,Singapore,13.0,114.37,,-1.0,,6.4,6.4,61.0,1,16,15.0,12.0,0.0,0,0,0,0,-1.0,0.0,14.0,0.0,0.0,14.2,0.0,0.0,0.0,13.666666666666666,14.0,0.1,4.0,
2022,17,4,4,12.0,6.0,59,Finished,+21.133,norris,NOR,1,Lando,Norris,British,mclaren,McLaren,British,Singapore Grand Prix,2022-10-02,marina_bay,Marina Bay Street Circuit,Singapore,6.0,110.584,110.584,-1.0,,6.4,6.4,61.0,1,16,7.0,88.0,0.0,0,0,0,0,0.0,12.0,8.666666666666666,0.0,24.0,8.0,0.0,12.0,26.0,8.666666666666666,8.0,0.1,0.0,
2022,17,5,5,10.0,16.0,59,Finished,+53.282,ricciardo,RIC,3,Daniel,Ricciardo,Australian,mclaren,McLaren,British,Singapore Grand Prix,2022-10-02,marina_bay,Marina Bay Street Circuit,Singapore,17.0,116.226,,-1.0,,6.4,6.4,61.0,1,16,14.0,19.0,0.0,0,0,0,0,-1.0,0.0,16.333333333333332,0.3333333333333333,2.0,14.6,0.2,12.0,26.0,8.666666666666666,8.0,0.1,11.0,
2022,17,9,9,2.0,3.0,59,Finished,+1:01.515,hamilton,HAM,44,Lewis,Hamilton,British,mercedes,Mercedes,German,Singapore Grand Prix,2022-10-02,marina_bay,Marina Bay Street Circuit,Singapore,3.0,109.46600000000001,109.46600000000001,-1.0,,6.4,6.4,61.0,1,16,6.0,168.0,0.0,0,0,0,0,0.0,22.0,9.666666666666666,0.3333333333333333,59.0,6.6,0.2,67.0,134.0,3.0,2.6,0.1,0.0,
2022,17,14,14,0.0,,57,+2 Laps,,russell,RUS,63,George,Russell,British,mercedes,Mercedes,German,Singapore Grand Prix,2022-10-02,marina_bay,Marina Bay Street Circuit,Singapore,11.0,114.012,,-1.0,,6.4,6.4,61.0,1,16,4.0,203.0,0.0,0,0,0,0,,45.0,3.0,0.0,75.0,3.0,0.0,67.0,134.0,3.0,2.6,0.1,8.0,
2022,17,7,7,6.0,8.0,59,Finished,+58.825,max_verstappen,VER,3,Max,Verstappen,Dutch,red_bull,Red Bull,Austrian,Singapore Grand Prix,2022-10-02,marina_bay,Marina Bay Street Circuit,Singapore,8.0,111.39500000000001,111.39500000000001,-1.0,,6.4,6.4,61.0,1,16,1.0,335.0,11.0,0,0,0,0,0.0,77.0,1.0,0.0,127.0,1.0,0.0,114.0,186.0,1.0,1.0,0.0,6.0,
2022,17,1,1,25.0,2.0,59,Finished,2:02:20.238,perez,PER,11,Sergio,Pérez,Mexican,red_bull,Red Bull,Austrian,Singapore Grand Prix,2022-10-02,marina_bay,Marina Bay Street Circuit,Singapore,2.0,109.434,109.434,-1.0,,6.4,6.4,61.0,1,16,3.0,210.0,1.0,0,1,1,0,0.0,37.0,4.333333333333333,0.0,59.0,4.4,0.0,114.0,186.0,1.0,1.0,0.0,0.0,
2022,17,17,R,0.0,18.0,25,Collision damage,,albon,ALB,23,Alexander,Albon,Thai,williams,Williams,British,Singapore Grand Prix,2022-10-02,marina_bay,Marina Bay Street Circuit,Singapore,19.0,116.985,,-1.0,,6.4,6.4,61.0,1,16,19.0,4.0,0.0,1,0,0,0,-1.0,1.0,13.0,0.0,1.0,12.8,0.0,3.0,3.0,10.333333333333334,12.2,0.1,0.0,
2022,17,19,R,0.0,19.0,7,Collision damage,,latifi,LAT,6,Nicholas,Latifi,Canadian,williams,Williams,British,Singapore Grand Prix,2022-10-02,marina_bay,Marina Bay Street Circuit,Singapore,20.0,117.532,,-1.0,,6.4,6.4,61.0,1,16,21.0,0.0,0.0,1,0,0,0,-1.0,0.0,17.0,0.0,0.0,17.2,0.2,3.0,3.0,10.333333333333334,12.2,0.1,1.0,
2022,18,15,15,0.0,12.0,28,Finished,+1:26.496,bottas,BOT,77,Valtteri,Bottas,Finnish,alfa,Alfa Romeo,Swiss,Japanese Grand Prix,2022-10-09,suzuka,Suzuka Circuit,Japan,12.0,90.709,,-1.0,,30.1,30.1,63.0,1,17,10.0,46.0,0.0,0,0,0,0,0.0,0.0,14.333333333333334,0.3333333333333333,0.0,16.4,0.6,1.0,1.0,12.333333333333334,12.8,0.4,0.0,
2022,18,16,16,0.0,14.0,28,Finished,+1:27.043,zhou,ZHO,24,Guanyu,Zhou,Chinese,alfa,Alfa Romeo,Swiss,Japanese Grand Prix,2022-10-09,suzuka,Suzuka Circuit,Japan,14.0,90.953,,-1.0,,30.1,30.1,63.0,1,17,18.0,6.0,0.0,0,0,0,0,0.0,1.0,15.333333333333334,0.3333333333333333,1.0,14.6,0.2,1.0,1.0,12.333333333333334,12.8,0.4,2.0,
2022,18,18,18,0.0,17.0,28,Finished,+1:48.091,gasly,GAS,10,Pierre,Gasly,French,alphatauri,AlphaTauri,Italian,Japanese Grand Prix,2022-10-09,suzuka,Suzuka Circuit,Japan,17.0,91.322,,-1.0,,30.1,30.1,63.0,1,17,13.0,23.0,0.0,0,0,0,0,0.0,5.0,9.666666666666666,0.0,7.0,10.0,0.0,5.0,7.0,9.666666666666666,10.0,0.2,4.0,
2022,18,13,13,0.0,13.0,28,Finished,+1:15.599,tsunoda,TSU,22,Yuki,Tsunoda,Japanese,alphatauri,AlphaTauri,Italian,Japanese Grand Prix,2022-10-09,suzuka,Suzuka Circuit,Japan,13.0,90.80799999999999,,-1.0,,30.1,30.1,63.0,1,17,17.0,11.0,0.0,0,0,0,0,0.0,0.0,16.333333333333332,0.6666666666666666,0.0,16.2,0.4,5.0,7.0,9.666666666666666,10.0,0.2,0.0,
2022,18,7,7,6.0,7.0,28,Finished,+46.369,alonso,ALO,14,Fernando,Alonso,Spanish,alpine,Alpine F1 Team,French,Japanese Grand Prix,2022-10-09,suzuka,Suzuka Circuit,Japan,7.0,90.322,90.322,-1.0,,30.1,30.1,63.0,1,17,9.0,59.0,0.0,0,0,0,0,0.0,8.0,14.333333333333334,0.6666666666666666,22.0,11.2,0.4,10.0,32.0,11.0,9.2,0.3,2.0,
2022,18,4,4,12.0,5.0,28,Finished,+39.685,ocon,OCO,31,Esteban,Ocon,French,alpine,Alpine F1 Team,French,Japanese Grand Prix,2022-10-09,suzuka,Suzuka Circuit,Japan,5.0,90.16499999999999,90.16499999999999,-1.0,,30.1,30.1,63.0,1,17,8.0,66.0,0.0,0,0,0,0,0.0,2.0,12.0,0.3333333333333333,10.0,10.4,0.2,10.0,32.0,11.0,9.2,0.3,0.0,
2022,18,12,12,0.0,19.0,28,Finished,+1:13.904,stroll,STR,18,Lance,Stroll,Canadian,aston_martin,Aston Martin,British,Japanese Grand Prix,2022-10-09,suzuka,Suzuka Circuit,Japan,19.0,91.419,,-1.0,,30.1,30.1,63.0,1,17,15.0,13.0,0.0,0,0,0,0,0.0,9.0,11.333333333333334,0.3333333333333333,9.0,11.2,0.2,13.0,18.0,11.333333333333334,10.4,0.2,10.0,
2022,18,6,6,8.0,9.0,28,Finished,+46.358,vettel,VET,5,Sebastian,Vettel,German,aston_martin,Aston Martin,British,Japanese Grand Prix,2022-10-09,suzuka,Suzuka Circuit,Japan,9.0,90.554,90.554,-1.0,,30.1,30.1,63.0,1,17,12.0,24.0,0.0,0,0,0,0,0.0,4.0,14.0,0.3333333333333333,9.0,12.0,0.2,13.0,18.0,11.333333333333334,10.4,0.2,0.0,
2022,18,3,3,15.0,2.0,28,Finished,+31.763,leclerc,LEC,16,Charles,Leclerc,Monegasque,ferrari,Ferrari,Italian,Japanese Grand Prix,2022-10-09,suzuka,Suzuka Circuit,Japan,2.0,89.314,89.314,-1.0,,30.1,30.1,63.0,1,17,2.0,237.0,3.0,0,0,1,0,0.0,51.0,2.3333333333333335,0.0,67.0,3.8,0.0,82.0,125.0,2.3333333333333335,2.8,0.0,0.0,
2022,18,19,R,0.0,3.0,0,Accident,,sainz,SAI,55,Carlos,Sainz,Spanish,ferrari,Ferrari,Italian,Japanese Grand Prix,2022-10-09,suzuka,Suzuka Circuit,Japan,3.0,89.361,89.361,-1.0,,30.1,30.1,63.0,1,17,5.0,202.0,1.0,1,0,0,0,0.0,31.0,5.0,0.0,58.0,4.4,0.0,82.0,125.0,2.3333333333333335,2.8,0.0,1.0,
2022,18,14,14,0.0,18.0,28,Finished,+1:26.016,kevin_magnussen,MAG,20,Kevin,Magnussen,Danish,haas,Haas F1 Team,American,Japanese Grand Prix,2022-10-09,suzuka,Suzuka Circuit,Japan,18.0,91.352,,-1.0,,30.1,30.1,63.0,1,17,14.0,22.0,0.0,0,0,0,0,0.0,0.0,14.333333333333334,0.0,0.0,15.0,0.0,0.0,0.0,12.333333333333334,13.4,0.0,3.0,
2022,18,17,17,0.0,15.0,28,Finished,+1:32.523,mick_schumacher,MSC,47,Mick,Schumacher,German,haas,Haas F1 Team,American,Japanese Grand Prix,2022-10-09,suzuka,Suzuka Circuit,Japan,15.0,91.439,,-1.0,,30.1,30.1,63.0,1,17,16.0,12.0,0.0,0,0,0,0,0.0,0.0,12.666666666666666,0.0,0.0,13.8,0.0,0.0,0.0,12.333333333333334,13.4,0.0,0.0,
2022,18,10,10,1.0,10.0,28,Finished,+1:10.782,norris,NOR,1,Lando,Norris,British,mclaren,McLaren,British,Japanese Grand Prix,2022-10-09,suzuka,Suzuka Circuit,Japan,10.0,91.003,91.003,-1.0,,30.1,30.1,63.0,1,17,7.0,100.0,0.0,0,0,0,0,0.0,24.0,6.0,0.0,30.0,7.4,0.0,34.0,40.0,6.0,7.4,0.1,0.0,
2022,18,11,11,0.0,11.0,28,Finished,+1:12.877,ricciardo,RIC,3,Daniel,Ricciardo,Australian,mclaren,McLaren,British,Japanese Grand Prix,2022-10-09,suzuka,Suzuka Circuit,Japan,11.0,90.65899999999999,,-1.0,,30.1,30.1,63.0,1,17,11.0,29.0,0.0,0,0,0,0,0.0,10.0,13.0,0.3333333333333333,10.0,13.8,0.2,34.0,40.0,6.0,7.4,0.1,1.0,
2022,18,5,5,10.0,6.0,28,Finished,+40.326,hamilton,HAM,44,Lewis,Hamilton,British,mercedes,Mercedes,German,Japanese Grand Prix,2022-10-09,suzuka,Suzuka Circuit,Japan,6.0,90.261,90.261,-1.0,,30.1,30.1,63.0,1,17,6.0,170.0,0.0,0,0,0,0,0.0,24.0,6.0,0.0,43.0,8.0,0.2,57.0,103.0,4.666666666666667,4.0,0.1,0.0,
2022,18,8,8,4.0,8.0,28,Finished,+47.661,russell,RUS,63,George,Russell,British,mercedes,Mercedes,German,Japanese Grand Prix,2022-10-09,suzuka,Suzuka Circuit,Japan,8.0,90.389,90.389,-1.0,,30.1,30.1,63.0,1,17,4.0,203.0,0.0,0,0,0,0,0.0,33.0,6.333333333333333,0.0,60.0,5.2,0.0,57.0,103.0,4.666666666666667,4.0,0.1,2.0,
2022,18,1,1,25.0,1.0,28,Finished,3:01:44.004,max_verstappen,VER,3,Max,Verstappen,Dutch,red_bull,Red Bull,Austrian,Japanese Grand Prix,2022-10-09,suzuka,Suzuka Circuit,Japan,1.0,89.304,89.304,-1.0,,30.1,30.1,63.0,1,17,1.0,341.0,11.0,0,1,1,0,0.0,57.0,3.0,0.0,108.0,2.2,0.0,101.0,180.0,1.0,1.0,0.0,0.0,
2022,18,2,2,18.0,4.0,28,Finished,+27.066,perez,PER,11,Sergio,Pérez,Mexican,red_bull,Red Bull,Austrian,Japanese Grand Prix,2022-10-09,suzuka,Suzuka Circuit,Japan,4.0,89.709,89.709,-1.0,,30.1,30.1,63.0,1,17,3.0,235.0,2.0,0,0,1,0,0.0,44.0,4.0,0.0,72.0,3.8,0.0,101.0,180.0,1.0,1.0,0.0,3.0,
2022,18,20,R,0.0,16.0,0,Hydraulics,,albon,ALB,23,Alexander,Albon,Thai,williams,Williams,British,Japanese Grand Prix,2022-10-09,suzuka,Suzuka Circuit,Japan,16.0,91.311,,-1.0,,30.1,30.1,63.0,1,17,19.0,4.0,0.0,1,0,0,0,0.0,1.0,13.0,0.3333333333333333,1.0,13.8,0.2,2.0,3.0,12.666666666666666,13.0,0.2,0.0,
2022,18,9,9,2.0,20.0,28,Finished,+1:10.143,latifi,LAT,6,Nicholas,Latifi,Canadian,williams,Williams,British,Japanese Grand Prix,2022-10-09,suzuka,Suzuka Circuit,Japan,20.0,91.511,,-1.0,,30.1,30.1,63.0,1,17,21.0,0.0,0.0,0,0,0,0,0.0,0.0,17.333333333333332,0.3333333333333333,0.0,17.6,0.2,2.0,3.0,12.666666666666666,13.0,0.2,4.0,
2022,19,19,R,0.0,7.0,16,Spun off,,bottas,BOT,77,Valtteri,Bottas,Finnish,alfa,Alfa Romeo,Swiss,United States Grand Prix,2022-10-23,americas,Circuit of the Americas,USA,10.0,96.319,96.319,-1.0,,0.0,0.0,3.0,0,18,10.0,46.0,0.0,1,0,0,0,-3.0,0.0,13.0,0.0,0.0,15.4,0.4,1.0,1.0,12.0,13.2,0.3,0.0,
2022,19,12,12,0.0,18.0,56,Finished,+1:16.164,zhou,ZHO,24,Guanyu,Zhou,Chinese,alfa,Alfa Romeo,Swiss,United States Grand Prix,2022-10-23,americas,Circuit of the Americas,USA,14.0,96.97,,-1.0,,0.0,0.0,3.0,0,18,18.0,6.0,0.0,0,0,0,0,4.0,1.0,15.333333333333334,0.3333333333333333,1.0,15.2,0.2,1.0,1.0,12.0,13.2,0.3,4.0,
2022,19,14,14,0.0,11.0,56,Finished,+1:21.763,gasly,GAS,10,Pierre,Gasly,French,alphatauri,AlphaTauri,Italian,United States Grand Prix,2022-10-23,americas,Circuit of the Americas,USA,13.0,96.74000000000001,,-1.0,,0.0,0.0,3.0,0,18,13.0,23.0,0.0,0,0,0,0,-2.0,5.0,12.0,0.0,7.0,11.2,0.0,5.0,7.0,10.333333333333334,10.2,0.2,0.0,
2022,19,10,10,1.0,19.0,56,Finished,+1:10.919,tsunoda,TSU,22,Yuki,Tsunoda,Japanese,alphatauri,AlphaTauri,Italian,United States Grand Prix,2022-10-23,americas,Circuit of the Americas,USA,15.0,97.14699999999999,,-1.0,,0.0,0.0,3.0,0,18,17.0,11.0,0.0,0,0,0,0,4.0,0.0,14.0,0.3333333333333333,0.0,15.0,0.4,5.0,7.0,10.333333333333334,10.2,0.2,2.0,
2022,19,7,7,6.0,14.0,56,Finished,+55.078,alonso,ALO,14,Fernando,Alonso,Spanish,alpine,Alpine F1 Team,French,United States Grand Prix,2022-10-23,americas,Circuit of the Americas,USA,9.0,95.876,95.876,-1.0,,0.0,0.0,3.0,0,18,9.0,65.0,0.0,0,0,0,0,5.0,6.0,14.666666666666666,0.6666666666666666,24.0,11.0,0.4,18.0,44.0,10.333333333333334,8.4,0.3,0.0,
2022,19,11,11,0.0,,56,Finished,+1:12.875,ocon,OCO,31,Esteban,Ocon,French,alpine,Alpine F1 Team,French,United States Grand Prix,2022-10-23,americas,Circuit of the Americas,USA,18.0,97.068,,-1.0,,0.0,0.0,3.0,0,18,8.0,78.0,0.0,0,0,0,0,,12.0,10.333333333333334,0.3333333333333333,20.0,9.4,0.2,18.0,44.0,10.333333333333334,8.4,0.3,9.0,
2022,19,18,R,0.0,5.0,21,Collision,,stroll,STR,18,Lance,Stroll,Canadian,aston_martin,Aston Martin,British,United States Grand Prix,2022-10-23,americas,Circuit of the Americas,USA,7.0,95.598,95.598,-1.0,,0.0,0.0,3.0,0,18,15.0,13.0,0.0,1,0,0,0,-2.0,8.0,12.0,0.3333333333333333,9.0,11.4,0.2,20.0,25.0,10.0,9.6,0.2,0.0,
2022,19,8,8,4.0,10.0,56,Finished,+1:05.354,vettel,VET,5,Sebastian,Vettel,German,aston_martin,Aston Martin,British,United States Grand Prix,2022-10-23,americas,Circuit of the Americas,USA,12.0,96.398,,-1.0,,0.0,0.0,3.0,0,18,11.0,32.0,0.0,0,0,0,0,-2.0,12.0,11.333333333333334,0.3333333333333333,16.0,11.2,0.2,20.0,25.0,10.0,9.6,0.2,5.0,
2022,19,3,3,15.0,12.0,56,Finished,+7.501,leclerc,LEC,16,Charles,Leclerc,Monegasque,ferrari,Ferrari,Italian,United States Grand Prix,2022-10-23,americas,Circuit of the Americas,USA,2.0,94.42099999999999,94.42099999999999,-1.0,,0.0,0.0,3.0,0,18,3.0,252.0,3.0,0,0,1,0,10.0,51.0,2.3333333333333335,0.0,74.0,3.2,0.0,78.0,120.0,2.3333333333333335,2.6,0.1,1.0,
2022,19,20,R,0.0,1.0,1,Collision damage,,sainz,SAI,55,Carlos,Sainz,Spanish,ferrari,Ferrari,Italian,United States Grand Prix,2022-10-23,americas,Circuit of the Americas,USA,1.0,94.356,94.356,-1.0,,0.0,0.0,3.0,0,18,5.0,202.0,1.0,1,0,0,0,0.0,27.0,8.666666666666666,0.3333333333333333,46.0,7.4,0.2,78.0,120.0,2.3333333333333335,2.6,0.1,0.0,
2022,19,9,9,2.0,13.0,56,Finished,+1:05.834,kevin_magnussen,MAG,20,Kevin,Magnussen,Danish,haas,Haas F1 Team,American,United States Grand Prix,2022-10-23,americas,Circuit of the Americas,USA,16.0,96.949,,-1.0,,0.0,0.0,3.0,0,18,14.0,22.0,0.0,0,0,0,0,-3.0,0.0,14.0,0.0,0.0,14.6,0.0,0.0,0.0,12.666666666666666,13.4,0.0,0.0,
2022,19,15,15,0.0,16.0,56,Finished,+1:24.490,mick_schumacher,MSC,47,Mick,Schumacher,German,haas,Haas F1 Team,American,United States Grand Prix,2022-10-23,americas,Circuit of the Americas,USA,19.0,97.11099999999999,,-1.0,,0.0,0.0,3.0,0,18,16.0,12.0,0.0,0,0,0,0,-3.0,0.0,14.0,0.0,0.0,14.4,0.0,0.0,0.0,12.666666666666666,13.4,0.0,3.0,
2022,19,6,6,8.0,6.0,56,Finished,+53.785,norris,NOR,1,Lando,Norris,British,mclaren,McLaren,British,United States Grand Prix,2022-10-23,americas,Circuit of the Americas,USA,8.0,95.69,95.69,-1.0,,0.0,0.0,3.0,0,18,7.0,101.0,0.0,0,0,0,0,-2.0,19.0,7.0,0.0,25.0,8.0,0.0,29.0,35.0,7.0,8.0,0.1,0.0,
2022,19,16,16,0.0,15.0,56,Finished,+1:30.487,ricciardo,RIC,3,Daniel,Ricciardo,Australian,mclaren,McLaren,British,United States Grand Prix,2022-10-23,americas,Circuit of the Americas,USA,17.0,97.04599999999999,,-1.0,,0.0,0.0,3.0,0,18,12.0,29.0,0.0,0,0,0,0,-2.0,10.0,11.0,0.3333333333333333,10.0,13.0,0.2,29.0,35.0,7.0,8.0,0.1,9.0,
2022,19,2,2,18.0,3.0,56,Finished,+5.023,hamilton,HAM,44,Lewis,Hamilton,British,mercedes,Mercedes,German,United States Grand Prix,2022-10-23,americas,Circuit of the Americas,USA,5.0,94.947,94.947,-1.0,,0.0,0.0,3.0,0,18,6.0,180.0,0.0,0,0,1,0,-2.0,22.0,6.333333333333333,0.0,34.0,8.6,0.2,41.0,83.0,5.666666666666667,4.6,0.1,0.0,
2022,19,5,5,11.0,4.0,56,Finished,+44.815,russell,RUS,63,George,Russell,British,mercedes,Mercedes,German,United States Grand Prix,2022-10-23,americas,Circuit of the Americas,USA,6.0,94.988,94.988,-1.0,,0.0,0.0,3.0,0,18,4.0,207.0,0.0,0,0,0,0,-2.0,19.0,8.333333333333334,0.0,49.0,6.2,0.0,41.0,83.0,5.666666666666667,4.6,0.1,1.0,
2022,19,1,1,25.0,2.0,56,Finished,1:42:11.687,max_verstappen,VER,3,Max,Verstappen,Dutch,red_bull,Red Bull,Austrian,United States Grand Prix,2022-10-23,americas,Circuit of the Americas,USA,3.0,94.44800000000001,94.44800000000001,-1.0,,0.0,0.0,3.0,0,18,1.0,366.0,12.0,0,1,1,0,-1.0,56.0,3.0,0.0,108.0,2.2,0.0,108.0,188.0,1.0,1.0,0.0,0.0,
2022,19,4,4,12.0,9.0,56,Finished,+8.293,perez,PER,11,Sergio,Pérez,Mexican,red_bull,Red Bull,Austrian,United States Grand Prix,2022-10-23,americas,Circuit of the Americas,USA,4.0,94.64500000000001,94.64500000000001,-1.0,,0.0,0.0,3.0,0,18,2.0,253.0,2.0,0,0,0,0,5.0,52.0,3.0,0.0,80.0,3.2,0.0,108.0,188.0,1.0,1.0,0.0,1.0,
2022,19,13,13,0.0,8.0,56,Finished,+1:20.057,albon,ALB,23,Alexander,Albon,Thai,williams,Williams,British,United States Grand Prix,2022-10-23,americas,Circuit of the Americas,USA,11.0,96.368,,-1.0,,0.0,0.0,3.0,0,18,19.0,4.0,0.0,0,0,0,0,-3.0,0.0,16.333333333333332,0.6666666666666666,1.0,15.2,0.4,4.0,5.0,11.666666666666666,11.4,0.3,0.0,
2022,19,17,17,0.0,17.0,56,Finished,+1:43.588,latifi,LAT,6,Nicholas,Latifi,Canadian,williams,Williams,British,United States Grand Prix,2022-10-23,americas,Circuit of the Americas,USA,20.0,97.244,,-1.0,,0.0,0.0,3.0,0,18,20.0,2.0,0.0,0,0,0,0,-3.0,2.0,14.333333333333334,0.3333333333333333,2.0,15.8,0.2,4.0,5.0,11.666666666666666,11.4,0.3,9.0,
2022,20,10,10,1.0,6.0,70,+1 Lap,,bottas,BOT,77,Valtteri,Bottas,Finnish,alfa,Alfa Romeo,Swiss,Mexico City Grand Prix,2022-10-30,rodriguez,Autódromo Hermanos Rodríguez,Mexico,6.0,78.401,78.401,-1.0,,1.1,1.1,53.0,1,19,10.0,46.0,0.0,0,0,0,0,0.0,0.0,15.0,0.3333333333333333,0.0,15.4,0.4,0.0,1.0,12.666666666666666,12.8,0.3,0.0,
2022,20,13,13,0.0,12.0,70,+1 Lap,,zhou,ZHO,24,Guanyu,Zhou,Chinese,alfa,Alfa Romeo,Swiss,Mexico City Grand Prix,2022-10-30,rodriguez,Autódromo Hermanos Rodríguez,Mexico,12.0,79.476,,-1.0,,1.1,1.1,53.0,1,19,18.0,6.0,0.0,0,0,0,0,0.0,0.0,16.0,0.3333333333333333,1.0,14.8,0.2,0.0,1.0,12.666666666666666,12.8,0.3,6.0,
2022,20,11,11,0.0,14.0,70,+1 Lap,,gasly,GAS,10,Pierre,Gasly,French,alphatauri,AlphaTauri,Italian,Mexico City Grand Prix,2022-10-30,rodriguez,Autódromo Hermanos Rodríguez,Mexico,14.0,79.672,,-1.0,,1.1,1.1,53.0,1,19,14.0,23.0,0.0,0,0,0,0,0.0,1.0,14.0,0.0,5.0,12.2,0.0,2.0,6.0,11.0,10.4,0.2,1.0,
2022,20,20,R,0.0,13.0,50,Collision damage,,tsunoda,TSU,22,Yuki,Tsunoda,Japanese,alphatauri,AlphaTauri,Italian,Mexico City Grand Prix,2022-10-30,rodriguez,Autódromo Hermanos Rodríguez,Mexico,13.0,79.589,,-1.0,,1.1,1.1,53.0,1,19,17.0,12.0,0.0,1,0,0,0,0.0,1.0,12.666666666666666,0.3333333333333333,1.0,14.4,0.4,2.0,6.0,11.0,10.4,0.2,0.0,
2022,20,19,19,0.0,9.0,63,Engine,,alonso,ALO,14,Fernando,Alonso,Spanish,alpine,Alpine F1 Team,French,Mexico City Grand Prix,2022-10-30,rodriguez,Autódromo Hermanos Rodríguez,Mexico,9.0,78.939,78.939,-1.0,,1.1,1.1,53.0,1,19,9.0,71.0,0.0,1,0,0,0,0.0,12.0,10.666666666666666,0.3333333333333333,20.0,11.4,0.4,24.0,34.0,9.0,8.8,0.3,0.0,
2022,20,8,8,4.0,10.0,70,+1 Lap,,ocon,OCO,31,Esteban,Ocon,French,alpine,Alpine F1 Team,French,Mexico City Grand Prix,2022-10-30,rodriguez,Autódromo Hermanos Rodríguez,Mexico,10.0,79.01,79.01,-1.0,,1.1,1.1,53.0,1,19,8.0,78.0,0.0,0,0,0,0,0.0,12.0,10.333333333333334,0.3333333333333333,14.0,10.2,0.2,24.0,34.0,9.0,8.8,0.3,1.0,
2022,20,15,15,0.0,20.0,70,+1 Lap,,stroll,STR,18,Lance,Stroll,Canadian,aston_martin,Aston Martin,British,Mexico City Grand Prix,2022-10-30,rodriguez,Autódromo Hermanos Rodríguez,Mexico,18.0,80.52,,-1.0,,1.1,1.1,53.0,1,19,15.0,13.0,0.0,0,0,0,0,2.0,8.0,12.0,0.3333333333333333,9.0,12.8,0.4,24.0,25.0,6.666666666666667,9.6,0.3,1.0,
2022,20,14,14,0.0,16.0,70,+1 Lap,,vettel,VET,5,Sebastian,Vettel,German,aston_martin,Aston Martin,British,Mexico City Grand Prix,2022-10-30,rodriguez,Autódromo Hermanos Rodríguez,Mexico,17.0,80.419,,-1.0,,1.1,1.1,53.0,1,19,11.0,36.0,0.0,0,0,0,0,-1.0,16.0,7.333333333333333,0.0,16.0,11.2,0.2,24.0,25.0,6.666666666666667,9.6,0.3,0.0,
2022,20,6,6,8.0,7.0,71,Finished,+1:08.774,leclerc,LEC,16,Charles,Leclerc,Monegasque,ferrari,Ferrari,Italian,Mexico City Grand Prix,2022-10-30,rodriguez,Autódromo Hermanos Rodríguez,Mexico,7.0,78.555,78.555,-1.0,,1.1,1.1,53.0,1,19,2.0,267.0,3.0,0,0,0,0,0.0,48.0,2.6666666666666665,0.0,81.0,2.6,0.0,63.0,112.0,2.6666666666666665,2.6,0.2,2.0,
2022,20,5,5,10.0,5.0,71,Finished,+58.123,sainz,SAI,55,Carlos,Sainz,Spanish,ferrari,Ferrari,Italian,Mexico City Grand Prix,2022-10-30,rodriguez,Autódromo Hermanos Rodríguez,Mexico,5.0,78.351,78.351,-1.0,,1.1,1.1,53.0,1,19,5.0,202.0,1.0,0,0,0,0,0.0,15.0,14.0,0.6666666666666666,31.0,10.8,0.4,63.0,112.0,2.6666666666666665,2.6,0.2,0.0,
2022,20,17,17,0.0,19.0,70,+1 Lap,,kevin_magnussen,MAG,20,Kevin,Magnussen,Danish,haas,Haas F1 Team,American,Mexico City Grand Prix,2022-10-30,rodriguez,Autódromo Hermanos Rodríguez,Mexico,15.0,79.833,,-1.0,,1.1,1.1,53.0,1,19,13.0,24.0,0.0,0,0,0,0,4.0,2.0,11.666666666666666,0.0,2.0,13.2,0.0,2.0,2.0,11.666666666666666,12.0,0.0,0.0,
2022,20,16,16,0.0,15.0,70,+1 Lap,,mick_schumacher,MSC,47,Mick,Schumacher,German,haas,Haas F1 Team,American,Mexico City Grand Prix,2022-10-30,rodriguez,Autódromo Hermanos Rodríguez,Mexico,16.0,80.419,,-1.0,,1.1,1.1,53.0,1,19,16.0,12.0,0.0,0,0,0,0,-1.0,0.0,15.0,0.0,0.0,14.0,0.0,2.0,2.0,11.666666666666666,12.0,0.0,1.0,
2022,20,9,9,2.0,8.0,70,+1 Lap,,norris,NOR,1,Lando,Norris,British,mclaren,McLaren,British,Mexico City Grand Prix,2022-10-30,rodriguez,Autódromo Hermanos Rodríguez,Mexico,8.0,78.721,78.721,-1.0,,1.1,1.1,53.0,1,19,7.0,109.0,0.0,0,0,0,0,0.0,21.0,6.666666666666667,0.0,33.0,6.8,0.0,31.0,43.0,6.666666666666667,6.8,0.1,0.0,
2022,20,7,7,6.0,11.0,70,+1 Lap,,ricciardo,RIC,3,Daniel,Ricciardo,Australian,mclaren,McLaren,British,Mexico City Grand Prix,2022-10-30,rodriguez,Autódromo Hermanos Rodríguez,Mexico,11.0,79.325,,-1.0,,1.1,1.1,53.0,1,19,12.0,29.0,0.0,0,0,0,0,0.0,10.0,10.666666666666666,0.0,10.0,13.2,0.2,31.0,43.0,6.666666666666667,6.8,0.1,3.0,
2022,20,2,2,18.0,3.0,71,Finished,+15.186,hamilton,HAM,44,Lewis,Hamilton,British,mercedes,Mercedes,German,Mexico City Grand Prix,2022-10-30,rodriguez,Autódromo Hermanos Rodríguez,Mexico,3.0,78.084,78.084,-1.0,,1.1,1.1,53.0,1,19,6.0,198.0,0.0,0,0,1,0,0.0,30.0,5.333333333333333,0.0,52.0,5.0,0.0,45.0,100.0,5.333333333333333,4.2,0.0,1.0,
2022,20,4,4,13.0,2.0,71,Finished,+49.431,russell,RUS,63,George,Russell,British,mercedes,Mercedes,German,Mexico City Grand Prix,2022-10-30,rodriguez,Autódromo Hermanos Rodríguez,Mexico,2.0,78.07900000000001,78.07900000000001,-1.0,,1.1,1.1,53.0,1,19,4.0,218.0,0.0,0,0,0,0,0.0,15.0,9.0,0.0,48.0,6.4,0.0,45.0,100.0,5.333333333333333,4.2,0.0,0.0,
2022,20,1,1,25.0,1.0,71,Finished,1:38:36.729,max_verstappen,VER,3,Max,Verstappen,Dutch,red_bull,Red Bull,Austrian,Mexico City Grand Prix,2022-10-30,rodriguez,Autódromo Hermanos Rodríguez,Mexico,1.0,77.775,77.775,-1.0,,1.1,1.1,53.0,1,19,1.0,391.0,13.0,0,1,1,0,0.0,56.0,3.0,0.0,107.0,2.2,0.0,111.0,181.0,1.0,1.0,0.0,0.0,
2022,20,3,3,15.0,4.0,71,Finished,+18.097,perez,PER,11,Sergio,Pérez,Mexican,red_bull,Red Bull,Austrian,Mexico City Grand Prix,2022-10-30,rodriguez,Autódromo Hermanos Rodríguez,Mexico,4.0,78.128,78.128,-1.0,,1.1,1.1,53.0,1,19,3.0,265.0,2.0,0,0,1,0,0.0,55.0,2.3333333333333335,0.0,74.0,3.6,0.0,111.0,181.0,1.0,1.0,0.0,3.0,
2022,20,12,12,0.0,17.0,70,+1 Lap,,albon,ALB,23,Alexander,Albon,Thai,williams,Williams,British,Mexico City Grand Prix,2022-10-30,rodriguez,Autódromo Hermanos Rodríguez,Mexico,19.0,80.85900000000001,,-1.0,,1.1,1.1,53.0,1,19,19.0,4.0,0.0,0,0,0,0,-2.0,0.0,16.666666666666668,0.6666666666666666,1.0,14.4,0.4,2.0,4.0,13.0,12.0,0.3,0.0,
2022,20,18,18,0.0,18.0,69,+2 Laps,,latifi,LAT,6,Nicholas,Latifi,Canadian,williams,Williams,British,Mexico City Grand Prix,2022-10-30,rodriguez,Autódromo Hermanos Rodríguez,Mexico,20.0,81.167,,-1.0,,1.1,1.1,53.0,1,19,20.0,2.0,0.0,0,0,0,0,-2.0,2.0,15.0,0.3333333333333333,2.0,15.6,0.2,2.0,4.0,13.0,12.0,0.3,1.0,
2022,21,9,9,2.0,14.0,71,Finished,+22.552,bottas,BOT,77,Valtteri,Bottas,Finnish,alfa,Alfa Romeo,Swiss,São Paulo Grand Prix,2022-11-13,interlagos,Autódromo José Carlos Pace,Brazil,18.0,75.486,,14.0,0.0,0.0,0.0,3.0,0,20,10.0,47.0,0.0,0,0,0,1,-4.0,1.0,14.666666666666666,0.3333333333333333,1.0,13.6,0.2,1.0,2.0,12.333333333333334,11.6,0.2,1.0,
2022,21,12,12,0.0,13.0,71,Finished,+29.325,zhou,ZHO,24,Guanyu,Zhou,Chinese,alfa,Alfa Romeo,Swiss,São Paulo Grand Prix,2022-11-13,interlagos,Autódromo José Carlos Pace,Brazil,17.0,75.197,,13.0,0.0,0.0,0.0,3.0,0,20,18.0,6.0,0.0,0,0,0,1,-4.0,0.0,13.666666666666666,0.0,1.0,14.2,0.2,1.0,2.0,12.333333333333334,11.6,0.2,0.0,
2022,21,14,14,0.0,10.0,71,Finished,+31.867,gasly,GAS,10,Pierre,Gasly,French,alphatauri,AlphaTauri,Italian,São Paulo Grand Prix,2022-11-13,interlagos,Autódromo José Carlos Pace,Brazil,12.0,71.675,,10.0,0.0,0.0,0.0,3.0,0,20,14.0,23.0,0.0,0,0,0,1,-2.0,0.0,14.333333333333334,0.0,5.0,12.2,0.0,1.0,6.0,11.333333333333334,10.4,0.2,0.0,
2022,21,17,17,0.0,,70,+1 Lap,,tsunoda,TSU,22,Yuki,Tsunoda,Japanese,alphatauri,AlphaTauri,Italian,São Paulo Grand Prix,2022-11-13,interlagos,Autódromo José Carlos Pace,Brazil,19.0,76.264,,15.0,0.0,0.0,0.0,3.0,0,20,17.0,12.0,0.0,0,0,0,1,,1.0,14.333333333333334,0.3333333333333333,1.0,14.4,0.4,1.0,6.0,11.333333333333334,10.4,0.2,7.0,
2022,21,5,5,10.0,17.0,71,Finished,+9.561,alonso,ALO,14,Fernando,Alonso,Spanish,alpine,Alpine F1 Team,French,São Paulo Grand Prix,2022-11-13,interlagos,Autódromo José Carlos Pace,Brazil,7.0,72.504,72.504,18.0,0.0,0.0,0.0,3.0,0,20,9.0,71.0,0.0,0,0,0,1,10.0,12.0,11.0,0.3333333333333333,12.0,14.0,0.6,28.0,28.0,6.333333333333333,9.2,0.4,1.0,
2022,21,8,8,4.0,16.0,71,Finished,+18.690,ocon,OCO,31,Esteban,Ocon,French,alpine,Alpine F1 Team,French,São Paulo Grand Prix,2022-11-13,interlagos,Autódromo José Carlos Pace,Brazil,6.0,72.425,72.425,17.0,0.0,0.0,0.0,3.0,0,20,8.0,82.0,0.0,0,0,0,1,10.0,16.0,7.666666666666667,0.0,16.0,10.0,0.2,28.0,28.0,6.333333333333333,9.2,0.4,0.0,
2022,21,10,10,1.0,15.0,71,Finished,+23.552,stroll,STR,18,Lance,Stroll,Canadian,aston_martin,Aston Martin,British,São Paulo Grand Prix,2022-11-13,interlagos,Autódromo José Carlos Pace,Brazil,15.0,72.21000000000001,,16.0,0.0,0.0,0.0,3.0,0,20,15.0,13.0,0.0,0,0,0,1,0.0,0.0,15.0,0.3333333333333333,8.0,13.8,0.4,12.0,24.0,9.333333333333334,10.4,0.3,2.0,
2022,21,11,11,0.0,9.0,71,Finished,+26.183,vettel,VET,5,Sebastian,Vettel,German,aston_martin,Aston Martin,British,São Paulo Grand Prix,2022-11-13,interlagos,Autódromo José Carlos Pace,Brazil,13.0,71.678,,9.0,0.0,0.0,0.0,3.0,0,20,11.0,36.0,0.0,0,0,0,1,-4.0,12.0,9.333333333333334,0.0,16.0,11.2,0.2,12.0,24.0,9.333333333333334,10.4,0.3,0.0,
2022,21,4,4,12.0,5.0,71,Finished,+8.441,leclerc,LEC,16,Charles,Leclerc,Monegasque,ferrari,Ferrari,Italian,São Paulo Grand Prix,2022-11-13,interlagos,Autódromo José Carlos Pace,Brazil,10.0,70.95,,6.0,3.0,0.0,0.0,3.0,0,20,3.0,275.0,3.0,0,0,0,1,-5.0,38.0,4.0,0.0,74.0,3.2,0.0,48.0,111.0,3.6666666666666665,3.0,0.2,5.0,
2022,21,3,3,15.0,7.0,71,Finished,+4.051,sainz,SAI,55,Carlos,Sainz,Spanish,ferrari,Ferrari,Italian,São Paulo Grand Prix,2022-11-13,interlagos,Autódromo José Carlos Pace,Brazil,5.0,72.357,72.357,2.0,7.0,0.0,0.0,3.0,0,20,6.0,212.0,1.0,0,0,1,1,2.0,10.0,14.666666666666666,0.6666666666666666,37.0,10.2,0.4,48.0,111.0,3.6666666666666665,3.0,0.2,0.0,
2022,21,19,R,0.0,8.0,0,Collision,,kevin_magnussen,MAG,20,Kevin,Magnussen,Danish,haas,Haas F1 Team,American,São Paulo Grand Prix,2022-11-13,interlagos,Autódromo José Carlos Pace,Brazil,1.0,71.674,71.674,8.0,1.0,0.0,0.0,3.0,0,20,13.0,24.0,0.0,1,0,0,1,7.0,2.0,13.333333333333334,0.0,2.0,13.6,0.0,2.0,2.0,13.0,12.6,0.0,0.0,
2022,21,13,13,0.0,12.0,71,Finished,+29.899,mick_schumacher,MSC,47,Mick,Schumacher,German,haas,Haas F1 Team,American,São Paulo Grand Prix,2022-11-13,interlagos,Autódromo José Carlos Pace,Brazil,20.0,76.361,,12.0,0.0,0.0,0.0,3.0,0,20,16.0,12.0,0.0,0,0,0,1,-8.0,0.0,16.0,0.0,0.0,14.6,0.0,2.0,2.0,13.0,12.6,0.0,19.0,
2022,21,18,R,0.0,6.0,50,Gearbox,,norris,NOR,1,Lando,Norris,British,mclaren,McLaren,British,São Paulo Grand Prix,2022-11-13,interlagos,Autódromo José Carlos Pace,Brazil,4.0,72.263,72.263,7.0,2.0,0.0,0.0,3.0,0,20,7.0,111.0,0.0,1,0,0,1,2.0,11.0,8.333333333333334,0.0,29.0,7.2,0.0,17.0,45.0,7.666666666666667,6.8,0.1,0.0,
2022,21,20,R,0.0,11.0,0,Collision,,ricciardo,RIC,3,Daniel,Ricciardo,Australian,mclaren,McLaren,British,São Paulo Grand Prix,2022-11-13,interlagos,Autódromo José Carlos Pace,Brazil,14.0,72.14,,11.0,0.0,0.0,0.0,3.0,0,20,12.0,35.0,0.0,1,0,0,1,-3.0,6.0,11.333333333333334,0.0,16.0,11.2,0.2,17.0,45.0,7.666666666666667,6.8,0.1,10.0,
2022,21,2,2,18.0,2.0,71,Finished,+1.529,hamilton,HAM,44,Lewis,Hamilton,British,mercedes,Mercedes,German,São Paulo Grand Prix,2022-11-13,interlagos,Autódromo José Carlos Pace,Brazil,8.0,72.611,72.611,3.0,6.0,0.0,0.0,3.0,0,20,5.0,216.0,0.0,0,0,1,1,-6.0,46.0,3.0,0.0,58.0,4.6,0.0,74.0,101.0,3.0,4.2,0.0,5.0,
2022,21,1,1,26.0,1.0,71,Finished,1:38:34.044,russell,RUS,63,George,Russell,British,mercedes,Mercedes,German,São Paulo Grand Prix,2022-11-13,interlagos,Autódromo José Carlos Pace,Brazil,3.0,72.059,72.059,1.0,8.0,0.0,0.0,3.0,0,20,4.0,231.0,0.0,0,1,1,1,-2.0,28.0,5.666666666666667,0.0,43.0,6.8,0.0,74.0,101.0,3.0,4.2,0.0,0.0,
2022,21,6,6,8.0,3.0,71,Finished,+10.056,max_verstappen,VER,3,Max,Verstappen,Dutch,red_bull,Red Bull,Austrian,São Paulo Grand Prix,2022-11-13,interlagos,Autódromo José Carlos Pace,Brazil,2.0,71.877,71.877,4.0,5.0,0.0,0.0,3.0,0,20,1.0,416.0,14.0,0,0,0,1,1.0,75.0,1.0,0.0,106.0,2.2,0.0,120.0,185.0,1.0,1.0,0.0,0.0,
2022,21,7,7,6.0,4.0,71,Finished,+14.080,perez,PER,11,Sergio,Pérez,Mexican,red_bull,Red Bull,Austrian,São Paulo Grand Prix,2022-11-13,interlagos,Autódromo José Carlos Pace,Brazil,9.0,75.601,75.601,5.0,4.0,0.0,0.0,3.0,0,20,2.0,280.0,2.0,0,0,0,1,-5.0,45.0,3.0,0.0,79.0,3.2,0.0,120.0,185.0,1.0,1.0,0.0,7.0,
2022,21,15,15,0.0,19.0,71,Finished,+36.016,albon,ALB,23,Alexander,Albon,Thai,williams,Williams,British,São Paulo Grand Prix,2022-11-13,interlagos,Autódromo José Carlos Pace,Brazil,11.0,71.631,,20.0,0.0,0.0,0.0,3.0,0,20,19.0,4.0,0.0,0,0,0,1,8.0,0.0,15.0,0.3333333333333333,0.0,14.8,0.4,2.0,4.0,11.333333333333334,12.0,0.3,0.0,
2022,21,16,16,0.0,18.0,71,Finished,+37.038,latifi,LAT,6,Nicholas,Latifi,Canadian,williams,Williams,British,São Paulo Grand Prix,2022-11-13,interlagos,Autódromo José Carlos Pace,Brazil,16.0,75.095,,19.0,0.0,0.0,0.0,3.0,0,20,20.0,2.0,0.0,0,0,0,1,2.0,2.0,14.666666666666666,0.0,2.0,15.6,0.2,2.0,4.0,11.333333333333334,12.0,0.3,5.0,
2022,22,15,15,0.0,18.0,57,+1 Lap,,bottas,BOT,77,Valtteri,Bottas,Finnish,alfa,Alfa Romeo,Swiss,Abu Dhabi Grand Prix,2022-11-20,yas_marina,Yas Marina Circuit,UAE,18.0,85.892,,-1.0,,0.0,0.0,3.0,0,21,10.0,49.0,0.0,0,0,0,0,0.0,3.0,12.666666666666666,0.3333333333333333,3.0,12.8,0.2,3.0,3.0,10.333333333333334,11.4,0.2,3.0,
2022,22,12,12,0.0,15.0,57,+1 Lap,,zhou,ZHO,24,Guanyu,Zhou,Chinese,alfa,Alfa Romeo,Swiss,Abu Dhabi Grand Prix,2022-11-20,yas_marina,Yas Marina Circuit,UAE,15.0,85.408,,-1.0,,0.0,0.0,3.0,0,21,18.0,6.0,0.0,0,0,0,0,0.0,0.0,12.333333333333334,0.0,0.0,14.6,0.2,3.0,3.0,10.333333333333334,11.4,0.2,0.0,
2022,22,14,14,0.0,17.0,57,+1 Lap,,gasly,GAS,10,Pierre,Gasly,French,alphatauri,AlphaTauri,Italian,Abu Dhabi Grand Prix,2022-11-20,yas_marina,Yas Marina Circuit,UAE,17.0,85.85900000000001,,-1.0,,0.0,0.0,3.0,0,21,14.0,23.0,0.0,0,0,0,0,0.0,0.0,13.0,0.0,1.0,13.4,0.0,1.0,2.0,11.666666666666666,11.6,0.2,5.0,
2022,22,11,11,0.0,11.0,58,Finished,+1:29.371,tsunoda,TSU,22,Yuki,Tsunoda,Japanese,alphatauri,AlphaTauri,Italian,Abu Dhabi Grand Prix,2022-11-20,yas_marina,Yas Marina Circuit,UAE,12.0,85.219,,-1.0,,0.0,0.0,3.0,0,21,17.0,12.0,0.0,0,0,0,0,-1.0,1.0,15.666666666666666,0.3333333333333333,1.0,15.0,0.4,1.0,2.0,11.666666666666666,11.6,0.2,0.0,
2022,22,20,R,0.0,10.0,27,Water leak,,alonso,ALO,14,Fernando,Alonso,Spanish,alpine,Alpine F1 Team,French,Abu Dhabi Grand Prix,2022-11-20,yas_marina,Yas Marina Circuit,UAE,11.0,85.096,,-1.0,,0.0,0.0,3.0,0,21,9.0,81.0,0.0,1,0,0,0,-1.0,16.0,10.333333333333334,0.3333333333333333,22.0,11.2,0.4,24.0,42.0,6.666666666666667,8.0,0.3,3.0,
2022,22,7,7,6.0,8.0,58,Finished,+57.240,ocon,OCO,31,Esteban,Ocon,French,alpine,Alpine F1 Team,French,Abu Dhabi Grand Prix,2022-11-20,yas_marina,Yas Marina Circuit,UAE,8.0,84.83,84.83,-1.0,,0.0,0.0,3.0,0,21,8.0,86.0,0.0,0,0,0,0,0.0,8.0,9.0,0.0,20.0,9.4,0.2,24.0,42.0,6.666666666666667,8.0,0.3,0.0,
2022,22,8,8,4.0,14.0,58,Finished,+1:16.931,stroll,STR,18,Lance,Stroll,Canadian,aston_martin,Aston Martin,British,Abu Dhabi Grand Prix,2022-11-20,yas_marina,Yas Marina Circuit,UAE,14.0,85.35900000000001,,-1.0,,0.0,0.0,3.0,0,21,15.0,14.0,0.0,0,0,0,0,0.0,1.0,14.333333333333334,0.3333333333333333,9.0,12.2,0.2,5.0,25.0,10.666666666666666,8.8,0.1,5.0,
2022,22,10,10,1.0,9.0,58,Finished,+1:23.898,vettel,VET,5,Sebastian,Vettel,German,aston_martin,Aston Martin,British,Abu Dhabi Grand Prix,2022-11-20,yas_marina,Yas Marina Circuit,UAE,9.0,84.961,84.961,-1.0,,0.0,0.0,3.0,0,21,11.0,36.0,0.0,0,0,0,0,0.0,4.0,11.0,0.0,16.0,9.4,0.0,5.0,25.0,10.666666666666666,8.8,0.1,0.0,
2022,22,2,2,18.0,3.0,58,Finished,+8.771,leclerc,LEC,16,Charles,Leclerc,Monegasque,ferrari,Ferrari,Italian,Abu Dhabi Grand Prix,2022-11-20,yas_marina,Yas Marina Circuit,UAE,3.0,84.092,84.092,-1.0,,0.0,0.0,3.0,0,21,2.0,290.0,3.0,0,0,1,0,0.0,35.0,4.333333333333333,0.0,68.0,3.6,0.0,60.0,108.0,3.6666666666666665,3.2,0.2,0.0,
2022,22,4,4,12.0,4.0,58,Finished,+24.892,sainz,SAI,55,Carlos,Sainz,Spanish,ferrari,Ferrari,Italian,Abu Dhabi Grand Prix,2022-11-20,yas_marina,Yas Marina Circuit,UAE,4.0,84.242,84.242,-1.0,,0.0,0.0,3.0,0,21,6.0,234.0,1.0,0,0,0,0,0.0,25.0,9.333333333333334,0.3333333333333333,40.0,10.0,0.4,60.0,108.0,3.6666666666666665,3.2,0.2,1.0,
2022,22,17,17,0.0,16.0,57,+1 Lap,,kevin_magnussen,MAG,20,Kevin,Magnussen,Danish,haas,Haas F1 Team,American,Abu Dhabi Grand Prix,2022-11-20,yas_marina,Yas Marina Circuit,UAE,16.0,85.834,,-1.0,,0.0,0.0,3.0,0,21,13.0,25.0,0.0,0,0,0,0,0.0,2.0,15.0,0.3333333333333333,2.0,14.2,0.2,2.0,2.0,12.666666666666666,12.8,0.1,3.0,
2022,22,16,16,0.0,12.0,57,+1 Lap,,mick_schumacher,MSC,47,Mick,Schumacher,German,haas,Haas F1 Team,American,Abu Dhabi Grand Prix,2022-11-20,yas_marina,Yas Marina Circuit,UAE,13.0,85.225,,-1.0,,0.0,0.0,3.0,0,21,16.0,12.0,0.0,0,0,0,0,-1.0,0.0,14.666666666666666,0.0,0.0,14.8,0.0,2.0,2.0,12.666666666666666,12.8,0.1,0.0,
2022,22,6,6,9.0,7.0,58,Finished,+56.234,norris,NOR,1,Lando,Norris,British,mclaren,McLaren,British,Abu Dhabi Grand Prix,2022-11-20,yas_marina,Yas Marina Circuit,UAE,7.0,84.769,84.769,-1.0,,0.0,0.0,3.0,0,21,7.0,113.0,0.0,0,0,0,0,0.0,10.0,11.0,0.3333333333333333,23.0,9.4,0.2,16.0,39.0,10.333333333333334,9.0,0.2,0.0,
2022,22,9,9,2.0,13.0,58,Finished,+1:23.268,ricciardo,RIC,3,Daniel,Ricciardo,Australian,mclaren,McLaren,British,Abu Dhabi Grand Prix,2022-11-20,yas_marina,Yas Marina Circuit,UAE,10.0,85.045,85.045,-1.0,,0.0,0.0,3.0,0,21,12.0,35.0,0.0,0,0,0,0,3.0,6.0,14.333333333333334,0.3333333333333333,16.0,11.8,0.2,16.0,39.0,10.333333333333334,9.0,0.2,3.0,
2022,22,18,18,0.0,5.0,55,Hydraulics,,hamilton,HAM,44,Lewis,Hamilton,British,mercedes,Mercedes,German,Abu Dhabi Grand Prix,2022-11-20,yas_marina,Yas Marina Circuit,UAE,5.0,84.508,84.508,-1.0,,0.0,0.0,3.0,0,21,5.0,240.0,0.0,1,0,0,0,0.0,54.0,2.0,0.0,66.0,4.0,0.0,104.0,120.0,1.6666666666666667,3.8,0.0,0.0,
2022,22,5,5,10.0,6.0,58,Finished,+35.888,russell,RUS,63,George,Russell,British,mercedes,Mercedes,German,Abu Dhabi Grand Prix,2022-11-20,yas_marina,Yas Marina Circuit,UAE,6.0,84.511,84.511,-1.0,,0.0,0.0,3.0,0,21,4.0,265.0,1.0,0,0,0,0,0.0,50.0,3.3333333333333335,0.0,54.0,6.4,0.0,104.0,120.0,1.6666666666666667,3.8,0.0,1.0,
2022,22,1,1,25.0,1.0,58,Finished,1:27:45.914,max_verstappen,VER,3,Max,Verstappen,Dutch,red_bull,Red Bull,Austrian,Abu Dhabi Grand Prix,2022-11-20,yas_marina,Yas Marina Circuit,UAE,1.0,83.824,83.824,-1.0,,0.0,0.0,3.0,0,21,1.0,429.0,14.0,0,1,1,0,0.0,58.0,2.6666666666666665,0.0,89.0,3.2,0.0,91.0,165.0,2.6666666666666665,2.0,0.0,0.0,
2022,22,3,3,15.0,2.0,58,Finished,+10.093,perez,PER,11,Sergio,Pérez,Mexican,red_bull,Red Bull,Austrian,Abu Dhabi Grand Prix,2022-11-20,yas_marina,Yas Marina Circuit,UAE,2.0,84.05199999999999,84.05199999999999,-1.0,,0.0,0.0,3.0,0,21,3.0,290.0,2.0,0,0,1,0,0.0,33.0,4.666666666666667,0.0,76.0,3.4,0.0,91.0,165.0,2.6666666666666665,2.0,0.0,1.0,
2022,22,13,13,0.0,19.0,57,+1 Lap,,albon,ALB,23,Alexander,Albon,Thai,williams,Williams,British,Abu Dhabi Grand Prix,2022-11-20,yas_marina,Yas Marina Circuit,UAE,19.0,86.02799999999999,,-1.0,,0.0,0.0,3.0,0,21,19.0,4.0,0.0,0,0,0,0,0.0,0.0,13.333333333333334,0.0,0.0,15.4,0.4,0.0,2.0,13.333333333333334,13.2,0.3,0.0,
2022,22,19,19,0.0,20.0,55,Collision damage,,latifi,LAT,6,Nicholas,Latifi,Canadian,williams,Williams,British,Abu Dhabi Grand Prix,2022-11-20,yas_marina,Yas Marina Circuit,UAE,20.0,86.054,,-1.0,,0.0,0.0,3.0,0,21,20.0,2.0,0.0,1,0,0,0,0.0,0.0,17.0,0.0,2.0,15.8,0.2,0.0,2.0,13.333333333333334,13.2,0.3,1.0,
2023,1,8,8,4.0,12.0,57,Finished,+1:12.647,bottas,BOT,77,Valtteri,Bottas,Finnish,alfa,Alfa Romeo,Swiss,Bahrain Grand Prix,2023-03-05,bahrain,Bahrain International Circuit,Bahrain,12.0,91.443,,-1.0,,0.0,0.0,0.0,0,0,,0.0,0.0,0,0,0,0,0.0,3.0,11.333333333333334,0.0,3.0,13.6,0.2,3.0,3.0,10.333333333333334,11.6,0.1,0.0,6.0
2023,1,16,16,0.0,13.0,56,Lapped,+39.649,zhou,ZHO,24,Guanyu,Zhou,Chinese,alfa,Alfa Romeo,Swiss,Bahrain Grand Prix,2023-03-05,bahrain,Bahrain International Circuit,Bahrain,13.0,91.473,,-1.0,,0.0,0.0,0.0,0,0,,0.0,0.0,1,0,0,0,0.0,0.0,12.333333333333334,0.0,0.0,13.0,0.0,3.0,3.0,10.333333333333334,11.6,0.1,1.0,10.0
2023,1,14,14,0.0,19.0,56,Lapped,+22.523,de_vries,DEV,21,Nyck,de Vries,Dutch,alphatauri,AlphaTauri,Italian,Bahrain Grand Prix,2023-03-05,bahrain,Bahrain International Circuit,Bahrain,19.0,92.12100000000001,,-1.0,,0.0,0.0,0.0,0,0,,0.0,0.0,1,0,0,0,0.0,2.0,9.0,0.0,2.0,9.0,0.0,0.0,1.0,12.0,11.8,0.1,5.0,
2023,1,11,11,0.0,14.0,57,Finished,+1:30.870,tsunoda,TSU,22,Yuki,Tsunoda,Japanese,alphatauri,AlphaTauri,Italian,Bahrain Grand Prix,2023-03-05,bahrain,Bahrain International Circuit,Bahrain,14.0,92.50999999999999,,-1.0,,0.0,0.0,0.0,0,0,,0.0,0.0,0,0,0,0,0.0,0.0,16.0,0.3333333333333333,1.0,14.2,0.2,0.0,1.0,12.0,11.8,0.1,0.0,8.0
2023,1,9,9,2.0,20.0,57,Finished,+1:13.753,gasly,GAS,10,Pierre,Gasly,French,alpine,Alpine F1 Team,French,Bahrain Grand Prix,2023-03-05,bahrain,Bahrain International Circuit,Bahrain,20.0,92.181,,-1.0,,0.0,0.0,0.0,0,0,,0.0,0.0,0,0,0,0,0.0,0.0,13.0,0.0,0.0,14.2,0.0,24.0,48.0,6.666666666666667,6.2,0.2,11.0,20.0
2023,1,18,R,0.0,9.0,41,Retired,,ocon,OCO,31,Esteban,Ocon,French,alpine,Alpine F1 Team,French,Bahrain Grand Prix,2023-03-05,bahrain,Bahrain International Circuit,Bahrain,9.0,90.98400000000001,90.98400000000001,-1.0,,0.0,0.0,0.0,0,0,,0.0,0.0,1,0,0,0,0.0,14.0,7.666666666666667,0.0,26.0,7.6,0.0,24.0,48.0,6.666666666666667,6.2,0.2,0.0,7.0
2023,1,3,3,15.0,5.0,57,Finished,+38.637,alonso,ALO,14,Fernando,Alonso,Spanish,aston_martin,Aston Martin,British,Bahrain Grand Prix,2023-03-05,bahrain,Bahrain International Circuit,Bahrain,5.0,90.336,90.336,-1.0,,0.0,0.0,0.0,0,0,,0.0,0.0,0,0,1,0,0.0,10.0,14.666666666666666,0.6666666666666666,22.0,11.6,0.4,6.0,18.0,10.666666666666666,9.2,0.1,0.0,9.0
2023,1,6,6,8.0,8.0,57,Finished,+54.502,stroll,STR,18,Lance,Stroll,Canadian,aston_martin,Aston Martin,British,Bahrain Grand Prix,2023-03-05,bahrain,Bahrain International Circuit,Bahrain,8.0,90.836,90.836,-1.0,,0.0,0.0,0.0,0,0,,0.0,0.0,0,0,0,0,0.0,5.0,11.0,0.0,5.0,12.6,0.2,6.0,18.0,10.666666666666666,9.2,0.1,3.0,12.0
2023,1,19,R,0.0,3.0,39,Retired,,leclerc,LEC,16,Charles,Leclerc,Monegasque,ferrari,Ferrari,Italian,Bahrain Grand Prix,2023-03-05,bahrain,Bahrain International Circuit,Bahrain,3.0,90.0,90.0,-1.0,,0.0,0.0,0.0,0,0,,0.0,0.0,1,0,0,0,0.0,38.0,4.0,0.0,68.0,3.6,0.0,75.0,105.0,3.3333333333333335,3.2,0.2,0.0,1.0
2023,1,4,4,12.0,4.0,57,Finished,+48.052,sainz,SAI,55,Carlos,Sainz,Spanish,ferrari,Ferrari,Italian,Bahrain Grand Prix,2023-03-05,bahrain,Bahrain International Circuit,Bahrain,4.0,90.154,90.154,-1.0,,0.0,0.0,0.0,0,0,,0.0,0.0,0,0,0,0,0.0,37.0,4.0,0.0,37.0,10.2,0.4,75.0,105.0,3.3333333333333335,3.2,0.2,1.0,2.0
2023,1,15,15,0.0,10.0,56,Lapped,+38.911,hulkenberg,HUL,27,Nico,Hülkenberg,German,haas,Haas F1 Team,American,Bahrain Grand Prix,2023-03-05,bahrain,Bahrain International Circuit,Bahrain,10.0,90.809,,-1.0,,0.0,0.0,0.0,0,0,,0.0,0.0,1,0,0,0,0.0,0.0,14.5,0.0,0.0,14.5,0.0,0.0,2.0,15.0,13.6,0.1,0.0,17.0
2023,1,13,13,0.0,17.0,56,Lapped,+16.757,kevin_magnussen,MAG,20,Kevin,Magnussen,Danish,haas,Haas F1 Team,American,Bahrain Grand Prix,2023-03-05,bahrain,Bahrain International Circuit,Bahrain,17.0,91.892,,-1.0,,0.0,0.0,0.0,0,0,,0.0,0.0,1,0,0,0,0.0,0.0,17.666666666666668,0.3333333333333333,2.0,15.2,0.2,0.0,2.0,15.0,13.6,0.1,7.0,5.0
2023,1,17,17,0.0,11.0,55,Lapped,+6.636,norris,NOR,1,Lando,Norris,British,mclaren,McLaren,British,Bahrain Grand Prix,2023-03-05,bahrain,Bahrain International Circuit,Bahrain,11.0,91.381,,-1.0,,0.0,0.0,0.0,0,0,,0.0,0.0,1,0,0,0,0.0,11.0,11.0,0.3333333333333333,20.0,9.8,0.2,19.0,28.0,10.333333333333334,9.4,0.2,0.0,15.0
2023,1,20,R,0.0,18.0,13,Retired,,piastri,PIA,81,Oscar,Piastri,Australian,mclaren,McLaren,British,Bahrain Grand Prix,2023-03-05,bahrain,Bahrain International Circuit,Bahrain,18.0,92.101,,-1.0,,0.0,0.0,0.0,0,0,,0.0,0.0,1,0,0,0,0.0,,,,,,,19.0,28.0,10.333333333333334,9.4,0.2,7.0,
2023,1,5,5,10.0,7.0,57,Finished,+50.977,hamilton,HAM,44,Lewis,Hamilton,British,mercedes,Mercedes,German,Bahrain Grand Prix,2023-03-05,bahrain,Bahrain International Circuit,Bahrain,7.0,90.384,90.384,-1.0,,0.0,0.0,0.0,0,0,,0.0,0.0,0,0,0,0,0.0,36.0,7.333333333333333,0.3333333333333333,64.0,5.8,0.2,85.0,128.0,2.6666666666666665,3.0,0.1,1.0,3.0
2023,1,7,7,6.0,6.0,57,Finished,+55.873,russell,RUS,63,George,Russell,British,mercedes,Mercedes,German,Bahrain Grand Prix,2023-03-05,bahrain,Bahrain International Circuit,Bahrain,6.0,90.34,90.34,-1.0,,0.0,0.0,0.0,0,0,,0.0,0.0,0,0,0,0,0.0,49.0,3.3333333333333335,0.0,64.0,4.6,0.0,85.0,128.0,2.6666666666666665,3.0,0.1,0.0,4.0
2023,1,1,1,25.0,1.0,57,Finished,1:33:56.736,max_verstappen,VER,3,Max,Verstappen,Dutch,red_bull,Red Bull,Austrian,Bahrain Grand Prix,2023-03-05,bahrain,Bahrain International Circuit,Bahrain,1.0,89.708,89.708,-1.0,,0.0,0.0,0.0,0,0,,0.0,0.0,0,1,1,0,0.0,58.0,2.6666666666666665,0.0,108.0,2.0,0.0,94.0,174.0,2.6666666666666665,2.0,0.0,0.0,19.0
2023,1,2,2,18.0,2.0,57,Finished,+11.987,perez,PER,11,Sergio,Pérez,Mexican,red_bull,Red Bull,Austrian,Bahrain Grand Prix,2023-03-05,bahrain,Bahrain International Circuit,Bahrain,2.0,89.846,89.846,-1.0,,0.0,0.0,0.0,0,0,,0.0,0.0,0,0,1,0,0.0,36.0,4.333333333333333,0.0,66.0,3.8,0.0,94.0,174.0,2.6666666666666665,2.0,0.0,1.0,18.0
2023,1,10,10,1.0,15.0,57,Finished,+1:29.774,albon,ALB,23,Alexander,Albon,Thai,williams,Williams,British,Bahrain Grand Prix,2023-03-05,bahrain,Bahrain International Circuit,Bahrain,15.0,91.461,,-1.0,,0.0,0.0,0.0,0,0,,0.0,0.0,0,0,0,0,0.0,0.0,13.333333333333334,0.0,0.0,14.6,0.2,0.0,2.0,13.333333333333334,12.4,0.2,0.0,13.0
2023,1,12,12,0.0,16.0,56,Lapped,+1.136,sargeant,SAR,2,Logan,Sargeant,American,williams,Williams,British,Bahrain Grand Prix,2023-03-05,bahrain,Bahrain International Circuit,Bahrain,16.0,91.652,,-1.0,,0.0,0.0,0.0,0,0,,0.0,0.0,1,0,0,0,0.0,,,,,,,0.0,2.0,13.333333333333334,12.4,0.2,1.0,
2023,2,18,18,0.0,14.0,49,Lapped,+29.584,bottas,BOT,77,Valtteri,Bottas,Finnish,alfa,Alfa Romeo,Swiss,Saudi Arabian Grand Prix,2023-03-19,jeddah,Jeddah Corniche Circuit,Saudi Arabia,14.0,89.668,,-1.0,,0.0,0.0,3.0,0,1,8.0,4.0,0.0,1,0,0,0,0.0,6.0,10.666666666666666,0.0,7.0,12.2,0.2,6.0,7.0,9.666666666666666,10.2,0.2,2.0,15.0
2023,2,13,13,0.0,11.0,50,Finished,+1:16.060,zhou,ZHO,24,Guanyu,Zhou,Chinese,alfa,Alfa Romeo,Swiss,Saudi Arabian Grand Prix,2023-03-19,jeddah,Jeddah Corniche Circuit,Saudi Arabia,12.0,89.461,,-1.0,,0.0,0.0,3.0,0,1,16.0,0.0,0.0,0,0,0,0,-1.0,0.0,13.333333333333334,0.3333333333333333,0.0,13.0,0.2,6.0,7.0,9.666666666666666,10.2,0.2,0.0,11.0
2023,2,14,14,0.0,18.0,50,Finished,+1:17.478,de_vries,DEV,21,Nyck,de Vries,Dutch,alphatauri,AlphaTauri,Italian,Saudi Arabian Grand Prix,2023-03-19,jeddah,Jeddah Corniche Circuit,Saudi Arabia,18.0,90.244,,-1.0,,0.0,0.0,3.0,0,1,14.0,0.0,0.0,0,0,0,0,0.0,2.0,11.5,0.5,2.0,11.5,0.5,0.0,1.0,12.0,11.4,0.2,2.0,
2023,2,11,11,0.0,16.0,50,Finished,+1:07.494,tsunoda,TSU,22,Yuki,Tsunoda,Japanese,alphatauri,AlphaTauri,Italian,Saudi Arabian Grand Prix,2023-03-19,jeddah,Jeddah Corniche Circuit,Saudi Arabia,16.0,89.939,,-1.0,,0.0,0.0,3.0,0,1,11.0,0.0,0.0,0,0,0,0,0.0,0.0,13.0,0.0,1.0,13.8,0.2,0.0,1.0,12.0,11.4,0.2,0.0,19.0
2023,2,9,9,2.0,9.0,50,Finished,+54.747,gasly,GAS,10,Pierre,Gasly,French,alpine,Alpine F1 Team,French,Saudi Arabian Grand Prix,2023-03-19,jeddah,Jeddah Corniche Circuit,Saudi Arabia,10.0,89.357,89.357,-1.0,,0.0,0.0,3.0,0,1,9.0,2.0,0.0,0,0,0,0,-1.0,2.0,12.333333333333334,0.0,2.0,12.4,0.0,22.0,32.0,7.0,7.2,0.3,3.0,8.0
2023,2,8,8,4.0,6.0,50,Finished,+52.832,ocon,OCO,31,Esteban,Ocon,French,alpine,Alpine F1 Team,French,Saudi Arabian Grand Prix,2023-03-19,jeddah,Jeddah Corniche Circuit,Saudi Arabia,7.0,89.078,89.078,-1.0,,0.0,0.0,3.0,0,1,,0.0,0.0,0,0,0,0,-1.0,10.0,11.0,0.3333333333333333,14.0,10.4,0.2,22.0,32.0,7.0,7.2,0.3,0.0,6.0
2023,2,3,3,15.0,2.0,50,Finished,+20.728,alonso,ALO,14,Fernando,Alonso,Spanish,aston_martin,Aston Martin,British,Saudi Arabian Grand Prix,2023-03-19,jeddah,Jeddah Corniche Circuit,Saudi Arabia,3.0,88.73,88.73,-1.0,,0.0,0.0,3.0,0,1,3.0,15.0,0.0,0,0,1,0,-1.0,25.0,9.333333333333334,0.3333333333333333,31.0,10.8,0.4,29.0,33.0,7.0,8.6,0.1,0.0,16.0
2023,2,20,R,0.0,5.0,16,Retired,,stroll,STR,18,Lance,Stroll,Canadian,aston_martin,Aston Martin,British,Saudi Arabian Grand Prix,2023-03-19,jeddah,Jeddah Corniche Circuit,Saudi Arabia,6.0,88.945,88.945,-1.0,,0.0,0.0,3.0,0,1,6.0,8.0,0.0,1,0,0,0,-1.0,13.0,8.0,0.0,13.0,11.4,0.2,29.0,33.0,7.0,8.6,0.1,3.0,13.0
2023,2,7,7,6.0,12.0,50,Finished,+43.162,leclerc,LEC,16,Charles,Leclerc,Monegasque,ferrari,Ferrari,Italian,Saudi Arabian Grand Prix,2023-03-19,jeddah,Jeddah Corniche Circuit,Saudi Arabia,2.0,88.42,88.42,-1.0,,0.0,0.0,3.0,0,1,,0.0,0.0,0,0,0,0,10.0,30.0,8.333333333333334,0.3333333333333333,53.0,6.8,0.2,69.0,102.0,3.0,3.4,0.2,0.0,2.0
2023,2,6,6,8.0,4.0,50,Finished,+35.876,sainz,SAI,55,Carlos,Sainz,Spanish,ferrari,Ferrari,Italian,Saudi Arabian Grand Prix,2023-03-19,jeddah,Jeddah Corniche Circuit,Saudi Arabia,5.0,88.931,88.931,-1.0,,0.0,0.0,3.0,0,1,4.0,12.0,0.0,0,0,0,0,-1.0,39.0,3.6666666666666665,0.0,49.0,7.2,0.2,69.0,102.0,3.0,3.4,0.2,3.0,3.0
2023,2,12,12,0.0,10.0,50,Finished,+1:10.588,hulkenberg,HUL,27,Nico,Hülkenberg,German,haas,Haas F1 Team,American,Saudi Arabian Grand Prix,2023-03-19,jeddah,Jeddah Corniche Circuit,Saudi Arabia,11.0,89.451,,-1.0,,0.0,0.0,3.0,0,1,15.0,0.0,0.0,0,0,0,0,-1.0,0.0,14.666666666666666,0.3333333333333333,0.0,14.666666666666666,0.3333333333333333,0.0,2.0,14.0,13.4,0.3,0.0,12.0
2023,2,10,10,1.0,13.0,50,Finished,+1:04.826,kevin_magnussen,MAG,20,Kevin,Magnussen,Danish,haas,Haas F1 Team,American,Saudi Arabian Grand Prix,2023-03-19,jeddah,Jeddah Corniche Circuit,Saudi Arabia,13.0,89.634,,-1.0,,0.0,0.0,3.0,0,1,13.0,0.0,0.0,0,0,0,0,0.0,0.0,16.333333333333332,0.6666666666666666,2.0,15.0,0.4,0.0,2.0,14.0,13.4,0.3,2.0,9.0
2023,2,17,17,0.0,19.0,50,Finished,+1:26.445,norris,NOR,1,Lando,Norris,British,mclaren,McLaren,British,Saudi Arabian Grand Prix,2023-03-19,jeddah,Jeddah Corniche Circuit,Saudi Arabia,19.0,90.447,,-1.0,,0.0,0.0,3.0,0,1,17.0,0.0,0.0,0,0,0,0,0.0,9.0,13.666666666666666,0.6666666666666666,19.0,11.2,0.4,11.0,27.0,13.666666666666666,10.8,0.4,10.0,7.0
2023,2,15,15,0.0,8.0,50,Finished,+1:25.021,piastri,PIA,81,Oscar,Piastri,Australian,mclaren,McLaren,British,Saudi Arabian Grand Prix,2023-03-19,jeddah,Jeddah Corniche Circuit,Saudi Arabia,9.0,89.243,89.243,-1.0,,0.0,0.0,3.0,0,1,,0.0,0.0,0,0,0,0,-1.0,0.0,20.0,1.0,0.0,20.0,1.0,11.0,27.0,13.666666666666666,10.8,0.4,0.0,
2023,2,5,5,10.0,7.0,50,Finished,+31.065,hamilton,HAM,44,Lewis,Hamilton,British,mercedes,Mercedes,German,Saudi Arabian Grand Prix,2023-03-19,jeddah,Jeddah Corniche Circuit,Saudi Arabia,8.0,89.223,89.223,-1.0,,0.0,0.0,3.0,0,1,5.0,10.0,0.0,0,0,0,0,-1.0,28.0,8.333333333333334,0.3333333333333333,64.0,5.8,0.2,70.0,130.0,3.6666666666666665,3.0,0.1,4.0,10.0
2023,2,4,4,12.0,3.0,50,Finished,+25.866,russell,RUS,63,George,Russell,British,mercedes,Mercedes,German,Saudi Arabian Grand Prix,2023-03-19,jeddah,Jeddah Corniche Circuit,Saudi Arabia,4.0,88.857,88.857,-1.0,,0.0,0.0,3.0,0,1,7.0,6.0,0.0,0,0,0,0,-1.0,42.0,4.333333333333333,0.0,66.0,4.4,0.0,70.0,130.0,3.6666666666666665,3.0,0.1,0.0,5.0
2023,2,2,2,19.0,15.0,50,Finished,+5.355,max_verstappen,VER,3,Max,Verstappen,Dutch,red_bull,Red Bull,Austrian,Saudi Arabian Grand Prix,2023-03-19,jeddah,Jeddah Corniche Circuit,Saudi Arabia,15.0,109.953,,-1.0,,0.0,0.0,3.0,0,1,1.0,25.0,1.0,0,0,1,0,0.0,58.0,2.6666666666666665,0.0,108.0,2.0,0.0,97.0,174.0,2.6666666666666665,2.0,0.0,14.0,1.0
2023,2,1,1,25.0,1.0,50,Finished,1:21:14.894,perez,PER,11,Sergio,Pérez,Mexican,red_bull,Red Bull,Austrian,Saudi Arabian Grand Prix,2023-03-19,jeddah,Jeddah Corniche Circuit,Saudi Arabia,1.0,88.265,88.265,-1.0,,0.0,0.0,3.0,0,1,2.0,18.0,0.0,0,1,1,0,0.0,39.0,4.0,0.0,66.0,3.8,0.0,97.0,174.0,2.6666666666666665,2.0,0.0,0.0,4.0
2023,2,19,R,0.0,17.0,27,Retired,,albon,ALB,23,Alexander,Albon,Thai,williams,Williams,British,Saudi Arabian Grand Prix,2023-03-19,jeddah,Jeddah Corniche Circuit,Saudi Arabia,17.0,89.994,,-1.0,,0.0,0.0,3.0,0,1,10.0,1.0,0.0,1,0,0,0,0.0,1.0,12.666666666666666,0.0,1.0,12.6,0.0,1.0,1.0,12.666666666666666,12.6,0.2,0.0,14.0
2023,2,16,16,0.0,20.0,50,Finished,+1:26.293,sargeant,SAR,2,Logan,Sargeant,American,williams,Williams,British,Saudi Arabian Grand Prix,2023-03-19,jeddah,Jeddah Corniche Circuit,Saudi Arabia,20.0,128.51,,-1.0,,0.0,0.0,3.0,0,1,12.0,0.0,0.0,0,0,0,0,0.0,0.0,12.0,1.0,0.0,12.0,1.0,1.0,1.0,12.666666666666666,12.6,0.2,3.0,
2023,3,11,11,0.0,19.0,58,Finished,+6.513,bottas,BOT,77,Valtteri,Bottas,Finnish,alfa,Alfa Romeo,Swiss,Australian Grand Prix,2023-04-02,albert_park,Albert Park Grand Prix Circuit,Australia,19.0,78.714,,-1.0,,0.0,0.0,3.0,0,2,9.0,4.0,0.0,0,0,0,0,0.0,4.0,13.666666666666666,0.3333333333333333,7.0,12.0,0.2,4.0,7.0,11.0,10.4,0.2,2.0,8.0
2023,3,9,9,2.0,17.0,58,Finished,+5.713,zhou,ZHO,24,Guanyu,Zhou,Chinese,alfa,Alfa Romeo,Swiss,Australian Grand Prix,2023-04-02,albert_park,Albert Park Grand Prix Circuit,Australia,17.0,78.53999999999999,,-1.0,,0.0,0.0,3.0,0,2,17.0,0.0,0.0,0,0,0,0,0.0,0.0,13.666666666666666,0.3333333333333333,0.0,13.2,0.2,4.0,7.0,11.0,10.4,0.2,0.0,11.0
2023,3,15,15,0.0,15.0,56,Retired,,de_vries,DEV,21,Nyck,de Vries,Dutch,alphatauri,AlphaTauri,Italian,Australian Grand Prix,2023-04-02,albert_park,Albert Park Grand Prix Circuit,Australia,15.0,78.33500000000001,,-1.0,,0.0,0.0,3.0,0,2,18.0,0.0,0.0,1,0,0,0,0.0,2.0,12.333333333333334,0.3333333333333333,2.0,12.333333333333334,0.3333333333333333,0.0,0.0,11.0,11.6,0.2,3.0,
2023,3,10,10,1.0,12.0,58,Finished,+6.052,tsunoda,TSU,22,Yuki,Tsunoda,Japanese,alphatauri,AlphaTauri,Italian,Australian Grand Prix,2023-04-02,albert_park,Albert Park Grand Prix Circuit,Australia,12.0,78.099,,-1.0,,0.0,0.0,3.0,0,2,14.0,0.0,0.0,0,0,0,0,0.0,0.0,11.0,0.0,0.0,14.0,0.2,0.0,0.0,11.0,11.6,0.2,0.0,15.0
2023,3,13,13,0.0,9.0,56,Retired,,gasly,GAS,10,Pierre,Gasly,French,alpine,Alpine F1 Team,French,Australian Grand Prix,2023-04-02,albert_park,Albert Park Grand Prix Circuit,Australia,9.0,77.675,77.675,-1.0,,0.0,0.0,3.0,0,2,11.0,4.0,0.0,1,0,0,0,0.0,4.0,10.666666666666666,0.0,4.0,11.4,0.0,14.0,32.0,8.0,7.4,0.3,0.0,9.0
2023,3,14,14,0.0,11.0,56,Retired,,ocon,OCO,31,Esteban,Ocon,French,alpine,Alpine F1 Team,French,Australian Grand Prix,2023-04-02,albert_park,Albert Park Grand Prix Circuit,Australia,11.0,77.768,,-1.0,,0.0,0.0,3.0,0,2,10.0,4.0,0.0,1,0,0,0,0.0,10.0,11.0,0.3333333333333333,18.0,9.8,0.2,14.0,32.0,8.0,7.4,0.3,2.0,7.0
2023,3,3,3,15.0,4.0,58,Finished,+0.769,alonso,ALO,14,Fernando,Alonso,Spanish,aston_martin,Aston Martin,British,Australian Grand Prix,2023-04-02,albert_park,Albert Park Grand Prix Circuit,Australia,4.0,77.139,77.139,-1.0,,0.0,0.0,3.0,0,2,3.0,30.0,0.0,0,0,1,0,0.0,30.0,8.666666666666666,0.3333333333333333,40.0,10.0,0.4,43.0,44.0,4.666666666666667,7.6,0.1,0.0,17.0
2023,3,4,4,12.0,6.0,58,Finished,+3.082,stroll,STR,18,Lance,Stroll,Canadian,aston_martin,Aston Martin,British,Australian Grand Prix,2023-04-02,albert_park,Albert Park Grand Prix Circuit,Australia,6.0,77.30799999999999,77.30799999999999,-1.0,,0.0,0.0,3.0,0,2,7.0,8.0,0.0,0,0,0,0,0.0,12.0,11.333333333333334,0.3333333333333333,13.0,11.8,0.2,43.0,44.0,4.666666666666667,7.6,0.1,2.0,12.0
2023,3,20,R,0.0,7.0,0,Retired,,leclerc,LEC,16,Charles,Leclerc,Monegasque,ferrari,Ferrari,Italian,Australian Grand Prix,2023-04-02,albert_park,Albert Park Grand Prix Circuit,Australia,7.0,77.369,77.369,-1.0,,0.0,0.0,3.0,0,2,8.0,6.0,0.0,1,0,0,0,0.0,24.0,9.333333333333334,0.3333333333333333,44.0,7.6,0.2,56.0,101.0,4.0,4.0,0.1,2.0,1.0
2023,3,12,12,0.0,5.0,58,Finished,+6.594,sainz,SAI,55,Carlos,Sainz,Spanish,ferrari,Ferrari,Italian,Australian Grand Prix,2023-04-02,albert_park,Albert Park Grand Prix Circuit,Australia,5.0,77.27,77.27,-1.0,,0.0,0.0,3.0,0,2,4.0,20.0,0.0,0,0,0,0,0.0,32.0,4.666666666666667,0.0,57.0,4.4,0.0,56.0,101.0,4.0,4.0,0.1,0.0,20.0
2023,3,7,7,6.0,10.0,58,Finished,+4.939,hulkenberg,HUL,27,Nico,Hülkenberg,German,haas,Haas F1 Team,American,Australian Grand Prix,2023-04-02,albert_park,Albert Park Grand Prix Circuit,Australia,10.0,77.735,77.735,-1.0,,0.0,0.0,3.0,0,2,15.0,0.0,0.0,0,0,0,0,0.0,0.0,13.0,0.3333333333333333,0.0,14.0,0.25,1.0,1.0,13.0,13.6,0.3,0.0,
2023,3,17,17,0.0,14.0,52,Retired,,kevin_magnussen,MAG,20,Kevin,Magnussen,Danish,haas,Haas F1 Team,American,Australian Grand Prix,2023-04-02,albert_park,Albert Park Grand Prix Circuit,Australia,14.0,78.129,,-1.0,,0.0,0.0,3.0,0,2,12.0,1.0,0.0,1,0,0,0,0.0,1.0,13.333333333333334,0.3333333333333333,1.0,15.2,0.4,1.0,1.0,13.0,13.6,0.3,4.0,14.0
2023,3,6,6,8.0,13.0,58,Finished,+3.701,norris,NOR,1,Lando,Norris,British,mclaren,McLaren,British,Australian Grand Prix,2023-04-02,albert_park,Albert Park Grand Prix Circuit,Australia,13.0,78.119,,-1.0,,0.0,0.0,3.0,0,2,20.0,0.0,0.0,0,0,0,0,0.0,9.0,13.333333333333334,0.3333333333333333,11.0,13.4,0.4,11.0,19.0,12.666666666666666,12.6,0.4,0.0,5.0
2023,3,8,8,4.0,16.0,58,Finished,+5.382,piastri,PIA,81,Oscar,Piastri,Australian,mclaren,McLaren,British,Australian Grand Prix,2023-04-02,albert_park,Albert Park Grand Prix Circuit,Australia,16.0,78.517,,-1.0,,0.0,0.0,3.0,0,2,19.0,0.0,0.0,0,0,0,0,0.0,0.0,17.5,0.5,0.0,17.5,0.5,11.0,19.0,12.666666666666666,12.6,0.4,3.0,
2023,3,2,2,18.0,3.0,58,Finished,+0.179,hamilton,HAM,44,Lewis,Hamilton,British,mercedes,Mercedes,German,Australian Grand Prix,2023-04-02,albert_park,Albert Park Grand Prix Circuit,Australia,3.0,77.104,77.104,-1.0,,0.0,0.0,3.0,0,2,5.0,20.0,0.0,0,0,1,0,0.0,20.0,9.333333333333334,0.3333333333333333,56.0,6.4,0.2,48.0,123.0,4.666666666666667,3.4,0.1,1.0,4.0
2023,3,18,R,0.0,2.0,17,Retired,,russell,RUS,63,George,Russell,British,mercedes,Mercedes,German,Australian Grand Prix,2023-04-02,albert_park,Albert Park Grand Prix Circuit,Australia,2.0,76.968,76.968,-1.0,,0.0,0.0,3.0,0,2,6.0,18.0,0.0,1,0,0,0,0.0,28.0,5.333333333333333,0.0,67.0,4.2,0.0,48.0,123.0,4.666666666666667,3.4,0.1,0.0,3.0
2023,3,1,1,25.0,1.0,58,Finished,2:32:38.371,max_verstappen,VER,3,Max,Verstappen,Dutch,red_bull,Red Bull,Austrian,Australian Grand Prix,2023-04-02,albert_park,Albert Park Grand Prix Circuit,Australia,1.0,76.732,76.732,-1.0,,0.0,0.0,3.0,0,2,1.0,44.0,1.0,0,1,1,0,0.0,69.0,1.3333333333333333,0.0,102.0,2.2,0.0,127.0,181.0,1.0,2.0,0.0,0.0,18.0
2023,3,5,5,11.0,20.0,58,Finished,+3.320,perez,PER,11,Sergio,Pérez,Mexican,red_bull,Red Bull,Austrian,Australian Grand Prix,2023-04-02,albert_park,Albert Park Grand Prix Circuit,Australia,20.0,,,-1.0,,0.0,0.0,3.0,0,2,2.0,43.0,1.0,0,0,0,0,0.0,58.0,2.0,0.0,79.0,3.2,0.0,127.0,181.0,1.0,2.0,0.0,19.0,2.0
2023,3,19,R,0.0,8.0,6,Retired,,albon,ALB,23,Alexander,Albon,Thai,williams,Williams,British,Australian Grand Prix,2023-04-02,albert_park,Albert Park Grand Prix Circuit,Australia,8.0,77.60900000000001,77.60900000000001,-1.0,,0.0,0.0,3.0,0,2,13.0,1.0,0.0,1,0,0,0,0.0,1.0,14.0,0.3333333333333333,1.0,13.8,0.2,1.0,1.0,13.0,13.2,0.3,0.0,10.0
2023,3,16,16,0.0,18.0,56,Retired,,sargeant,SAR,2,Logan,Sargeant,American,williams,Williams,British,Australian Grand Prix,2023-04-02,albert_park,Albert Park Grand Prix Circuit,Australia,18.0,78.557,,-1.0,,0.0,0.0,3.0,0,2,16.0,0.0,0.0,1,0,0,0,0.0,0.0,14.0,0.5,0.0,14.0,0.5,1.0,1.0,13.0,13.2,0.3,10.0,
2023,4,18,18,0.0,13.0,50,Lapped,+19.098,bottas,BOT,77,Valtteri,Bottas,Finnish,alfa,Alfa Romeo,Swiss,Azerbaijan Grand Prix,2023-04-30,baku,Baku City Circuit,Azerbaijan,14.0,102.259,,16.0,0.0,1.5,1.5,53.0,1,3,11.0,4.0,0.0,1,0,0,1,-1.0,4.0,12.333333333333334,0.3333333333333333,6.0,12.2,0.2,6.0,8.0,10.0,10.2,0.2,0.0,11.0
2023,4,19,R,0.0,15.0,36,Retired,,zhou,ZHO,24,Guanyu,Zhou,Chinese,alfa,Alfa Romeo,Swiss,Azerbaijan Grand Prix,2023-04-30,baku,Baku City Circuit,Azerbaijan,16.0,102.642,,12.0,0.0,1.5,1.5,53.0,1,3,15.0,2.0,0.0,1,0,0,1,-1.0,2.0,12.666666666666666,0.3333333333333333,2.0,12.4,0.2,6.0,8.0,10.0,10.2,0.2,2.0,18.0
2023,4,20,R,0.0,18.0,9,Retired,,de_vries,DEV,21,Nyck,de Vries,Dutch,alphatauri,AlphaTauri,Italian,Azerbaijan Grand Prix,2023-04-30,baku,Baku City Circuit,Azerbaijan,20.0,115.282,,14.0,0.0,1.5,1.5,53.0,1,3,20.0,0.0,0.0,1,0,0,1,-2.0,0.0,14.333333333333334,0.6666666666666666,2.0,13.0,0.5,1.0,1.0,10.666666666666666,11.4,0.2,12.0,
2023,4,10,10,1.0,8.0,51,Finished,+1:23.862,tsunoda,TSU,22,Yuki,Tsunoda,Japanese,alphatauri,AlphaTauri,Italian,Azerbaijan Grand Prix,2023-04-30,baku,Baku City Circuit,Azerbaijan,8.0,101.581,101.581,19.0,0.0,1.5,1.5,53.0,1,3,16.0,1.0,0.0,0,0,0,1,0.0,1.0,10.666666666666666,0.0,1.0,12.0,0.0,1.0,1.0,10.666666666666666,11.4,0.2,0.0,13.0
2023,4,14,14,0.0,17.0,51,Finished,+1:31.332,gasly,GAS,10,Pierre,Gasly,French,alpine,Alpine F1 Team,French,Azerbaijan Grand Prix,2023-04-30,baku,Baku City Circuit,Azerbaijan,19.0,104.85300000000001,,13.0,0.0,1.5,1.5,53.0,1,3,14.0,4.0,0.0,0,0,0,1,-2.0,4.0,10.333333333333334,0.3333333333333333,4.0,11.8,0.2,8.0,28.0,10.0,8.4,0.4,7.0,5.0
2023,4,15,15,0.0,19.0,51,Finished,+1:37.794,ocon,OCO,31,Esteban,Ocon,French,alpine,Alpine F1 Team,French,Azerbaijan Grand Prix,2023-04-30,baku,Baku City Circuit,Azerbaijan,12.0,101.798,,18.0,0.0,1.5,1.5,53.0,1,3,12.0,4.0,0.0,0,0,0,1,7.0,4.0,13.333333333333334,0.6666666666666666,14.0,11.0,0.4,8.0,28.0,10.0,8.4,0.4,0.0,10.0
2023,4,4,4,12.0,6.0,51,Finished,+22.024,alonso,ALO,14,Fernando,Alonso,Spanish,aston_martin,Aston Martin,British,Azerbaijan Grand Prix,2023-04-30,baku,Baku City Circuit,Azerbaijan,6.0,101.253,101.253,6.0,3.0,1.5,1.5,53.0,1,3,3.0,45.0,0.0,0,0,0,1,0.0,45.0,3.0,0.0,55.0,6.8,0.2,65.0,71.0,3.0,5.4,0.1,0.0,7.0
2023,4,7,7,6.0,9.0,51,Finished,+51.617,stroll,STR,18,Lance,Stroll,Canadian,aston_martin,Aston Martin,British,Azerbaijan Grand Prix,2023-04-30,baku,Baku City Circuit,Azerbaijan,9.0,101.61099999999999,101.61099999999999,8.0,1.0,1.5,1.5,53.0,1,3,6.0,20.0,0.0,0,0,0,1,0.0,20.0,10.0,0.3333333333333333,25.0,9.6,0.2,65.0,71.0,3.0,5.4,0.1,3.0,16.0
2023,4,3,3,15.0,1.0,51,Finished,+21.217,leclerc,LEC,16,Charles,Leclerc,Monegasque,ferrari,Ferrari,Italian,Azerbaijan Grand Prix,2023-04-30,baku,Baku City Circuit,Azerbaijan,1.0,100.203,100.203,2.0,7.0,1.5,1.5,53.0,1,3,10.0,6.0,0.0,0,0,1,1,0.0,6.0,15.333333333333334,0.6666666666666666,36.0,10.4,0.4,26.0,83.0,7.333333333333333,5.4,0.2,0.0,19.0
2023,4,5,5,10.0,4.0,51,Finished,+45.491,sainz,SAI,55,Carlos,Sainz,Spanish,ferrari,Ferrari,Italian,Azerbaijan Grand Prix,2023-04-30,baku,Baku City Circuit,Azerbaijan,4.0,101.01599999999999,101.01599999999999,5.0,4.0,1.5,1.5,53.0,1,3,5.0,20.0,0.0,0,0,0,1,0.0,20.0,7.333333333333333,0.0,47.0,5.8,0.0,26.0,83.0,7.333333333333333,5.4,0.2,3.0,20.0
2023,4,17,17,0.0,20.0,50,Lapped,+9.937,hulkenberg,HUL,27,Nico,Hülkenberg,German,haas,Haas F1 Team,American,Azerbaijan Grand Prix,2023-04-30,baku,Baku City Circuit,Azerbaijan,17.0,102.755,,15.0,0.0,1.5,1.5,53.0,1,3,9.0,6.0,0.0,1,0,0,1,3.0,6.0,11.333333333333334,0.3333333333333333,6.0,12.6,0.2,7.0,7.0,10.0,11.8,0.4,0.0,
2023,4,13,13,0.0,16.0,51,Finished,+1:29.729,kevin_magnussen,MAG,20,Kevin,Magnussen,Danish,haas,Haas F1 Team,American,Azerbaijan Grand Prix,2023-04-30,baku,Baku City Circuit,Azerbaijan,18.0,103.417,,11.0,0.0,1.5,1.5,53.0,1,3,17.0,1.0,0.0,0,0,0,1,-2.0,1.0,13.333333333333334,0.6666666666666666,1.0,15.2,0.6,7.0,7.0,10.0,11.8,0.4,1.0,17.0
2023,4,9,9,2.0,7.0,51,Finished,+1:20.376,norris,NOR,1,Lando,Norris,British,mclaren,McLaren,British,Azerbaijan Grand Prix,2023-04-30,baku,Baku City Circuit,Azerbaijan,7.0,101.281,101.281,17.0,0.0,1.5,1.5,53.0,1,3,8.0,8.0,0.0,0,0,0,1,0.0,8.0,13.333333333333334,0.3333333333333333,17.0,12.8,0.4,12.0,23.0,12.666666666666666,12.4,0.4,0.0,9.0
2023,4,11,11,0.0,10.0,51,Finished,+1:26.501,piastri,PIA,81,Oscar,Piastri,Australian,mclaren,McLaren,British,Azerbaijan Grand Prix,2023-04-30,baku,Baku City Circuit,Azerbaijan,10.0,101.61099999999999,101.61099999999999,10.0,0.0,1.5,1.5,53.0,1,3,13.0,4.0,0.0,0,0,0,1,0.0,4.0,14.333333333333334,0.3333333333333333,4.0,14.333333333333334,0.3333333333333333,12.0,23.0,12.666666666666666,12.4,0.4,3.0,
2023,4,6,6,8.0,5.0,51,Finished,+46.145,hamilton,HAM,44,Lewis,Hamilton,British,mercedes,Mercedes,German,Azerbaijan Grand Prix,2023-04-30,baku,Baku City Circuit,Azerbaijan,5.0,101.17699999999999,101.17699999999999,7.0,2.0,1.5,1.5,53.0,1,3,4.0,38.0,0.0,0,0,0,1,0.0,38.0,4.0,0.0,56.0,6.4,0.2,56.0,110.0,3.6666666666666665,3.4,0.2,0.0,4.0
2023,4,8,8,5.0,11.0,51,Finished,+1:14.240,russell,RUS,63,George,Russell,British,mercedes,Mercedes,German,Azerbaijan Grand Prix,2023-04-30,baku,Baku City Circuit,Azerbaijan,11.0,101.654,,4.0,5.0,1.5,1.5,53.0,1,3,7.0,18.0,0.0,0,0,0,1,0.0,18.0,9.666666666666666,0.3333333333333333,54.0,7.0,0.2,56.0,110.0,3.6666666666666665,3.4,0.2,6.0,3.0
2023,4,2,2,18.0,2.0,51,Finished,+2.137,max_verstappen,VER,3,Max,Verstappen,Dutch,red_bull,Red Bull,Austrian,Azerbaijan Grand Prix,2023-04-30,baku,Baku City Circuit,Azerbaijan,2.0,100.39099999999999,100.39099999999999,3.0,6.0,1.5,1.5,53.0,1,3,1.0,69.0,2.0,0,0,1,1,0.0,69.0,1.3333333333333333,0.0,102.0,2.2,0.0,123.0,177.0,1.0,2.0,0.0,0.0,1.0
2023,4,1,1,25.0,3.0,51,Finished,1:32:42.436,perez,PER,11,Sergio,Pérez,Mexican,red_bull,Red Bull,Austrian,Azerbaijan Grand Prix,2023-04-30,baku,Baku City Circuit,Azerbaijan,3.0,100.495,100.495,1.0,8.0,1.5,1.5,53.0,1,3,2.0,54.0,1.0,0,1,1,1,0.0,54.0,2.6666666666666665,0.0,75.0,3.6,0.0,123.0,177.0,1.0,2.0,0.0,1.0,2.0
2023,4,12,12,0.0,12.0,51,Finished,+1:28.623,albon,ALB,23,Alexander,Albon,Thai,williams,Williams,British,Azerbaijan Grand Prix,2023-04-30,baku,Baku City Circuit,Azerbaijan,13.0,101.818,,9.0,0.0,1.5,1.5,53.0,1,3,18.0,1.0,0.0,0,0,0,1,-1.0,1.0,16.0,0.6666666666666666,1.0,15.2,0.4,1.0,1.0,14.0,14.0,0.5,0.0,12.0
2023,4,16,16,0.0,14.0,51,Finished,+1:40.943,sargeant,SAR,2,Logan,Sargeant,American,williams,Williams,British,Azerbaijan Grand Prix,2023-04-30,baku,Baku City Circuit,Azerbaijan,15.0,102.39500000000001,,20.0,0.0,1.5,1.5,53.0,1,3,19.0,0.0,0.0,0,0,0,1,-1.0,0.0,14.666666666666666,0.6666666666666666,0.0,14.666666666666666,0.6666666666666666,1.0,1.0,14.0,14.0,0.5,2.0,
2023,5,13,13,0.0,10.0,57,Finished,+1:11.637,bottas,BOT,77,Valtteri,Bottas,Finnish,alfa,Alfa Romeo,Swiss,Miami Grand Prix,2023-05-07,miami,Miami International Autodrome,USA,10.0,87.564,,-1.0,,2.1,2.1,51.0,1,4,12.0,4.0,0.0,0,0,0,0,0.0,0.0,15.666666666666666,0.6666666666666666,4.0,14.0,0.4,2.0,6.0,13.333333333333334,12.0,0.4,0.0,7.0
2023,5,16,16,0.0,14.0,57,Finished,+1:18.440,zhou,ZHO,24,Guanyu,Zhou,Chinese,alfa,Alfa Romeo,Swiss,Miami Grand Prix,2023-05-07,miami,Miami International Autodrome,USA,14.0,88.09100000000001,,-1.0,,2.1,2.1,51.0,1,4,15.0,2.0,0.0,0,0,0,0,0.0,2.0,13.666666666666666,0.3333333333333333,2.0,13.8,0.4,2.0,6.0,13.333333333333334,12.0,0.4,4.0,20.0
2023,5,18,18,0.0,15.0,57,Finished,+1:28.949,de_vries,DEV,21,Nyck,de Vries,Dutch,alphatauri,AlphaTauri,Italian,Miami Grand Prix,2023-05-07,miami,Miami International Autodrome,USA,15.0,88.395,,-1.0,,2.1,2.1,51.0,1,4,20.0,0.0,0.0,0,0,0,0,0.0,0.0,16.333333333333332,0.6666666666666666,2.0,14.4,0.6,2.0,2.0,10.333333333333334,10.6,0.3,0.0,
2023,5,11,11,0.0,17.0,57,Finished,+1:04.309,tsunoda,TSU,22,Yuki,Tsunoda,Japanese,alphatauri,AlphaTauri,Italian,Miami Grand Prix,2023-05-07,miami,Miami International Autodrome,USA,17.0,88.429,,-1.0,,2.1,2.1,51.0,1,4,16.0,2.0,0.0,0,0,0,0,0.0,2.0,10.333333333333334,0.0,2.0,10.6,0.0,2.0,2.0,10.333333333333334,10.6,0.3,2.0,12.0
2023,5,8,8,4.0,5.0,57,Finished,+55.670,gasly,GAS,10,Pierre,Gasly,French,alpine,Alpine F1 Team,French,Miami Grand Prix,2023-05-07,miami,Miami International Autodrome,USA,5.0,87.786,87.786,-1.0,,2.1,2.1,51.0,1,4,14.0,4.0,0.0,0,0,0,0,0.0,2.0,12.0,0.3333333333333333,4.0,11.8,0.2,6.0,14.0,11.666666666666666,10.2,0.4,0.0,18.0
2023,5,9,9,2.0,8.0,57,Finished,+58.123,ocon,OCO,31,Esteban,Ocon,French,alpine,Alpine F1 Team,French,Miami Grand Prix,2023-05-07,miami,Miami International Autodrome,USA,8.0,87.935,87.935,-1.0,,2.1,2.1,51.0,1,4,13.0,4.0,0.0,0,0,0,0,0.0,4.0,12.333333333333334,0.3333333333333333,10.0,12.4,0.4,6.0,14.0,11.666666666666666,10.2,0.4,3.0,8.0
2023,5,3,3,15.0,2.0,57,Finished,+26.305,alonso,ALO,14,Fernando,Alonso,Spanish,aston_martin,Aston Martin,British,Miami Grand Prix,2023-05-07,miami,Miami International Autodrome,USA,2.0,87.202,87.202,-1.0,,2.1,2.1,51.0,1,4,3.0,60.0,0.0,0,0,1,0,0.0,42.0,3.3333333333333335,0.0,57.0,6.6,0.2,60.0,88.0,3.3333333333333335,4.2,0.1,0.0,11.0
2023,5,12,12,0.0,18.0,57,Finished,+1:04.754,stroll,STR,18,Lance,Stroll,Canadian,aston_martin,Aston Martin,British,Miami Grand Prix,2023-05-07,miami,Miami International Autodrome,USA,18.0,88.476,,-1.0,,2.1,2.1,51.0,1,4,8.0,27.0,0.0,0,0,0,0,0.0,18.0,10.333333333333334,0.3333333333333333,30.0,9.0,0.2,60.0,88.0,3.3333333333333335,4.2,0.1,16.0,10.0
2023,5,7,7,6.0,7.0,57,Finished,+52.988,leclerc,LEC,16,Charles,Leclerc,Monegasque,ferrari,Ferrari,Italian,Miami Grand Prix,2023-05-07,miami,Miami International Autodrome,USA,7.0,87.861,87.861,-1.0,,2.1,2.1,51.0,1,4,6.0,28.0,0.0,0,0,0,0,0.0,21.0,10.0,0.3333333333333333,39.0,10.2,0.4,39.0,81.0,7.0,5.4,0.2,4.0,2.0
2023,5,5,5,10.0,3.0,57,Finished,+42.511,sainz,SAI,55,Carlos,Sainz,Spanish,ferrari,Ferrari,Italian,Miami Grand Prix,2023-05-07,miami,Miami International Autodrome,USA,3.0,87.349,87.349,-1.0,,2.1,2.1,51.0,1,4,5.0,34.0,0.0,0,0,0,0,0.0,18.0,7.666666666666667,0.0,42.0,6.2,0.0,39.0,81.0,7.0,5.4,0.2,0.0,3.0
2023,5,15,15,0.0,12.0,57,Finished,+1:14.950,hulkenberg,HUL,27,Nico,Hülkenberg,German,haas,Haas F1 Team,American,Miami Grand Prix,2023-05-07,miami,Miami International Autodrome,USA,12.0,87.90299999999999,,-1.0,,2.1,2.1,51.0,1,4,10.0,6.0,0.0,0,0,0,0,0.0,6.0,12.0,0.3333333333333333,6.0,12.6,0.4,7.0,7.0,10.0,11.8,0.4,8.0,
2023,5,10,10,1.0,4.0,57,Finished,+1:02.945,kevin_magnussen,MAG,20,Kevin,Magnussen,Danish,haas,Haas F1 Team,American,Miami Grand Prix,2023-05-07,miami,Miami International Autodrome,USA,4.0,87.767,87.767,-1.0,,2.1,2.1,51.0,1,4,18.0,1.0,0.0,0,0,0,0,0.0,1.0,13.333333333333334,0.3333333333333333,1.0,14.0,0.4,7.0,7.0,10.0,11.8,0.4,0.0,16.0
2023,5,17,17,0.0,16.0,57,Finished,+1:27.717,norris,NOR,1,Lando,Norris,British,mclaren,McLaren,British,Miami Grand Prix,2023-05-07,miami,Miami International Autodrome,USA,16.0,88.394,,-1.0,,2.1,2.1,51.0,1,4,9.0,10.0,0.0,0,0,0,0,0.0,10.0,10.666666666666666,0.0,19.0,11.0,0.2,14.0,25.0,10.0,10.6,0.2,0.0,19.0
2023,5,19,19,0.0,19.0,56,Lapped,+20.510,piastri,PIA,81,Oscar,Piastri,Australian,mclaren,McLaren,British,Miami Grand Prix,2023-05-07,miami,Miami International Autodrome,USA,19.0,88.48400000000001,,-1.0,,2.1,2.1,51.0,1,4,11.0,4.0,0.0,1,0,0,0,0.0,4.0,11.333333333333334,0.0,4.0,13.5,0.25,14.0,25.0,10.0,10.6,0.2,3.0,
2023,5,6,6,8.0,13.0,57,Finished,+51.249,hamilton,HAM,44,Lewis,Hamilton,British,mercedes,Mercedes,German,Miami Grand Prix,2023-05-07,miami,Miami International Autodrome,USA,13.0,87.975,,-1.0,,2.1,2.1,51.0,1,4,4.0,48.0,0.0,0,0,0,0,0.0,36.0,4.333333333333333,0.0,46.0,7.2,0.2,53.0,79.0,4.0,4.4,0.2,7.0,6.0
2023,5,4,4,12.0,6.0,57,Finished,+33.229,russell,RUS,63,George,Russell,British,mercedes,Mercedes,German,Miami Grand Prix,2023-05-07,miami,Miami International Autodrome,USA,6.0,87.804,87.804,-1.0,,2.1,2.1,51.0,1,4,7.0,28.0,0.0,0,0,0,0,0.0,17.0,10.0,0.3333333333333333,33.0,8.4,0.2,53.0,79.0,4.0,4.4,0.2,0.0,5.0
2023,5,1,1,26.0,9.0,57,Finished,1:27:38.241,max_verstappen,VER,3,Max,Verstappen,Dutch,red_bull,Red Bull,Austrian,Miami Grand Prix,2023-05-07,miami,Miami International Autodrome,USA,9.0,86.814,,-1.0,,2.1,2.1,51.0,1,4,1.0,93.0,2.0,0,1,1,0,0.0,62.0,1.6666666666666667,0.0,112.0,1.4,0.0,123.0,206.0,1.0,1.0,0.0,8.0,1.0
2023,5,2,2,18.0,1.0,57,Finished,+5.384,perez,PER,11,Sergio,Pérez,Mexican,red_bull,Red Bull,Austrian,Miami Grand Prix,2023-05-07,miami,Miami International Autodrome,USA,1.0,86.84100000000001,86.84100000000001,-1.0,,2.1,2.1,51.0,1,4,2.0,87.0,2.0,0,0,1,0,0.0,61.0,2.3333333333333335,0.0,94.0,2.4,0.0,123.0,206.0,1.0,1.0,0.0,0.0,4.0
2023,5,14,14,0.0,11.0,57,Finished,+1:12.861,albon,ALB,23,Alexander,Albon,Thai,williams,Williams,British,Miami Grand Prix,2023-05-07,miami,Miami International Autodrome,USA,11.0,87.795,,-1.0,,2.1,2.1,51.0,1,4,17.0,1.0,0.0,0,0,0,0,0.0,0.0,16.666666666666668,0.6666666666666666,1.0,14.6,0.4,0.0,1.0,14.666666666666666,13.4,0.5,0.0,9.0
2023,5,20,20,0.0,20.0,56,Lapped,+34.388,sargeant,SAR,2,Logan,Sargeant,American,williams,Williams,British,Miami Grand Prix,2023-05-07,miami,Miami International Autodrome,USA,20.0,88.577,,-1.0,,2.1,2.1,51.0,1,4,19.0,0.0,0.0,1,0,0,0,0.0,0.0,16.0,0.3333333333333333,0.0,15.0,0.5,0.0,1.0,14.666666666666666,13.4,0.5,9.0,
2023,6,11,11,0.0,15.0,77,Lapped,+28.963,bottas,BOT,77,Valtteri,Bottas,Finnish,alfa,Alfa Romeo,Swiss,Monaco Grand Prix,2023-05-28,monaco,Circuit de Monaco,Monaco,15.0,72.625,,-1.0,,6.9,6.9,63.0,1,5,13.0,4.0,0.0,1,0,0,0,0.0,0.0,14.0,0.3333333333333333,4.0,13.6,0.4,2.0,6.0,13.333333333333334,12.2,0.4,0.0,9.0
2023,6,13,13,0.0,19.0,77,Lapped,+1:11.852,zhou,ZHO,24,Guanyu,Zhou,Chinese,alfa,Alfa Romeo,Swiss,Monaco Grand Prix,2023-05-28,monaco,Circuit de Monaco,Monaco,19.0,73.523,,-1.0,,6.9,6.9,63.0,1,5,15.0,2.0,0.0,1,0,0,0,0.0,2.0,14.666666666666666,0.3333333333333333,2.0,14.6,0.4,2.0,6.0,13.333333333333334,12.2,0.4,4.0,16.0
2023,6,12,12,0.0,12.0,77,Lapped,+57.317,de_vries,DEV,21,Nyck,de Vries,Dutch,alphatauri,AlphaTauri,Italian,Monaco Grand Prix,2023-05-28,monaco,Circuit de Monaco,Monaco,12.0,72.428,,-1.0,,6.9,6.9,63.0,1,5,20.0,0.0,0.0,1,0,0,0,0.0,0.0,17.666666666666668,0.6666666666666666,0.0,16.2,0.6,2.0,2.0,10.333333333333334,10.6,0.3,3.0,
2023,6,15,15,0.0,9.0,76,Lapped,+7.545,tsunoda,TSU,22,Yuki,Tsunoda,Japanese,alphatauri,AlphaTauri,Italian,Monaco Grand Prix,2023-05-28,monaco,Circuit de Monaco,Monaco,9.0,72.082,72.082,-1.0,,6.9,6.9,63.0,1,5,16.0,2.0,0.0,1,0,0,0,0.0,2.0,10.333333333333334,0.0,2.0,10.6,0.0,2.0,2.0,10.333333333333334,10.6,0.3,0.0,17.0
2023,6,7,7,6.0,7.0,78,Finished,+1:02.362,gasly,GAS,10,Pierre,Gasly,French,alpine,Alpine F1 Team,French,Monaco Grand Prix,2023-05-28,monaco,Circuit de Monaco,Monaco,7.0,71.93299999999999,71.93299999999999,-1.0,,6.9,6.9,63.0,1,5,10.0,8.0,0.0,0,0,0,0,0.0,4.0,11.666666666666666,0.3333333333333333,8.0,10.6,0.2,6.0,14.0,11.666666666666666,10.4,0.3,3.0,11.0
2023,6,3,3,15.0,3.0,78,Finished,+36.990,ocon,OCO,31,Esteban,Ocon,French,alpine,Alpine F1 Team,French,Monaco Grand Prix,2023-05-28,monaco,Circuit de Monaco,Monaco,4.0,71.553,71.553,-1.0,,6.9,6.9,63.0,1,5,12.0,6.0,0.0,0,0,1,0,-1.0,2.0,12.666666666666666,0.3333333333333333,6.0,12.8,0.4,6.0,14.0,11.666666666666666,10.4,0.3,0.0,12.0
2023,6,2,2,18.0,2.0,78,Finished,+27.921,alonso,ALO,14,Fernando,Alonso,Spanish,aston_martin,Aston Martin,British,Monaco Grand Prix,2023-05-28,monaco,Circuit de Monaco,Monaco,2.0,71.449,71.449,-1.0,,6.9,6.9,63.0,1,5,3.0,75.0,0.0,0,0,1,0,0.0,42.0,3.3333333333333335,0.0,72.0,3.2,0.0,60.0,98.0,3.3333333333333335,3.2,0.1,0.0,7.0
2023,6,20,R,0.0,14.0,53,Retired,,stroll,STR,18,Lance,Stroll,Canadian,aston_martin,Aston Martin,British,Monaco Grand Prix,2023-05-28,monaco,Circuit de Monaco,Monaco,14.0,72.623,,-1.0,,6.9,6.9,63.0,1,5,8.0,27.0,0.0,1,0,0,0,0.0,18.0,7.666666666666667,0.0,26.0,9.8,0.2,60.0,98.0,3.3333333333333335,3.2,0.1,12.0,14.0
2023,6,6,6,8.0,6.0,78,Finished,+1:01.890,leclerc,LEC,16,Charles,Leclerc,Monegasque,ferrari,Ferrari,Italian,Monaco Grand Prix,2023-05-28,monaco,Circuit de Monaco,Monaco,3.0,71.471,71.471,-1.0,,6.9,6.9,63.0,1,5,7.0,34.0,0.0,0,0,0,0,3.0,21.0,10.0,0.3333333333333333,27.0,11.2,0.4,41.0,67.0,6.666666666666667,6.0,0.2,0.0,4.0
2023,6,8,8,4.0,4.0,78,Finished,+1:03.391,sainz,SAI,55,Carlos,Sainz,Spanish,ferrari,Ferrari,Italian,Monaco Grand Prix,2023-05-28,monaco,Circuit de Monaco,Monaco,5.0,71.63,71.63,-1.0,,6.9,6.9,63.0,1,5,5.0,44.0,0.0,0,0,0,0,-1.0,20.0,7.333333333333333,0.0,40.0,6.4,0.0,41.0,67.0,6.666666666666667,6.0,0.2,2.0,2.0
2023,6,17,17,0.0,18.0,76,Lapped,+58.506,hulkenberg,HUL,27,Nico,Hülkenberg,German,haas,Haas F1 Team,American,Monaco Grand Prix,2023-05-28,monaco,Circuit de Monaco,Monaco,18.0,73.279,,-1.0,,6.9,6.9,63.0,1,5,11.0,6.0,0.0,1,0,0,0,0.0,6.0,13.0,0.3333333333333333,6.0,13.2,0.4,7.0,8.0,10.0,10.6,0.4,1.0,
2023,6,19,19,0.0,17.0,70,Retired,,kevin_magnussen,MAG,20,Kevin,Magnussen,Danish,haas,Haas F1 Team,American,Monaco Grand Prix,2023-05-28,monaco,Circuit de Monaco,Monaco,17.0,73.27,,-1.0,,6.9,6.9,63.0,1,5,17.0,2.0,0.0,1,0,0,0,0.0,1.0,13.333333333333334,0.3333333333333333,2.0,12.6,0.4,7.0,8.0,10.0,10.6,0.4,0.0,20.0
2023,6,9,9,2.0,10.0,77,Lapped,+4.061,norris,NOR,1,Lando,Norris,British,mclaren,McLaren,British,Monaco Grand Prix,2023-05-28,monaco,Circuit de Monaco,Monaco,10.0,72.254,72.254,-1.0,,6.9,6.9,63.0,1,5,9.0,10.0,0.0,1,0,0,0,0.0,10.0,10.666666666666666,0.0,10.0,13.2,0.2,14.0,14.0,10.666666666666666,12.8,0.3,0.0,6.0
2023,6,10,10,1.0,11.0,77,Lapped,+13.959,piastri,PIA,81,Oscar,Piastri,Australian,mclaren,McLaren,British,Monaco Grand Prix,2023-05-28,monaco,Circuit de Monaco,Monaco,11.0,72.395,,-1.0,,6.9,6.9,63.0,1,5,14.0,4.0,0.0,1,0,0,0,0.0,4.0,12.666666666666666,0.3333333333333333,4.0,14.6,0.4,14.0,14.0,10.666666666666666,12.8,0.3,1.0,
2023,6,4,4,13.0,5.0,78,Finished,+39.062,hamilton,HAM,44,Lewis,Hamilton,British,mercedes,Mercedes,German,Monaco Grand Prix,2023-05-28,monaco,Circuit de Monaco,Monaco,6.0,71.725,71.725,-1.0,,6.9,6.9,63.0,1,5,4.0,56.0,0.0,0,0,0,0,-1.0,34.0,4.666666666666667,0.0,54.0,4.8,0.0,51.0,89.0,4.0,4.2,0.1,0.0,8.0
2023,6,5,5,10.0,8.0,78,Finished,+56.284,russell,RUS,63,George,Russell,British,mercedes,Mercedes,German,Monaco Grand Prix,2023-05-28,monaco,Circuit de Monaco,Monaco,8.0,71.964,71.964,-1.0,,6.9,6.9,63.0,1,5,6.0,40.0,0.0,0,0,0,0,0.0,17.0,10.0,0.3333333333333333,35.0,8.2,0.2,51.0,89.0,4.0,4.2,0.1,2.0,5.0
2023,6,1,1,25.0,1.0,78,Finished,1:48:51.980,max_verstappen,VER,3,Max,Verstappen,Dutch,red_bull,Red Bull,Austrian,Monaco Grand Prix,2023-05-28,monaco,Circuit de Monaco,Monaco,1.0,71.365,71.365,-1.0,,6.9,6.9,63.0,1,5,1.0,119.0,3.0,0,1,1,0,0.0,69.0,1.3333333333333333,0.0,113.0,1.4,0.0,123.0,210.0,1.0,1.0,0.0,0.0,3.0
2023,6,16,16,0.0,20.0,76,Lapped,+49.024,perez,PER,11,Sergio,Pérez,Mexican,red_bull,Red Bull,Austrian,Monaco Grand Prix,2023-05-28,monaco,Circuit de Monaco,Monaco,20.0,73.85,,-1.0,,6.9,6.9,63.0,1,5,2.0,105.0,2.0,1,0,0,0,0.0,54.0,2.6666666666666665,0.0,97.0,2.2,0.0,123.0,210.0,1.0,1.0,0.0,19.0,1.0
2023,6,14,14,0.0,13.0,77,Lapped,+1:19.210,albon,ALB,23,Alexander,Albon,Thai,williams,Williams,British,Monaco Grand Prix,2023-05-28,monaco,Circuit de Monaco,Monaco,13.0,72.527,,-1.0,,6.9,6.9,63.0,1,5,18.0,1.0,0.0,1,0,0,0,0.0,0.0,15.0,0.3333333333333333,1.0,14.8,0.4,0.0,1.0,14.0,13.6,0.5,0.0,18.0
2023,6,18,18,0.0,16.0,76,Lapped,+1:17.983,sargeant,SAR,2,Logan,Sargeant,American,williams,Williams,British,Monaco Grand Prix,2023-05-28,monaco,Circuit de Monaco,Monaco,16.0,73.113,,-1.0,,6.9,6.9,63.0,1,5,19.0,0.0,0.0,1,0,0,0,0.0,0.0,17.333333333333332,0.6666666666666666,0.0,16.0,0.6,0.0,1.0,14.0,13.6,0.5,3.0,
2023,7,19,19,0.0,16.0,65,Lapped,+49.943,bottas,BOT,77,Valtteri,Bottas,Finnish,alfa,Alfa Romeo,Swiss,Spanish Grand Prix,2023-06-04,catalunya,Circuit de Barcelona-Catalunya,Spain,16.0,73.977,,-1.0,,10.8,10.8,63.0,1,6,14.0,4.0,0.0,1,0,0,0,0.0,0.0,14.0,0.6666666666666666,0.0,14.2,0.6,0.0,2.0,14.0,12.8,0.5,3.0,6.0
2023,7,9,9,2.0,13.0,66,Finished,+1:11.878,zhou,ZHO,24,Guanyu,Zhou,Chinese,alfa,Alfa Romeo,Swiss,Spanish Grand Prix,2023-06-04,catalunya,Circuit de Barcelona-Catalunya,Spain,13.0,73.521,,-1.0,,10.8,10.8,63.0,1,6,15.0,2.0,0.0,0,0,0,0,0.0,0.0,16.0,0.6666666666666666,2.0,14.0,0.4,0.0,2.0,14.0,12.8,0.5,0.0,19.0
2023,7,14,14,0.0,14.0,65,Lapped,+5.327,de_vries,DEV,21,Nyck,de Vries,Dutch,alphatauri,AlphaTauri,Italian,Spanish Grand Prix,2023-06-04,catalunya,Circuit de Barcelona-Catalunya,Spain,14.0,74.083,,-1.0,,10.8,10.8,63.0,1,6,19.0,0.0,0.0,1,0,0,0,0.0,0.0,16.666666666666668,0.6666666666666666,0.0,15.8,0.6,1.0,2.0,11.0,10.8,0.4,0.0,
2023,7,12,12,0.0,15.0,66,Finished,+1:15.416,tsunoda,TSU,22,Yuki,Tsunoda,Japanese,alphatauri,AlphaTauri,Italian,Spanish Grand Prix,2023-06-04,catalunya,Circuit de Barcelona-Catalunya,Spain,15.0,74.477,,-1.0,,10.8,10.8,63.0,1,6,16.0,2.0,0.0,0,0,0,0,0.0,1.0,12.0,0.3333333333333333,2.0,11.4,0.2,1.0,2.0,11.0,10.8,0.4,1.0,10.0
2023,7,10,10,1.0,10.0,66,Finished,+1:13.530,gasly,GAS,10,Pierre,Gasly,French,alpine,Alpine F1 Team,French,Spanish Grand Prix,2023-06-04,catalunya,Circuit de Barcelona-Catalunya,Spain,4.0,72.816,72.816,-1.0,,10.8,10.8,63.0,1,6,10.0,14.0,0.0,0,0,0,0,6.0,10.0,9.666666666666666,0.0,12.0,10.2,0.2,27.0,33.0,8.333333333333334,9.2,0.2,0.0,13.0
2023,7,8,8,4.0,6.0,66,Finished,+1:09.242,ocon,OCO,31,Esteban,Ocon,French,alpine,Alpine F1 Team,French,Spanish Grand Prix,2023-06-04,catalunya,Circuit de Barcelona-Catalunya,Spain,7.0,73.083,73.083,-1.0,,10.8,10.8,63.0,1,6,9.0,21.0,0.0,0,0,0,0,-1.0,17.0,9.0,0.0,21.0,9.8,0.2,27.0,33.0,8.333333333333334,9.2,0.2,3.0,7.0
2023,7,7,7,6.0,8.0,66,Finished,+1:04.127,alonso,ALO,14,Fernando,Alonso,Spanish,aston_martin,Aston Martin,British,Spanish Grand Prix,2023-06-04,catalunya,Circuit de Barcelona-Catalunya,Spain,9.0,73.507,73.507,-1.0,,10.8,10.8,63.0,1,6,3.0,93.0,0.0,0,0,0,0,-1.0,45.0,3.0,0.0,75.0,3.0,0.0,51.0,93.0,3.0,3.0,0.2,3.0,9.0
2023,7,6,6,8.0,5.0,66,Finished,+1:03.320,stroll,STR,18,Lance,Stroll,Canadian,aston_martin,Aston Martin,British,Spanish Grand Prix,2023-06-04,catalunya,Circuit de Barcelona-Catalunya,Spain,6.0,72.994,72.994,-1.0,,10.8,10.8,63.0,1,6,8.0,27.0,0.0,0,0,0,0,-1.0,6.0,13.0,0.3333333333333333,18.0,12.6,0.4,51.0,93.0,3.0,3.0,0.2,0.0,15.0
2023,7,11,11,0.0,19.0,66,Finished,+1:14.419,leclerc,LEC,16,Charles,Leclerc,Monegasque,ferrari,Ferrari,Italian,Spanish Grand Prix,2023-06-04,catalunya,Circuit de Barcelona-Catalunya,Spain,19.0,74.07900000000001,,-1.0,,10.8,10.8,63.0,1,6,7.0,42.0,0.0,0,0,0,0,0.0,29.0,5.333333333333333,0.0,35.0,8.6,0.2,53.0,67.0,4.666666666666667,6.4,0.1,17.0,20.0
2023,7,5,5,10.0,2.0,66,Finished,+45.698,sainz,SAI,55,Carlos,Sainz,Spanish,ferrari,Ferrari,Italian,Spanish Grand Prix,2023-06-04,catalunya,Circuit de Barcelona-Catalunya,Spain,2.0,72.734,72.734,-1.0,,10.8,10.8,63.0,1,6,6.0,48.0,0.0,0,0,0,0,0.0,24.0,6.0,0.0,32.0,7.2,0.0,53.0,67.0,4.666666666666667,6.4,0.1,0.0,4.0
2023,7,15,15,0.0,7.0,65,Lapped,+17.297,hulkenberg,HUL,27,Nico,Hülkenberg,German,haas,Haas F1 Team,American,Spanish Grand Prix,2023-06-04,catalunya,Circuit de Barcelona-Catalunya,Spain,8.0,73.229,73.229,-1.0,,10.8,10.8,63.0,1,6,12.0,6.0,0.0,1,0,0,0,-1.0,0.0,16.333333333333332,0.6666666666666666,6.0,13.6,0.4,1.0,8.0,13.333333333333334,11.4,0.4,0.0,
2023,7,18,18,0.0,17.0,65,Lapped,+38.080,kevin_magnussen,MAG,20,Kevin,Magnussen,Danish,haas,Haas F1 Team,American,Spanish Grand Prix,2023-06-04,catalunya,Circuit de Barcelona-Catalunya,Spain,17.0,74.042,,-1.0,,10.8,10.8,63.0,1,6,17.0,2.0,0.0,1,0,0,0,0.0,1.0,14.0,0.3333333333333333,2.0,13.8,0.4,1.0,8.0,13.333333333333334,11.4,0.4,9.0,17.0
2023,7,17,17,0.0,3.0,65,Lapped,+30.390,norris,NOR,1,Lando,Norris,British,mclaren,McLaren,British,Spanish Grand Prix,2023-06-04,catalunya,Circuit de Barcelona-Catalunya,Spain,3.0,72.792,72.792,-1.0,,10.8,10.8,63.0,1,6,11.0,12.0,0.0,1,0,0,0,0.0,4.0,11.666666666666666,0.3333333333333333,12.0,11.6,0.2,5.0,17.0,11.666666666666666,11.2,0.3,0.0,8.0
2023,7,13,13,0.0,9.0,65,Lapped,+4.275,piastri,PIA,81,Oscar,Piastri,Australian,mclaren,McLaren,British,Spanish Grand Prix,2023-06-04,catalunya,Circuit de Barcelona-Catalunya,Spain,10.0,73.682,73.682,-1.0,,10.8,10.8,63.0,1,6,13.0,5.0,0.0,1,0,0,0,-1.0,1.0,13.333333333333334,0.6666666666666666,5.0,12.6,0.4,5.0,17.0,11.666666666666666,11.2,0.3,7.0,
2023,7,2,2,18.0,4.0,66,Finished,+24.090,hamilton,HAM,44,Lewis,Hamilton,British,mercedes,Mercedes,German,Spanish Grand Prix,2023-06-04,catalunya,Circuit de Barcelona-Catalunya,Spain,5.0,72.818,72.818,-1.0,,10.8,10.8,63.0,1,6,4.0,69.0,0.0,0,0,1,0,-1.0,29.0,5.333333333333333,0.0,57.0,4.6,0.0,56.0,96.0,4.666666666666667,4.0,0.1,0.0,5.0
2023,7,3,3,15.0,12.0,66,Finished,+32.389,russell,RUS,63,George,Russell,British,mercedes,Mercedes,German,Spanish Grand Prix,2023-06-04,catalunya,Circuit de Barcelona-Catalunya,Spain,12.0,73.447,,-1.0,,10.8,10.8,63.0,1,6,5.0,50.0,0.0,0,0,1,0,0.0,27.0,5.666666666666667,0.0,39.0,7.8,0.2,56.0,96.0,4.666666666666667,4.0,0.1,7.0,3.0
2023,7,1,1,26.0,1.0,66,Finished,1:27:57.940,max_verstappen,VER,3,Max,Verstappen,Dutch,red_bull,Red Bull,Austrian,Spanish Grand Prix,2023-06-04,catalunya,Circuit de Barcelona-Catalunya,Spain,1.0,72.272,72.272,-1.0,,10.8,10.8,63.0,1,6,1.0,144.0,4.0,0,1,1,0,0.0,69.0,1.3333333333333333,0.0,113.0,1.4,0.0,112.0,192.0,1.0,1.0,0.1,0.0,1.0
2023,7,4,4,12.0,11.0,66,Finished,+35.812,perez,PER,11,Sergio,Pérez,Mexican,red_bull,Red Bull,Austrian,Spanish Grand Prix,2023-06-04,catalunya,Circuit de Barcelona-Catalunya,Spain,11.0,73.334,,-1.0,,10.8,10.8,63.0,1,6,2.0,105.0,2.0,0,0,0,0,0.0,43.0,6.333333333333333,0.3333333333333333,79.0,5.0,0.2,112.0,192.0,1.0,1.0,0.1,10.0,2.0
2023,7,16,16,0.0,18.0,65,Lapped,+27.708,albon,ALB,23,Alexander,Albon,Thai,williams,Williams,British,Spanish Grand Prix,2023-06-04,catalunya,Circuit de Barcelona-Catalunya,Spain,18.0,74.063,,-1.0,,10.8,10.8,63.0,1,6,18.0,1.0,0.0,1,0,0,0,0.0,0.0,13.333333333333334,0.3333333333333333,0.0,15.6,0.6,0.0,0.0,13.333333333333334,14.4,0.6,0.0,18.0
2023,7,20,20,0.0,20.0,65,Lapped,+51.677,sargeant,SAR,2,Logan,Sargeant,American,williams,Williams,British,Spanish Grand Prix,2023-06-04,catalunya,Circuit de Barcelona-Catalunya,Spain,20.0,74.699,,-1.0,,10.8,10.8,63.0,1,6,20.0,0.0,0.0,1,0,0,0,0.0,0.0,18.0,0.6666666666666666,0.0,17.2,0.6,0.0,0.0,13.333333333333334,14.4,0.6,2.0,
2023,8,10,10,1.0,14.0,70,Finished,+1:04.432,bottas,BOT,77,Valtteri,Bottas,Finnish,alfa,Alfa Romeo,Swiss,Canadian Grand Prix,2023-06-18,villeneuve,Circuit Gilles Villeneuve,Canada,15.0,81.821,,-1.0,,1.4,1.4,51.0,1,7,14.0,4.0,0.0,0,0,0,0,-1.0,0.0,14.333333333333334,0.6666666666666666,0.0,14.4,0.6,2.0,4.0,11.0,12.0,0.5,0.0,7.0
2023,8,16,16,0.0,20.0,69,Lapped,+17.377,zhou,ZHO,24,Guanyu,Zhou,Chinese,alfa,Alfa Romeo,Swiss,Canadian Grand Prix,2023-06-18,villeneuve,Circuit Gilles Villeneuve,Canada,20.0,83.342,,-1.0,,1.4,1.4,51.0,1,7,15.0,4.0,0.0,1,0,0,0,0.0,2.0,12.666666666666666,0.3333333333333333,4.0,13.2,0.4,2.0,4.0,11.0,12.0,0.5,5.0,8.0
2023,8,18,18,0.0,17.0,69,Lapped,+1:14.967,de_vries,DEV,21,Nyck,de Vries,Dutch,alphatauri,AlphaTauri,Italian,Canadian Grand Prix,2023-06-18,villeneuve,Circuit Gilles Villeneuve,Canada,18.0,83.137,,-1.0,,1.4,1.4,51.0,1,7,19.0,0.0,0.0,1,0,0,0,-1.0,0.0,14.666666666666666,0.6666666666666666,0.0,15.8,0.8,0.0,2.0,11.666666666666666,11.0,0.5,2.0,
2023,8,14,14,0.0,19.0,70,Finished,+1:13.423,tsunoda,TSU,22,Yuki,Tsunoda,Japanese,alphatauri,AlphaTauri,Italian,Canadian Grand Prix,2023-06-18,villeneuve,Circuit Gilles Villeneuve,Canada,16.0,82.746,,-1.0,,1.4,1.4,51.0,1,7,16.0,2.0,0.0,0,0,0,0,3.0,0.0,12.666666666666666,0.3333333333333333,2.0,11.6,0.2,0.0,2.0,11.666666666666666,11.0,0.5,0.0,18.0
2023,8,12,12,0.0,15.0,70,Finished,+1:05.249,gasly,GAS,10,Pierre,Gasly,French,alpine,Alpine F1 Team,French,Canadian Grand Prix,2023-06-18,villeneuve,Circuit Gilles Villeneuve,Canada,17.0,82.886,,-1.0,,1.4,1.4,51.0,1,7,10.0,15.0,0.0,0,0,0,0,-2.0,11.0,8.333333333333334,0.0,11.0,10.4,0.2,32.0,32.0,6.333333333333333,9.2,0.2,11.0,14.0
2023,8,8,8,4.0,6.0,70,Finished,+1:01.692,ocon,OCO,31,Esteban,Ocon,French,alpine,Alpine F1 Team,French,Canadian Grand Prix,2023-06-18,villeneuve,Circuit Gilles Villeneuve,Canada,6.0,87.945,87.945,-1.0,,1.4,1.4,51.0,1,7,9.0,25.0,0.0,0,0,0,0,0.0,21.0,6.666666666666667,0.0,21.0,9.8,0.2,32.0,32.0,6.333333333333333,9.2,0.2,0.0,6.0
2023,8,2,2,18.0,2.0,70,Finished,+9.570,alonso,ALO,14,Fernando,Alonso,Spanish,aston_martin,Aston Martin,British,Canadian Grand Prix,2023-06-18,villeneuve,Circuit Gilles Villeneuve,Canada,3.0,87.286,87.286,-1.0,,1.4,1.4,51.0,1,7,3.0,99.0,0.0,0,0,1,0,-1.0,39.0,4.0,0.0,66.0,3.8,0.0,47.0,92.0,3.6666666666666665,3.6,0.1,0.0,9.0
2023,8,9,9,2.0,16.0,70,Finished,+1:04.402,stroll,STR,18,Lance,Stroll,Canadian,aston_martin,Aston Martin,British,Canadian Grand Prix,2023-06-18,villeneuve,Circuit Gilles Villeneuve,Canada,13.0,81.48400000000001,,-1.0,,1.4,1.4,51.0,1,7,8.0,35.0,0.0,0,0,0,0,3.0,8.0,12.666666666666666,0.3333333333333333,26.0,9.8,0.2,47.0,92.0,3.6666666666666665,3.6,0.1,10.0,10.0
2023,8,4,4,12.0,10.0,70,Finished,+18.648,leclerc,LEC,16,Charles,Leclerc,Monegasque,ferrari,Ferrari,Italian,Canadian Grand Prix,2023-06-18,villeneuve,Circuit Gilles Villeneuve,Canada,11.0,80.615,,-1.0,,1.4,1.4,51.0,1,7,7.0,42.0,0.0,0,0,0,0,-1.0,14.0,8.0,0.0,29.0,9.4,0.2,38.0,63.0,5.333333333333333,6.2,0.1,3.0,5.0
2023,8,5,5,10.0,11.0,70,Finished,+21.540,sainz,SAI,55,Carlos,Sainz,Spanish,ferrari,Ferrari,Italian,Canadian Grand Prix,2023-06-18,villeneuve,Circuit Gilles Villeneuve,Canada,8.0,89.294,89.294,-1.0,,1.4,1.4,51.0,1,7,6.0,58.0,0.0,0,0,0,0,3.0,24.0,6.0,0.0,34.0,7.0,0.0,38.0,63.0,5.333333333333333,6.2,0.1,0.0,2.0
2023,8,15,15,0.0,5.0,69,Lapped,+16.943,hulkenberg,HUL,27,Nico,Hülkenberg,German,haas,Haas F1 Team,American,Canadian Grand Prix,2023-06-18,villeneuve,Circuit Gilles Villeneuve,Canada,2.0,87.102,87.102,-1.0,,1.4,1.4,51.0,1,7,12.0,6.0,0.0,1,0,0,0,3.0,0.0,15.666666666666666,0.6666666666666666,6.0,14.2,0.6,1.0,7.0,14.0,12.4,0.6,0.0,
2023,8,17,17,0.0,13.0,69,Lapped,+1:10.259,kevin_magnussen,MAG,20,Kevin,Magnussen,Danish,haas,Haas F1 Team,American,Canadian Grand Prix,2023-06-18,villeneuve,Circuit Gilles Villeneuve,Canada,14.0,81.678,,-1.0,,1.4,1.4,51.0,1,7,17.0,2.0,0.0,1,0,0,0,-1.0,1.0,15.666666666666666,0.6666666666666666,1.0,15.4,0.6,1.0,7.0,14.0,12.4,0.6,12.0,17.0
2023,8,13,13,0.0,7.0,70,Finished,+1:08.363,norris,NOR,1,Lando,Norris,British,mclaren,McLaren,British,Canadian Grand Prix,2023-06-18,villeneuve,Circuit Gilles Villeneuve,Canada,7.0,88.04599999999999,88.04599999999999,-1.0,,1.4,1.4,51.0,1,7,11.0,12.0,0.0,0,0,0,0,0.0,2.0,14.333333333333334,0.6666666666666666,12.0,11.6,0.4,3.0,17.0,13.0,10.8,0.5,0.0,15.0
2023,8,11,11,0.0,8.0,70,Finished,+1:05.101,piastri,PIA,81,Oscar,Piastri,Australian,mclaren,McLaren,British,Canadian Grand Prix,2023-06-18,villeneuve,Circuit Gilles Villeneuve,Canada,9.0,91.349,91.349,-1.0,,1.4,1.4,51.0,1,7,13.0,5.0,0.0,0,0,0,0,-1.0,1.0,14.0,1.0,5.0,12.2,0.6,3.0,17.0,13.0,10.8,0.5,2.0,
2023,8,3,3,15.0,3.0,70,Finished,+14.168,hamilton,HAM,44,Lewis,Hamilton,British,mercedes,Mercedes,German,Canadian Grand Prix,2023-06-18,villeneuve,Circuit Gilles Villeneuve,Canada,4.0,87.627,87.627,-1.0,,1.4,1.4,51.0,1,7,4.0,87.0,0.0,0,0,1,0,-1.0,39.0,4.0,0.0,65.0,4.0,0.0,76.0,107.0,3.3333333333333335,3.6,0.1,0.0,3.0
2023,8,19,R,0.0,4.0,53,Retired,,russell,RUS,63,George,Russell,British,mercedes,Mercedes,German,Canadian Grand Prix,2023-06-18,villeneuve,Circuit Gilles Villeneuve,Canada,5.0,87.893,87.893,-1.0,,1.4,1.4,51.0,1,7,5.0,65.0,0.0,1,0,0,0,-1.0,37.0,4.0,0.0,42.0,7.6,0.2,76.0,107.0,3.3333333333333335,3.6,0.1,1.0,4.0
2023,8,1,1,25.0,1.0,70,Finished,1:33:58.348,max_verstappen,VER,3,Max,Verstappen,Dutch,red_bull,Red Bull,Austrian,Canadian Grand Prix,2023-06-18,villeneuve,Circuit Gilles Villeneuve,Canada,1.0,85.858,85.858,-1.0,,1.4,1.4,51.0,1,7,1.0,170.0,5.0,0,1,1,0,0.0,77.0,1.0,0.0,120.0,1.2,0.0,107.0,186.0,1.0,1.0,0.1,0.0,1.0
2023,8,6,6,9.0,12.0,70,Finished,+51.028,perez,PER,11,Sergio,Pérez,Mexican,red_bull,Red Bull,Austrian,Canadian Grand Prix,2023-06-18,villeneuve,Circuit Gilles Villeneuve,Canada,12.0,80.959,,-1.0,,1.4,1.4,51.0,1,7,2.0,117.0,2.0,0,0,0,0,0.0,30.0,7.333333333333333,0.3333333333333333,66.0,5.6,0.2,107.0,186.0,1.0,1.0,0.1,11.0,20.0
2023,8,7,7,6.0,9.0,70,Finished,+1:00.813,albon,ALB,23,Alexander,Albon,Thai,williams,Williams,British,Canadian Grand Prix,2023-06-18,villeneuve,Circuit Gilles Villeneuve,Canada,10.0,78.725,,-1.0,,1.4,1.4,51.0,1,7,18.0,1.0,0.0,0,0,0,0,-1.0,0.0,14.666666666666666,0.6666666666666666,0.0,15.0,0.6,0.0,0.0,14.666666666666666,14.4,0.7,0.0,13.0
2023,8,20,R,0.0,18.0,6,Retired,,sargeant,SAR,2,Logan,Sargeant,American,williams,Williams,British,Canadian Grand Prix,2023-06-18,villeneuve,Circuit Gilles Villeneuve,Canada,19.0,83.337,,-1.0,,1.4,1.4,51.0,1,7,20.0,0.0,0.0,1,0,0,0,-1.0,0.0,19.333333333333332,1.0,0.0,18.0,0.8,0.0,0.0,14.666666666666666,14.4,0.7,9.0,
2023,9,15,15,0.0,14.0,70,Lapped,+42.777,bottas,BOT,77,Valtteri,Bottas,Finnish,alfa,Alfa Romeo,Swiss,Austrian Grand Prix,2023-07-02,red_bull_ring,Red Bull Ring,Austria,14.0,65.68,,20.0,0.0,0.3,0.3,51.0,0,8,15.0,5.0,0.0,1,0,0,1,0.0,1.0,13.333333333333334,0.6666666666666666,1.0,14.2,0.6,3.0,3.0,10.0,12.2,0.6,0.0,11.0
2023,9,12,12,0.0,17.0,70,Lapped,+24.633,zhou,ZHO,24,Guanyu,Zhou,Chinese,alfa,Alfa Romeo,Swiss,Austrian Grand Prix,2023-07-02,red_bull_ring,Red Bull Ring,Austria,17.0,65.818,,19.0,0.0,0.3,0.3,51.0,0,8,16.0,4.0,0.0,1,0,0,1,0.0,2.0,12.666666666666666,0.6666666666666666,2.0,14.6,0.6,3.0,3.0,10.0,12.2,0.6,3.0,14.0
2023,9,17,17,0.0,20.0,70,Lapped,+49.703,de_vries,DEV,21,Nyck,de Vries,Dutch,alphatauri,AlphaTauri,Italian,Austrian Grand Prix,2023-07-02,red_bull_ring,Red Bull Ring,Austria,20.0,65.974,,17.0,0.0,0.3,0.3,51.0,0,8,19.0,0.0,0.0,1,0,0,1,0.0,0.0,14.666666666666666,1.0,0.0,16.4,0.8,0.0,1.0,12.666666666666666,11.8,0.5,4.0,
2023,9,19,19,0.0,16.0,70,Lapped,+59.873,tsunoda,TSU,22,Yuki,Tsunoda,Japanese,alphatauri,AlphaTauri,Italian,Austrian Grand Prix,2023-07-02,red_bull_ring,Red Bull Ring,Austria,16.0,65.784,,16.0,0.0,0.3,0.3,51.0,0,8,17.0,2.0,0.0,1,0,0,1,0.0,0.0,13.666666666666666,0.3333333333333333,1.0,12.4,0.2,0.0,1.0,12.666666666666666,11.8,0.5,0.0,16.0
2023,9,10,10,1.0,9.0,71,Finished,+1:07.667,gasly,GAS,10,Pierre,Gasly,French,alpine,Alpine F1 Team,French,Austrian Grand Prix,2023-07-02,red_bull_ring,Red Bull Ring,Austria,9.0,65.17,65.17,15.0,0.0,0.3,0.3,51.0,0,8,10.0,15.0,0.0,0,0,0,1,0.0,7.0,9.666666666666666,0.0,11.0,10.2,0.0,30.0,36.0,6.333333333333333,8.2,0.0,0.0,15.0
2023,9,14,14,0.0,12.0,70,Lapped,+42.140,ocon,OCO,31,Esteban,Ocon,French,alpine,Alpine F1 Team,French,Austrian Grand Prix,2023-07-02,red_bull_ring,Red Bull Ring,Austria,12.0,65.453,,7.0,2.0,0.3,0.3,51.0,0,8,9.0,29.0,0.0,1,0,0,1,0.0,23.0,6.333333333333333,0.0,25.0,8.6,0.0,30.0,36.0,6.333333333333333,8.2,0.0,3.0,5.0
2023,9,5,5,10.0,7.0,71,Finished,+30.317,alonso,ALO,14,Fernando,Alonso,Spanish,aston_martin,Aston Martin,British,Austrian Grand Prix,2023-07-02,red_bull_ring,Red Bull Ring,Austria,7.0,64.911,64.911,5.0,4.0,0.3,0.3,51.0,0,8,3.0,117.0,0.0,0,0,0,1,0.0,42.0,3.6666666666666665,0.0,69.0,3.6,0.0,52.0,85.0,3.3333333333333335,3.4,0.1,1.0,10.0
2023,9,9,9,2.0,6.0,71,Finished,+59.043,stroll,STR,18,Lance,Stroll,Canadian,aston_martin,Aston Martin,British,Austrian Grand Prix,2023-07-02,red_bull_ring,Red Bull Ring,Austria,6.0,64.893,64.893,4.0,5.0,0.3,0.3,51.0,0,8,8.0,37.0,0.0,0,0,0,1,0.0,10.0,11.666666666666666,0.3333333333333333,16.0,10.8,0.2,52.0,85.0,3.3333333333333335,3.4,0.1,0.0,13.0
2023,9,2,2,18.0,2.0,71,Finished,+5.155,leclerc,LEC,16,Charles,Leclerc,Monegasque,ferrari,Ferrari,Italian,Austrian Grand Prix,2023-07-02,red_bull_ring,Red Bull Ring,Austria,2.0,64.439,64.439,12.0,0.0,0.3,0.3,51.0,0,8,7.0,54.0,0.0,0,0,1,1,0.0,20.0,7.0,0.0,41.0,6.2,0.0,44.0,85.0,5.0,4.6,0.0,0.0,1.0
2023,9,6,6,8.0,3.0,71,Finished,+31.377,sainz,SAI,55,Carlos,Sainz,Spanish,ferrari,Ferrari,Italian,Austrian Grand Prix,2023-07-02,red_bull_ring,Red Bull Ring,Austria,3.0,64.581,64.581,3.0,6.0,0.3,0.3,51.0,0,8,5.0,68.0,0.0,0,0,0,1,0.0,24.0,6.0,0.0,44.0,5.6,0.0,44.0,85.0,5.0,4.6,0.0,1.0,18.0
2023,9,20,R,0.0,8.0,12,Retired,,hulkenberg,HUL,27,Nico,Hülkenberg,German,haas,Haas F1 Team,American,Austrian Grand Prix,2023-07-02,red_bull_ring,Red Bull Ring,Austria,8.0,65.09,65.09,6.0,3.0,0.3,0.3,51.0,0,8,13.0,6.0,0.0,1,0,0,1,0.0,0.0,15.666666666666666,1.0,0.0,15.8,0.8,0.0,1.0,15.666666666666666,14.0,0.7,0.0,
2023,9,18,18,0.0,19.0,70,Lapped,+56.653,kevin_magnussen,MAG,20,Kevin,Magnussen,Danish,haas,Haas F1 Team,American,Austrian Grand Prix,2023-07-02,red_bull_ring,Red Bull Ring,Austria,19.0,65.971,,14.0,0.0,0.3,0.3,51.0,0,8,18.0,2.0,0.0,1,0,0,1,0.0,0.0,18.0,1.0,1.0,15.4,0.6,0.0,1.0,15.666666666666666,14.0,0.7,11.0,8.0
2023,9,4,4,12.0,4.0,71,Finished,+26.327,norris,NOR,1,Lando,Norris,British,mclaren,McLaren,British,Austrian Grand Prix,2023-07-02,red_bull_ring,Red Bull Ring,Austria,4.0,64.658,64.658,9.0,0.0,0.3,0.3,51.0,0,8,11.0,12.0,0.0,0,0,0,1,0.0,2.0,13.0,0.6666666666666666,4.0,13.0,0.4,3.0,5.0,11.0,11.8,0.5,0.0,7.0
2023,9,16,16,0.0,13.0,70,Lapped,+46.569,piastri,PIA,81,Oscar,Piastri,Australian,mclaren,McLaren,British,Austrian Grand Prix,2023-07-02,red_bull_ring,Red Bull Ring,Austria,13.0,65.605,,11.0,0.0,0.3,0.3,51.0,0,8,14.0,5.0,0.0,1,0,0,1,0.0,1.0,11.333333333333334,0.6666666666666666,1.0,12.8,0.6,3.0,5.0,11.0,11.8,0.5,9.0,
2023,9,8,8,4.0,5.0,71,Finished,+49.196,hamilton,HAM,44,Lewis,Hamilton,British,mercedes,Mercedes,German,Austrian Grand Prix,2023-07-02,red_bull_ring,Red Bull Ring,Austria,5.0,64.819,64.819,10.0,0.0,0.3,0.3,51.0,0,8,4.0,102.0,0.0,0,0,0,1,0.0,46.0,3.0,0.0,62.0,4.2,0.0,71.0,104.0,3.0,3.8,0.1,0.0,3.0
2023,9,7,7,6.0,11.0,71,Finished,+48.403,russell,RUS,63,George,Russell,British,mercedes,Mercedes,German,Austrian Grand Prix,2023-07-02,red_bull_ring,Red Bull Ring,Austria,11.0,65.428,,8.0,1.0,0.3,0.3,51.0,0,8,6.0,65.0,0.0,0,0,0,1,0.0,25.0,9.0,0.3333333333333333,42.0,7.8,0.2,71.0,104.0,3.0,3.8,0.1,6.0,4.0
2023,9,1,1,26.0,1.0,71,Finished,1:25:33.607,max_verstappen,VER,3,Max,Verstappen,Dutch,red_bull,Red Bull,Austrian,Austrian Grand Prix,2023-07-02,red_bull_ring,Red Bull Ring,Austria,1.0,64.391,64.391,1.0,8.0,0.3,0.3,51.0,0,8,1.0,195.0,6.0,0,1,1,1,0.0,76.0,1.0,0.0,120.0,1.2,0.0,97.0,184.0,1.0,1.0,0.1,0.0,2.0
2023,9,3,3,15.0,15.0,71,Finished,+17.188,perez,PER,11,Sergio,Pérez,Mexican,red_bull,Red Bull,Austrian,Austrian Grand Prix,2023-07-02,red_bull_ring,Red Bull Ring,Austria,15.0,126.688,,2.0,7.0,0.3,0.3,51.0,0,8,2.0,126.0,2.0,0,0,1,1,0.0,21.0,8.666666666666666,0.3333333333333333,64.0,5.8,0.2,97.0,184.0,1.0,1.0,0.1,14.0,20.0
2023,9,11,11,0.0,10.0,71,Finished,+1:19.767,albon,ALB,23,Alexander,Albon,Thai,williams,Williams,British,Austrian Grand Prix,2023-07-02,red_bull_ring,Red Bull Ring,Austria,10.0,65.82300000000001,65.82300000000001,13.0,0.0,0.3,0.3,51.0,0,8,12.0,7.0,0.0,0,0,0,1,0.0,6.0,12.333333333333334,0.6666666666666666,6.0,12.6,0.4,6.0,6.0,12.333333333333334,12.6,0.6,0.0,12.0
2023,9,13,13,0.0,18.0,70,Lapped,+31.384,sargeant,SAR,2,Logan,Sargeant,American,williams,Williams,British,Austrian Grand Prix,2023-07-02,red_bull_ring,Red Bull Ring,Austria,18.0,65.94800000000001,,18.0,0.0,0.3,0.3,51.0,0,8,20.0,0.0,0.0,1,0,0,1,0.0,0.0,19.333333333333332,1.0,0.0,18.8,0.8,6.0,6.0,12.333333333333334,12.6,0.6,8.0,
2023,10,12,12,0.0,20.0,52,Finished,+25.830,bottas,BOT,77,Valtteri,Bottas,Finnish,alfa,Alfa Romeo,Swiss,British Grand Prix,2023-07-09,silverstone,Silverstone Circuit,UK,15.0,89.798,,-1.0,,0.3,0.3,51.0,0,9,15.0,5.0,0.0,0,0,0,0,5.0,1.0,14.666666666666666,0.6666666666666666,1.0,13.6,0.6,3.0,3.0,10.333333333333334,11.0,0.6,0.0,17.0
2023,10,15,15,0.0,17.0,52,Finished,+29.820,zhou,ZHO,24,Guanyu,Zhou,Chinese,alfa,Alfa Romeo,Swiss,British Grand Prix,2023-07-09,silverstone,Silverstone Circuit,UK,17.0,90.123,,-1.0,,0.3,0.3,51.0,0,9,16.0,4.0,0.0,0,0,0,0,0.0,2.0,12.333333333333334,0.6666666666666666,2.0,13.2,0.6,3.0,3.0,10.333333333333334,11.0,0.6,2.0,19.0
2023,10,17,17,0.0,18.0,52,Finished,+33.128,de_vries,DEV,21,Nyck,de Vries,Dutch,alphatauri,AlphaTauri,Italian,British Grand Prix,2023-07-09,silverstone,Silverstone Circuit,UK,18.0,90.513,,-1.0,,0.3,0.3,51.0,0,9,20.0,0.0,0.0,0,0,0,0,0.0,0.0,16.333333333333332,1.0,0.0,15.8,0.8,0.0,0.0,14.333333333333334,13.2,0.6,2.0,
2023,10,16,16,0.0,16.0,52,Finished,+31.225,tsunoda,TSU,22,Yuki,Tsunoda,Japanese,alphatauri,AlphaTauri,Italian,British Grand Prix,2023-07-09,silverstone,Silverstone Circuit,UK,16.0,90.025,,-1.0,,0.3,0.3,51.0,0,9,17.0,2.0,0.0,0,0,0,0,0.0,0.0,15.0,0.3333333333333333,0.0,14.2,0.4,0.0,0.0,14.333333333333334,13.2,0.6,0.0,14.0
2023,10,18,18,0.0,10.0,46,Retired,,gasly,GAS,10,Pierre,Gasly,French,alpine,Alpine F1 Team,French,British Grand Prix,2023-07-09,silverstone,Silverstone Circuit,UK,10.0,87.689,87.689,-1.0,,0.3,0.3,51.0,0,9,11.0,16.0,0.0,1,0,0,0,0.0,2.0,10.666666666666666,0.0,12.0,9.4,0.0,10.0,37.0,8.666666666666666,7.4,0.1,0.0,16.0
2023,10,20,R,0.0,13.0,9,Retired,,ocon,OCO,31,Esteban,Ocon,French,alpine,Alpine F1 Team,French,British Grand Prix,2023-07-09,silverstone,Silverstone Circuit,UK,13.0,88.956,,-1.0,,0.3,0.3,51.0,0,9,9.0,31.0,0.0,1,0,0,0,0.0,8.0,10.0,0.3333333333333333,25.0,8.4,0.2,10.0,37.0,8.666666666666666,7.4,0.1,3.0,15.0
2023,10,7,7,6.0,9.0,52,Finished,+17.193,alonso,ALO,14,Fernando,Alonso,Spanish,aston_martin,Aston Martin,British,British Grand Prix,2023-07-09,silverstone,Silverstone Circuit,UK,9.0,87.65899999999999,87.65899999999999,-1.0,,0.3,0.3,51.0,0,9,3.0,131.0,0.0,0,0,0,0,0.0,34.0,4.666666666666667,0.0,67.0,3.8,0.0,46.0,79.0,4.333333333333333,3.6,0.1,0.0,5.0
2023,10,14,14,0.0,12.0,52,Finished,+27.483,stroll,STR,18,Lance,Stroll,Canadian,aston_martin,Aston Martin,British,British Grand Prix,2023-07-09,silverstone,Silverstone Circuit,UK,12.0,88.935,,-1.0,,0.3,0.3,51.0,0,9,8.0,44.0,0.0,0,0,0,0,0.0,12.0,8.0,0.0,12.0,11.2,0.2,46.0,79.0,4.333333333333333,3.6,0.1,3.0,11.0
2023,10,9,9,2.0,4.0,52,Finished,+18.689,leclerc,LEC,16,Charles,Leclerc,Monegasque,ferrari,Ferrari,Italian,British Grand Prix,2023-07-09,silverstone,Silverstone Circuit,UK,4.0,87.136,87.136,-1.0,,0.3,0.3,51.0,0,9,6.0,72.0,0.0,0,0,0,0,0.0,30.0,5.666666666666667,0.0,44.0,6.0,0.0,58.0,86.0,3.6666666666666665,4.4,0.0,0.0,4.0
2023,10,10,10,1.0,5.0,52,Finished,+19.448,sainz,SAI,55,Carlos,Sainz,Spanish,ferrari,Ferrari,Italian,British Grand Prix,2023-07-09,silverstone,Silverstone Circuit,UK,5.0,87.148,87.148,-1.0,,0.3,0.3,51.0,0,9,5.0,82.0,0.0,0,0,0,0,0.0,28.0,5.333333333333333,0.0,42.0,5.8,0.0,58.0,86.0,3.6666666666666665,4.4,0.0,1.0,1.0
2023,10,13,13,0.0,11.0,52,Finished,+26.663,hulkenberg,HUL,27,Nico,Hülkenberg,German,haas,Haas F1 Team,American,British Grand Prix,2023-07-09,silverstone,Silverstone Circuit,UK,11.0,88.896,,-1.0,,0.3,0.3,51.0,0,9,12.0,9.0,0.0,0,0,0,0,0.0,0.0,16.666666666666668,1.0,0.0,16.4,0.8,0.0,1.0,16.0,15.0,0.8,0.0,
2023,10,19,R,0.0,19.0,31,Retired,,kevin_magnussen,MAG,20,Kevin,Magnussen,Danish,haas,Haas F1 Team,American,British Grand Prix,2023-07-09,silverstone,Silverstone Circuit,UK,19.0,92.378,,-1.0,,0.3,0.3,51.0,0,9,18.0,2.0,0.0,1,0,0,0,0.0,0.0,17.666666666666668,1.0,1.0,16.4,0.8,0.0,1.0,16.0,15.0,0.8,8.0,10.0
2023,10,2,2,18.0,2.0,52,Finished,+3.798,norris,NOR,1,Lando,Norris,British,mclaren,McLaren,British,British Grand Prix,2023-07-09,silverstone,Silverstone Circuit,UK,2.0,86.961,86.961,-1.0,,0.3,0.3,51.0,0,9,10.0,24.0,0.0,0,0,1,0,0.0,12.0,11.333333333333334,0.3333333333333333,14.0,12.0,0.4,12.0,15.0,9.333333333333334,10.8,0.6,0.0,6.0
2023,10,4,4,12.0,3.0,52,Finished,+7.776,piastri,PIA,81,Oscar,Piastri,Australian,mclaren,McLaren,British,British Grand Prix,2023-07-09,silverstone,Silverstone Circuit,UK,3.0,87.092,87.092,-1.0,,0.3,0.3,51.0,0,9,14.0,5.0,0.0,0,0,0,0,0.0,0.0,13.333333333333334,0.6666666666666666,1.0,13.8,0.8,12.0,15.0,9.333333333333334,10.8,0.6,1.0,
2023,10,3,3,15.0,7.0,52,Finished,+6.783,hamilton,HAM,44,Lewis,Hamilton,British,mercedes,Mercedes,German,British Grand Prix,2023-07-09,silverstone,Silverstone Circuit,UK,7.0,87.211,87.211,-1.0,,0.3,0.3,51.0,0,9,4.0,106.0,0.0,0,0,1,0,0.0,37.0,4.333333333333333,0.0,58.0,4.6,0.0,58.0,101.0,4.0,4.0,0.1,1.0,3.0
2023,10,5,5,10.0,6.0,52,Finished,+11.206,russell,RUS,63,George,Russell,British,mercedes,Mercedes,German,British Grand Prix,2023-07-09,silverstone,Silverstone Circuit,UK,6.0,87.155,87.155,-1.0,,0.3,0.3,51.0,0,9,7.0,72.0,0.0,0,0,0,0,0.0,21.0,9.666666666666666,0.3333333333333333,43.0,7.6,0.2,58.0,101.0,4.0,4.0,0.1,0.0,18.0
2023,10,1,1,26.0,1.0,52,Finished,1:25:16.938,max_verstappen,VER,3,Max,Verstappen,Dutch,red_bull,Red Bull,Austrian,British Grand Prix,2023-07-09,silverstone,Silverstone Circuit,UK,1.0,86.72,86.72,-1.0,,0.3,0.3,51.0,0,9,1.0,229.0,7.0,0,1,1,0,0.0,77.0,1.0,0.0,128.0,1.0,0.0,113.0,182.0,1.0,1.0,0.1,0.0,7.0
2023,10,6,6,8.0,15.0,52,Finished,+12.882,perez,PER,11,Sergio,Pérez,Mexican,red_bull,Red Bull,Austrian,British Grand Prix,2023-07-09,silverstone,Silverstone Circuit,UK,15.0,89.968,,-1.0,,0.3,0.3,51.0,0,9,2.0,148.0,2.0,0,0,0,0,0.0,36.0,4.333333333333333,0.0,54.0,6.2,0.2,113.0,182.0,1.0,1.0,0.1,14.0,2.0
2023,10,8,8,4.0,8.0,52,Finished,+17.878,albon,ALB,23,Alexander,Albon,Thai,williams,Williams,British,British Grand Prix,2023-07-09,silverstone,Silverstone Circuit,UK,8.0,87.53,87.53,-1.0,,0.3,0.3,51.0,0,9,13.0,7.0,0.0,0,0,0,0,0.0,6.0,11.333333333333334,0.3333333333333333,6.0,12.4,0.4,6.0,6.0,11.333333333333334,12.4,0.7,0.0,20.0
2023,10,11,11,0.0,14.0,52,Finished,+23.632,sargeant,SAR,2,Logan,Sargeant,American,williams,Williams,British,British Grand Prix,2023-07-09,silverstone,Silverstone Circuit,UK,14.0,89.031,,-1.0,,0.3,0.3,51.0,0,9,19.0,0.0,0.0,0,0,0,0,0.0,0.0,17.666666666666668,1.0,0.0,18.2,1.0,6.0,6.0,11.333333333333334,12.4,0.7,6.0,
2023,11,12,12,0.0,7.0,69,Lapped,+30.079,bottas,BOT,77,Valtteri,Bottas,Finnish,alfa,Alfa Romeo,Swiss,Hungarian Grand Prix,2023-07-23,hungaroring,Hungaroring,Hungary,7.0,77.03399999999999,77.03399999999999,-1.0,,0.0,0.0,2.0,0,10,15.0,5.0,0.0,1,0,0,0,0.0,1.0,12.333333333333334,0.3333333333333333,1.0,13.4,0.6,1.0,3.0,11.333333333333334,10.8,0.6,2.0,20.0
2023,11,16,16,0.0,5.0,69,Lapped,+1:00.491,zhou,ZHO,24,Guanyu,Zhou,Chinese,alfa,Alfa Romeo,Swiss,Hungarian Grand Prix,2023-07-23,hungaroring,Hungaroring,Hungary,5.0,76.971,76.971,-1.0,,0.0,0.0,2.0,0,10,16.0,4.0,0.0,1,0,0,0,0.0,0.0,14.333333333333334,0.6666666666666666,2.0,13.0,0.6,1.0,3.0,11.333333333333334,10.8,0.6,0.0,13.0
2023,11,13,13,0.0,13.0,69,Lapped,+36.257,ricciardo,RIC,3,Daniel,Ricciardo,Australian,alphatauri,AlphaTauri,Italian,Hungarian Grand Prix,2023-07-23,hungaroring,Hungaroring,Hungary,13.0,78.002,,-1.0,,0.0,0.0,2.0,0,10,,,,1,0,0,0,0.0,8.0,12.0,0.3333333333333333,8.0,12.6,0.2,0.0,0.0,15.666666666666666,14.2,0.6,0.0,15.0
2023,11,15,15,0.0,17.0,69,Lapped,+51.543,tsunoda,TSU,22,Yuki,Tsunoda,Japanese,alphatauri,AlphaTauri,Italian,Hungarian Grand Prix,2023-07-23,hungaroring,Hungaroring,Hungary,17.0,78.919,,-1.0,,0.0,0.0,2.0,0,10,17.0,2.0,0.0,1,0,0,0,0.0,0.0,16.333333333333332,0.3333333333333333,0.0,15.2,0.4,0.0,0.0,15.666666666666666,14.2,0.6,4.0,19.0
2023,11,20,R,0.0,15.0,1,Retired,,gasly,GAS,10,Pierre,Gasly,French,alpine,Alpine F1 Team,French,Hungarian Grand Prix,2023-07-23,hungaroring,Hungaroring,Hungary,15.0,78.217,,-1.0,,0.0,0.0,2.0,0,10,12.0,16.0,0.0,1,0,0,0,0.0,1.0,13.333333333333334,0.3333333333333333,8.0,11.4,0.2,5.0,31.0,12.0,9.4,0.3,3.0,12.0
2023,11,19,R,0.0,12.0,2,Retired,,ocon,OCO,31,Esteban,Ocon,French,alpine,Alpine F1 Team,French,Hungarian Grand Prix,2023-07-23,hungaroring,Hungaroring,Hungary,12.0,77.84100000000001,,-1.0,,0.0,0.0,2.0,0,10,10.0,31.0,0.0,1,0,0,0,0.0,4.0,14.0,0.6666666666666666,23.0,10.6,0.4,5.0,31.0,12.0,9.4,0.3,0.0,9.0
2023,11,9,9,2.0,8.0,70,Finished,+1:15.709,alonso,ALO,14,Fernando,Alonso,Spanish,aston_martin,Aston Martin,British,Hungarian Grand Prix,2023-07-23,hungaroring,Hungaroring,Hungary,8.0,77.035,77.035,-1.0,,0.0,0.0,2.0,0,10,3.0,137.0,0.0,0,0,0,0,0.0,34.0,4.666666666666667,0.0,58.0,4.6,0.0,38.0,70.0,4.666666666666667,4.4,0.1,0.0,8.0
2023,11,10,10,1.0,14.0,69,Lapped,+14.615,stroll,STR,18,Lance,Stroll,Canadian,aston_martin,Aston Martin,British,Hungarian Grand Prix,2023-07-23,hungaroring,Hungaroring,Hungary,14.0,78.144,,-1.0,,0.0,0.0,2.0,0,10,8.0,44.0,0.0,1,0,0,0,0.0,4.0,10.666666666666666,0.0,12.0,11.6,0.2,38.0,70.0,4.666666666666667,4.4,0.1,6.0,11.0
2023,11,7,7,6.0,6.0,70,Finished,+1:10.317,leclerc,LEC,16,Charles,Leclerc,Monegasque,ferrari,Ferrari,Italian,Hungarian Grand Prix,2023-07-23,hungaroring,Hungaroring,Hungary,6.0,76.992,76.992,-1.0,,0.0,0.0,2.0,0,10,7.0,74.0,0.0,0,0,0,0,0.0,32.0,5.0,0.0,40.0,6.4,0.0,51.0,73.0,5.0,5.2,0.0,0.0,6.0
2023,11,8,8,4.0,11.0,70,Finished,+1:11.073,sainz,SAI,55,Carlos,Sainz,Spanish,ferrari,Ferrari,Italian,Hungarian Grand Prix,2023-07-23,hungaroring,Hungaroring,Hungary,11.0,77.703,,-1.0,,0.0,0.0,2.0,0,10,5.0,83.0,0.0,0,0,0,0,0.0,19.0,7.0,0.0,33.0,6.8,0.0,51.0,73.0,5.0,5.2,0.0,5.0,4.0
2023,11,14,14,0.0,10.0,69,Lapped,+51.298,hulkenberg,HUL,27,Nico,Hülkenberg,German,haas,Haas F1 Team,American,Hungarian Grand Prix,2023-07-23,hungaroring,Hungaroring,Hungary,10.0,77.186,77.186,-1.0,,0.0,0.0,2.0,0,10,14.0,9.0,0.0,1,0,0,0,0.0,0.0,16.0,0.6666666666666666,0.0,16.0,0.8,0.0,0.0,15.333333333333334,15.6,0.9,0.0,
2023,11,17,17,0.0,19.0,69,Lapped,+1:22.351,kevin_magnussen,MAG,20,Kevin,Magnussen,Danish,haas,Haas F1 Team,American,Hungarian Grand Prix,2023-07-23,hungaroring,Hungaroring,Hungary,19.0,79.206,,-1.0,,0.0,0.0,2.0,0,10,18.0,2.0,0.0,1,0,0,0,0.0,0.0,18.0,1.0,0.0,18.2,1.0,0.0,0.0,15.333333333333334,15.6,0.9,9.0,16.0
2023,11,2,2,18.0,3.0,70,Finished,+33.731,norris,NOR,1,Lando,Norris,British,mclaren,McLaren,British,Hungarian Grand Prix,2023-07-23,hungaroring,Hungaroring,Hungary,3.0,76.694,76.694,-1.0,,0.0,0.0,2.0,0,10,9.0,42.0,0.0,0,0,1,0,0.0,30.0,6.333333333333333,0.0,32.0,9.0,0.4,42.0,45.0,5.666666666666667,7.8,0.5,0.0,7.0
2023,11,5,5,10.0,4.0,70,Finished,+1:02.572,piastri,PIA,81,Oscar,Piastri,Australian,mclaren,McLaren,British,Hungarian Grand Prix,2023-07-23,hungaroring,Hungaroring,Hungary,4.0,76.905,76.905,-1.0,,0.0,0.0,2.0,0,10,11.0,17.0,0.0,0,0,0,0,0.0,12.0,10.333333333333334,0.3333333333333333,13.0,10.8,0.6,42.0,45.0,5.666666666666667,7.8,0.5,1.0,
2023,11,4,4,12.0,1.0,70,Finished,+39.134,hamilton,HAM,44,Lewis,Hamilton,British,mercedes,Mercedes,German,Hungarian Grand Prix,2023-07-23,hungaroring,Hungaroring,Hungary,1.0,76.60900000000001,76.60900000000001,-1.0,,0.0,0.0,2.0,0,10,4.0,121.0,0.0,0,0,0,0,0.0,34.0,4.666666666666667,0.0,65.0,4.0,0.0,50.0,106.0,4.333333333333333,3.8,0.1,0.0,2.0
2023,11,6,6,8.0,18.0,70,Finished,+1:05.825,russell,RUS,63,George,Russell,British,mercedes,Mercedes,German,Hungarian Grand Prix,2023-07-23,hungaroring,Hungaroring,Hungary,18.0,79.027,,-1.0,,0.0,0.0,2.0,0,10,6.0,82.0,0.0,0,0,0,0,0.0,16.0,10.333333333333334,0.3333333333333333,41.0,7.8,0.2,50.0,106.0,4.333333333333333,3.8,0.1,17.0,3.0
2023,11,1,1,26.0,2.0,70,Finished,1:38:08.634,max_verstappen,VER,3,Max,Verstappen,Dutch,red_bull,Red Bull,Austrian,Hungarian Grand Prix,2023-07-23,hungaroring,Hungaroring,Hungary,2.0,76.612,76.612,-1.0,,0.0,0.0,2.0,0,10,1.0,255.0,8.0,0,1,1,0,0.0,77.0,1.0,0.0,128.0,1.0,0.0,109.0,172.0,1.0,1.0,0.1,0.0,1.0
2023,11,3,3,15.0,9.0,70,Finished,+37.603,perez,PER,11,Sergio,Pérez,Mexican,red_bull,Red Bull,Austrian,Hungarian Grand Prix,2023-07-23,hungaroring,Hungaroring,Hungary,9.0,77.045,77.045,-1.0,,0.0,0.0,2.0,0,10,2.0,156.0,2.0,0,0,1,0,0.0,32.0,5.0,0.0,44.0,7.0,0.2,109.0,172.0,1.0,1.0,0.1,7.0,5.0
2023,11,11,11,0.0,16.0,69,Lapped,+29.087,albon,ALB,23,Alexander,Albon,Thai,williams,Williams,British,Hungarian Grand Prix,2023-07-23,hungaroring,Hungaroring,Hungary,16.0,78.917,,-1.0,,0.0,0.0,2.0,0,10,13.0,11.0,0.0,1,0,0,0,0.0,10.0,8.666666666666666,0.0,10.0,11.2,0.4,10.0,10.0,8.666666666666666,11.2,0.6,0.0,17.0
2023,11,18,18,0.0,20.0,67,Retired,,sargeant,SAR,2,Logan,Sargeant,American,williams,Williams,British,Hungarian Grand Prix,2023-07-23,hungaroring,Hungaroring,Hungary,20.0,79.248,,-1.0,,0.0,0.0,2.0,0,10,19.0,0.0,0.0,1,0,0,0,0.0,0.0,14.666666666666666,0.6666666666666666,0.0,16.4,0.8,10.0,10.0,8.666666666666666,11.2,0.6,4.0,
2023,12,12,12,0.0,13.0,44,Finished,+1:25.191,bottas,BOT,77,Valtteri,Bottas,Finnish,alfa,Alfa Romeo,Swiss,Belgian Grand Prix,2023-07-30,spa,Circuit de Spa-Francorchamps,Belgium,14.0,114.694,,13.0,0.0,2.7,2.7,53.0,1,11,15.0,5.0,0.0,0,0,0,1,-1.0,0.0,13.0,0.6666666666666666,1.0,13.6,0.6,0.0,3.0,12.0,11.0,0.6,0.0,19.0
2023,12,13,13,0.0,17.0,44,Finished,+1:35.441,zhou,ZHO,24,Guanyu,Zhou,Chinese,alfa,Alfa Romeo,Swiss,Belgian Grand Prix,2023-07-30,spa,Circuit de Spa-Francorchamps,Belgium,17.0,120.832,,15.0,0.0,2.7,2.7,53.0,1,11,16.0,4.0,0.0,0,0,0,1,0.0,0.0,14.333333333333334,0.6666666666666666,2.0,13.6,0.6,0.0,3.0,12.0,11.0,0.6,3.0,14.0
2023,12,16,16,0.0,19.0,44,Finished,+1:43.071,ricciardo,RIC,3,Daniel,Ricciardo,Australian,alphatauri,AlphaTauri,Italian,Belgian Grand Prix,2023-07-30,spa,Circuit de Spa-Francorchamps,Belgium,19.0,122.159,,10.0,0.0,2.7,2.7,53.0,1,11,21.0,0.0,0.0,0,0,0,1,0.0,2.0,14.0,0.6666666666666666,8.0,13.0,0.4,0.0,0.0,15.333333333333334,14.4,0.6,8.0,15.0
2023,12,10,10,1.0,11.0,44,Finished,+1:20.221,tsunoda,TSU,22,Yuki,Tsunoda,Japanese,alphatauri,AlphaTauri,Italian,Belgian Grand Prix,2023-07-30,spa,Circuit de Spa-Francorchamps,Belgium,11.0,113.148,,18.0,0.0,2.7,2.7,53.0,1,11,17.0,2.0,0.0,0,0,0,1,0.0,0.0,16.666666666666668,0.6666666666666666,0.0,15.2,0.4,0.0,0.0,15.333333333333334,14.4,0.6,0.0,13.0
2023,12,11,11,0.0,12.0,44,Finished,+1:23.084,gasly,GAS,10,Pierre,Gasly,French,alpine,Alpine F1 Team,French,Belgian Grand Prix,2023-07-30,spa,Circuit de Spa-Francorchamps,Belgium,12.0,113.67099999999999,,3.0,6.0,2.7,2.7,53.0,1,11,12.0,16.0,0.0,0,0,0,1,0.0,1.0,16.0,0.6666666666666666,2.0,14.0,0.4,1.0,10.0,15.666666666666666,12.6,0.5,0.0,9.0
2023,12,8,8,4.0,14.0,44,Finished,+1:14.719,ocon,OCO,31,Esteban,Ocon,French,alpine,Alpine F1 Team,French,Belgian Grand Prix,2023-07-30,spa,Circuit de Spa-Francorchamps,Belgium,15.0,116.372,,9.0,0.0,2.7,2.7,53.0,1,11,10.0,31.0,0.0,0,0,0,1,-1.0,0.0,17.666666666666668,1.0,8.0,13.8,0.6,1.0,10.0,15.666666666666666,12.6,0.5,3.0,7.0
2023,12,5,5,10.0,9.0,44,Finished,+56.184,alonso,ALO,14,Fernando,Alonso,Spanish,aston_martin,Aston Martin,British,Belgian Grand Prix,2023-07-30,spa,Circuit de Spa-Francorchamps,Belgium,9.0,107.843,107.843,20.0,0.0,2.7,2.7,53.0,1,11,3.0,139.0,0.0,0,0,0,1,0.0,18.0,7.0,0.0,42.0,6.0,0.0,21.0,55.0,7.0,5.8,0.1,0.0,5.0
2023,12,9,9,2.0,10.0,44,Finished,+1:19.340,stroll,STR,18,Lance,Stroll,Canadian,aston_martin,Aston Martin,British,Belgian Grand Prix,2023-07-30,spa,Circuit de Spa-Francorchamps,Belgium,10.0,108.84100000000001,108.84100000000001,11.0,0.0,2.7,2.7,53.0,1,11,9.0,45.0,0.0,0,0,0,1,0.0,3.0,11.0,0.3333333333333333,13.0,9.6,0.2,21.0,55.0,7.0,5.8,0.1,1.0,11.0
2023,12,3,3,15.0,1.0,44,Finished,+32.259,leclerc,LEC,16,Charles,Leclerc,Monegasque,ferrari,Ferrari,Italian,Belgian Grand Prix,2023-07-30,spa,Circuit de Spa-Francorchamps,Belgium,2.0,106.988,106.988,5.0,4.0,2.7,2.7,53.0,1,11,7.0,80.0,0.0,0,0,1,1,-1.0,26.0,6.0,0.0,38.0,6.6,0.0,39.0,71.0,6.0,5.4,0.0,0.0,6.0
2023,12,19,R,0.0,4.0,23,Retired,,sainz,SAI,55,Carlos,Sainz,Spanish,ferrari,Ferrari,Italian,Belgian Grand Prix,2023-07-30,spa,Circuit de Spa-Francorchamps,Belgium,5.0,107.152,107.152,4.0,5.0,2.7,2.7,53.0,1,11,6.0,87.0,0.0,1,0,0,1,-1.0,13.0,8.0,0.0,33.0,6.8,0.0,39.0,71.0,6.0,5.4,0.0,3.0,3.0
2023,12,18,18,0.0,20.0,44,Finished,+1:50.450,hulkenberg,HUL,27,Nico,Hülkenberg,German,haas,Haas F1 Team,American,Belgian Grand Prix,2023-07-30,spa,Circuit de Spa-Francorchamps,Belgium,20.0,123.166,,17.0,0.0,2.7,2.7,53.0,1,11,14.0,9.0,0.0,0,0,0,1,0.0,0.0,15.666666666666666,0.6666666666666666,0.0,15.4,0.8,0.0,0.0,15.0,15.0,0.9,7.0,
2023,12,15,15,0.0,16.0,44,Finished,+1:41.754,kevin_magnussen,MAG,20,Kevin,Magnussen,Danish,haas,Haas F1 Team,American,Belgian Grand Prix,2023-07-30,spa,Circuit de Spa-Francorchamps,Belgium,13.0,114.16,,14.0,0.0,2.7,2.7,53.0,1,11,18.0,2.0,0.0,0,0,0,1,3.0,0.0,18.0,1.0,0.0,17.8,1.0,0.0,0.0,15.0,15.0,0.9,0.0,16.0
2023,12,7,7,6.0,7.0,44,Finished,+1:13.719,norris,NOR,1,Lando,Norris,British,mclaren,McLaren,British,Belgian Grand Prix,2023-07-30,spa,Circuit de Spa-Francorchamps,Belgium,7.0,107.669,107.669,6.0,3.0,2.7,2.7,53.0,1,11,8.0,60.0,0.0,0,0,0,1,0.0,48.0,2.6666666666666665,0.0,48.0,7.6,0.2,70.0,70.0,2.6666666666666665,6.4,0.3,1.0,12.0
2023,12,20,R,0.0,5.0,0,Retired,,piastri,PIA,81,Oscar,Piastri,Australian,mclaren,McLaren,British,Belgian Grand Prix,2023-07-30,spa,Circuit de Spa-Francorchamps,Belgium,6.0,107.36500000000001,107.36500000000001,2.0,7.0,2.7,2.7,53.0,1,11,11.0,27.0,0.0,1,0,0,1,-1.0,22.0,8.333333333333334,0.3333333333333333,22.0,9.8,0.4,70.0,70.0,2.6666666666666665,6.4,0.3,0.0,
2023,12,4,4,13.0,3.0,44,Finished,+49.671,hamilton,HAM,44,Lewis,Hamilton,British,mercedes,Mercedes,German,Belgian Grand Prix,2023-07-30,spa,Circuit de Spa-Francorchamps,Belgium,4.0,107.087,107.087,7.0,2.0,2.7,2.7,53.0,1,11,4.0,133.0,0.0,0,0,0,1,-1.0,31.0,5.0,0.0,64.0,4.0,0.0,55.0,103.0,4.666666666666667,3.8,0.1,0.0,20.0
2023,12,6,6,8.0,8.0,44,Finished,+1:03.101,russell,RUS,63,George,Russell,British,mercedes,Mercedes,German,Belgian Grand Prix,2023-07-30,spa,Circuit de Spa-Francorchamps,Belgium,8.0,107.805,107.805,8.0,1.0,2.7,2.7,53.0,1,11,5.0,90.0,0.0,0,0,0,1,0.0,24.0,6.0,0.0,39.0,8.0,0.2,55.0,103.0,4.666666666666667,3.8,0.1,4.0,4.0
2023,12,1,1,25.0,6.0,44,Finished,1:22:30.450,max_verstappen,VER,3,Max,Verstappen,Dutch,red_bull,Red Bull,Austrian,Belgian Grand Prix,2023-07-30,spa,Circuit de Spa-Francorchamps,Belgium,1.0,106.168,106.168,1.0,8.0,2.7,2.7,53.0,1,11,1.0,281.0,9.0,0,1,1,1,5.0,78.0,1.0,0.0,129.0,1.0,0.0,116.0,188.0,1.0,1.0,0.0,0.0,1.0
2023,12,2,2,18.0,2.0,44,Finished,+22.305,perez,PER,11,Sergio,Pérez,Mexican,red_bull,Red Bull,Austrian,Belgian Grand Prix,2023-07-30,spa,Circuit de Spa-Francorchamps,Belgium,3.0,107.045,107.045,19.0,0.0,2.7,2.7,53.0,1,11,2.0,171.0,2.0,0,0,1,1,-1.0,38.0,4.0,0.0,59.0,4.4,0.0,116.0,188.0,1.0,1.0,0.0,2.0,2.0
2023,12,14,14,0.0,15.0,44,Finished,+1:36.184,albon,ALB,23,Alexander,Albon,Thai,williams,Williams,British,Belgian Grand Prix,2023-07-30,spa,Circuit de Spa-Francorchamps,Belgium,16.0,120.314,,12.0,0.0,2.7,2.7,53.0,1,11,13.0,11.0,0.0,0,0,0,1,-1.0,4.0,10.0,0.3333333333333333,10.0,10.6,0.4,4.0,10.0,10.0,10.6,0.6,0.0,10.0
2023,12,17,17,0.0,18.0,44,Finished,+1:44.476,sargeant,SAR,2,Logan,Sargeant,American,williams,Williams,British,Belgian Grand Prix,2023-07-30,spa,Circuit de Spa-Francorchamps,Belgium,18.0,121.535,,16.0,0.0,2.7,2.7,53.0,1,11,19.0,0.0,0.0,0,0,0,1,0.0,0.0,14.0,0.6666666666666666,0.0,16.4,0.8,4.0,10.0,10.0,10.6,0.6,2.0,
2023,13,14,14,0.0,18.0,72,Finished,+27.388,bottas,BOT,77,Valtteri,Bottas,Finnish,alfa,Alfa Romeo,Swiss,Dutch Grand Prix,2023-08-27,zandvoort,Circuit Park Zandvoort,Netherlands,19.0,82.26,,-1.0,,3.4,3.4,53.0,1,12,15.0,5.0,0.0,0,0,0,0,-1.0,0.0,12.0,0.3333333333333333,1.0,12.2,0.4,0.0,1.0,12.0,11.6,0.5,3.0,19.0
2023,13,18,R,0.0,15.0,62,Accident,,zhou,ZHO,24,Guanyu,Zhou,Chinese,alfa,Alfa Romeo,Swiss,Dutch Grand Prix,2023-08-27,zandvoort,Circuit Park Zandvoort,Netherlands,16.0,82.06700000000001,,-1.0,,3.4,3.4,53.0,1,12,16.0,4.0,0.0,1,0,0,0,-1.0,0.0,14.666666666666666,0.3333333333333333,0.0,14.4,0.6,0.0,1.0,12.0,11.6,0.5,0.0,16.0
2023,13,13,13,0.0,19.0,72,Finished,+26.147,lawson,LAW,30,Liam,Lawson,New Zealander,alphatauri,AlphaTauri,Italian,Dutch Grand Prix,2023-08-27,zandvoort,Circuit Park Zandvoort,Netherlands,20.0,83.42,,-1.0,,3.4,3.4,53.0,1,12,,,,0,0,0,0,-1.0,,,,,,,1.0,1.0,13.0,14.0,0.5,6.0,
2023,13,15,15,0.0,17.0,72,Finished,+29.893,tsunoda,TSU,22,Yuki,Tsunoda,Japanese,alphatauri,AlphaTauri,Italian,Dutch Grand Prix,2023-08-27,zandvoort,Circuit Park Zandvoort,Netherlands,14.0,80.23,,-1.0,,3.4,3.4,53.0,1,12,17.0,3.0,0.0,0,0,0,0,3.0,1.0,13.666666666666666,0.3333333333333333,1.0,14.8,0.4,1.0,1.0,13.0,14.0,0.5,0.0,20.0
2023,13,3,3,15.0,12.0,72,Finished,+7.058,gasly,GAS,10,Pierre,Gasly,French,alpine,Alpine F1 Team,French,Dutch Grand Prix,2023-08-27,zandvoort,Circuit Park Zandvoort,Netherlands,12.0,80.128,,-1.0,,3.4,3.4,53.0,1,12,12.0,22.0,0.0,0,0,1,0,0.0,0.0,16.333333333333332,0.6666666666666666,1.0,14.2,0.4,4.0,9.0,15.0,12.6,0.5,0.0,11.0
2023,13,10,10,1.0,16.0,72,Finished,+18.346,ocon,OCO,31,Esteban,Ocon,French,alpine,Alpine F1 Team,French,Dutch Grand Prix,2023-08-27,zandvoort,Circuit Park Zandvoort,Netherlands,17.0,82.11,,-1.0,,3.4,3.4,53.0,1,12,10.0,35.0,0.0,0,0,0,0,-1.0,4.0,15.666666666666666,0.6666666666666666,8.0,13.8,0.6,4.0,9.0,15.0,12.6,0.5,5.0,9.0
2023,13,2,2,19.0,5.0,72,Finished,+3.744,alonso,ALO,14,Fernando,Alonso,Spanish,aston_martin,Aston Martin,British,Dutch Grand Prix,2023-08-27,zandvoort,Circuit Park Zandvoort,Netherlands,5.0,71.506,71.506,-1.0,,3.4,3.4,53.0,1,12,3.0,149.0,0.0,0,0,1,0,0.0,18.0,7.0,0.0,46.0,5.6,0.0,21.0,53.0,7.0,5.6,0.1,0.0,6.0
2023,13,11,11,0.0,11.0,72,Finished,+20.087,stroll,STR,18,Lance,Stroll,Canadian,aston_martin,Aston Martin,British,Dutch Grand Prix,2023-08-27,zandvoort,Circuit Park Zandvoort,Netherlands,11.0,80.121,,-1.0,,3.4,3.4,53.0,1,12,9.0,47.0,0.0,0,0,0,0,0.0,3.0,11.0,0.3333333333333333,7.0,10.2,0.2,21.0,53.0,7.0,5.6,0.1,6.0,10.0
2023,13,19,R,0.0,9.0,41,Undertray,,leclerc,LEC,16,Charles,Leclerc,Monegasque,ferrari,Ferrari,Italian,Dutch Grand Prix,2023-08-27,zandvoort,Circuit Park Zandvoort,Netherlands,9.0,72.66499999999999,72.66499999999999,-1.0,,3.4,3.4,53.0,1,12,5.0,99.0,0.0,1,0,0,0,0.0,23.0,6.333333333333333,0.0,53.0,5.0,0.0,28.0,76.0,6.333333333333333,5.0,0.1,3.0,3.0
2023,13,5,5,10.0,6.0,72,Finished,+12.541,sainz,SAI,55,Carlos,Sainz,Spanish,ferrari,Ferrari,Italian,Dutch Grand Prix,2023-08-27,zandvoort,Circuit Park Zandvoort,Netherlands,6.0,71.754,71.754,-1.0,,3.4,3.4,53.0,1,12,7.0,92.0,0.0,0,0,0,0,0.0,5.0,12.333333333333334,0.3333333333333333,23.0,9.6,0.2,28.0,76.0,6.333333333333333,5.0,0.1,0.0,8.0
2023,13,12,12,0.0,14.0,72,Finished,+20.840,hulkenberg,HUL,27,Nico,Hülkenberg,German,haas,Haas F1 Team,American,Dutch Grand Prix,2023-08-27,zandvoort,Circuit Park Zandvoort,Netherlands,15.0,80.25,,-1.0,,3.4,3.4,53.0,1,12,14.0,9.0,0.0,0,0,0,0,-1.0,0.0,15.0,0.3333333333333333,0.0,16.0,0.6,0.0,0.0,14.0,15.0,0.7,0.0,
2023,13,16,16,0.0,,72,Finished,+31.410,kevin_magnussen,MAG,20,Kevin,Magnussen,Danish,haas,Haas F1 Team,American,Dutch Grand Prix,2023-08-27,zandvoort,Circuit Park Zandvoort,Netherlands,18.0,82.19200000000001,,-1.0,,3.4,3.4,53.0,1,12,18.0,2.0,0.0,0,0,0,0,,0.0,17.0,0.6666666666666666,0.0,17.2,0.8,0.0,0.0,14.0,15.0,0.7,3.0,15.0
2023,13,7,7,6.0,2.0,72,Finished,+13.232,norris,NOR,1,Lando,Norris,British,mclaren,McLaren,British,Dutch Grand Prix,2023-08-27,zandvoort,Circuit Park Zandvoort,Netherlands,2.0,71.104,71.104,-1.0,,3.4,3.4,53.0,1,12,8.0,69.0,0.0,0,0,0,0,0.0,42.0,3.6666666666666665,0.0,54.0,5.6,0.0,64.0,76.0,3.6666666666666665,5.2,0.2,0.0,7.0
2023,13,9,9,2.0,8.0,72,Finished,+16.580,piastri,PIA,81,Oscar,Piastri,Australian,mclaren,McLaren,British,Dutch Grand Prix,2023-08-27,zandvoort,Circuit Park Zandvoort,Netherlands,8.0,71.938,71.938,-1.0,,3.4,3.4,53.0,1,12,11.0,34.0,0.0,0,0,0,0,0.0,22.0,9.666666666666666,0.3333333333333333,22.0,11.2,0.4,64.0,76.0,3.6666666666666665,5.2,0.2,6.0,
2023,13,6,6,8.0,13.0,72,Finished,+13.209,hamilton,HAM,44,Lewis,Hamilton,British,mercedes,Mercedes,German,Dutch Grand Prix,2023-08-27,zandvoort,Circuit Park Zandvoort,Netherlands,13.0,80.151,,-1.0,,3.4,3.4,53.0,1,12,4.0,148.0,0.0,0,0,0,0,0.0,40.0,3.6666666666666665,0.0,59.0,4.4,0.0,66.0,91.0,3.6666666666666665,4.2,0.1,10.0,4.0
2023,13,17,17,0.0,3.0,72,Finished,+55.754,russell,RUS,63,George,Russell,British,mercedes,Mercedes,German,Dutch Grand Prix,2023-08-27,zandvoort,Circuit Park Zandvoort,Netherlands,3.0,71.294,71.294,-1.0,,3.4,3.4,53.0,1,12,6.0,99.0,0.0,0,0,0,0,0.0,26.0,5.666666666666667,0.0,32.0,8.6,0.2,66.0,91.0,3.6666666666666665,4.2,0.1,0.0,2.0
2023,13,1,1,25.0,1.0,72,Finished,2:24:04.411,max_verstappen,VER,3,Max,Verstappen,Dutch,red_bull,Red Bull,Austrian,Dutch Grand Prix,2023-08-27,zandvoort,Circuit Park Zandvoort,Netherlands,1.0,70.56700000000001,70.56700000000001,-1.0,,3.4,3.4,53.0,1,12,1.0,314.0,10.0,0,1,1,0,0.0,77.0,1.0,0.0,128.0,1.0,0.0,118.0,193.0,1.0,1.0,0.0,0.0,1.0
2023,13,4,4,12.0,7.0,72,Finished,+10.068,perez,PER,11,Sergio,Pérez,Mexican,red_bull,Red Bull,Austrian,Dutch Grand Prix,2023-08-27,zandvoort,Circuit Park Zandvoort,Netherlands,7.0,71.88,71.88,-1.0,,3.4,3.4,53.0,1,12,2.0,189.0,2.0,0,0,0,0,0.0,41.0,3.6666666666666665,0.0,65.0,4.0,0.0,118.0,193.0,1.0,1.0,0.0,6.0,5.0
2023,13,8,8,4.0,4.0,72,Finished,+15.155,albon,ALB,23,Alexander,Albon,Thai,williams,Williams,British,Dutch Grand Prix,2023-08-27,zandvoort,Circuit Park Zandvoort,Netherlands,4.0,71.419,71.419,-1.0,,3.4,3.4,53.0,1,12,13.0,11.0,0.0,0,0,0,0,0.0,4.0,11.0,0.3333333333333333,10.0,10.2,0.2,4.0,10.0,11.0,10.2,0.4,0.0,12.0
2023,13,20,R,0.0,10.0,14,Accident,,sargeant,SAR,2,Logan,Sargeant,American,williams,Williams,British,Dutch Grand Prix,2023-08-27,zandvoort,Circuit Park Zandvoort,Netherlands,10.0,76.748,76.748,-1.0,,3.4,3.4,53.0,1,12,19.0,0.0,0.0,1,0,0,0,0.0,0.0,15.333333333333334,0.3333333333333333,0.0,15.8,0.6,4.0,10.0,11.0,10.2,0.4,6.0,
2023,14,10,10,1.0,14.0,51,Finished,+1:04.056,bottas,BOT,77,Valtteri,Bottas,Finnish,alfa,Alfa Romeo,Swiss,Italian Grand Prix,2023-09-03,monza,Autodromo Nazionale di Monza,Italy,14.0,81.94,,-1.0,,0.0,0.0,3.0,0,13,15.0,5.0,0.0,0,0,0,0,0.0,0.0,12.666666666666666,0.3333333333333333,0.0,13.0,0.4,0.0,0.0,12.666666666666666,12.4,0.5,0.0,13.0
2023,14,14,14,0.0,16.0,51,Finished,+1:20.164,zhou,ZHO,24,Guanyu,Zhou,Chinese,alfa,Alfa Romeo,Swiss,Italian Grand Prix,2023-09-03,monza,Autodromo Nazionale di Monza,Italy,16.0,82.39,,-1.0,,0.0,0.0,3.0,0,13,16.0,4.0,0.0,0,0,0,0,0.0,0.0,15.666666666666666,0.6666666666666666,0.0,14.8,0.6,0.0,0.0,12.666666666666666,12.4,0.5,2.0,10.0
2023,14,11,11,0.0,12.0,51,Finished,+1:10.638,lawson,LAW,30,Liam,Lawson,New Zealander,alphatauri,AlphaTauri,Italian,Italian Grand Prix,2023-09-03,monza,Autodromo Nazionale di Monza,Italy,12.0,81.758,,-1.0,,0.0,0.0,3.0,0,13,22.0,0.0,0.0,0,0,0,0,0.0,0.0,13.0,0.0,0.0,13.0,0.0,1.0,1.0,12.0,13.8,0.4,1.0,
2023,14,20,W,0.0,11.0,0,Did not start,,tsunoda,TSU,22,Yuki,Tsunoda,Japanese,alphatauri,AlphaTauri,Italian,Italian Grand Prix,2023-09-03,monza,Autodromo Nazionale di Monza,Italy,11.0,81.594,,-1.0,,0.0,0.0,3.0,0,13,17.0,3.0,0.0,1,0,0,0,0.0,1.0,13.333333333333334,0.3333333333333333,1.0,15.0,0.4,1.0,1.0,12.0,13.8,0.4,0.0,14.0
2023,14,15,15,0.0,17.0,51,Finished,+1:22.510,gasly,GAS,10,Pierre,Gasly,French,alpine,Alpine F1 Team,French,Italian Grand Prix,2023-09-03,monza,Autodromo Nazionale di Monza,Italy,17.0,82.545,,-1.0,,0.0,0.0,3.0,0,13,10.0,37.0,0.0,0,0,0,0,0.0,15.0,11.333333333333334,0.3333333333333333,16.0,12.4,0.4,20.0,21.0,10.0,11.6,0.5,0.0,8.0
2023,14,19,R,0.0,18.0,39,Retired,,ocon,OCO,31,Esteban,Ocon,French,alpine,Alpine F1 Team,French,Italian Grand Prix,2023-09-03,monza,Autodromo Nazionale di Monza,Italy,18.0,82.548,,-1.0,,0.0,0.0,3.0,0,13,11.0,36.0,0.0,1,0,0,0,0.0,5.0,12.333333333333334,0.3333333333333333,5.0,14.2,0.6,20.0,21.0,10.0,11.6,0.5,1.0,11.0
2023,14,9,9,2.0,10.0,51,Finished,+46.294,alonso,ALO,14,Fernando,Alonso,Spanish,aston_martin,Aston Martin,British,Italian Grand Prix,2023-09-03,monza,Autodromo Nazionale di Monza,Italy,10.0,81.417,81.417,-1.0,,0.0,0.0,3.0,0,13,3.0,168.0,0.0,0,0,0,0,0.0,31.0,5.333333333333333,0.0,47.0,5.6,0.0,34.0,52.0,5.333333333333333,5.6,0.1,0.0,19.0
2023,14,16,16,0.0,20.0,51,Finished,+1:27.266,stroll,STR,18,Lance,Stroll,Canadian,aston_martin,Aston Martin,British,Italian Grand Prix,2023-09-03,monza,Autodromo Nazionale di Monza,Italy,20.0,82.86,,-1.0,,0.0,0.0,3.0,0,13,9.0,47.0,0.0,0,0,0,0,0.0,3.0,10.0,0.3333333333333333,5.0,10.6,0.2,34.0,52.0,5.333333333333333,5.6,0.1,10.0,18.0
2023,14,4,4,12.0,3.0,51,Finished,+11.377,leclerc,LEC,16,Charles,Leclerc,Monegasque,ferrari,Ferrari,Italian,Italian Grand Prix,2023-09-03,monza,Autodromo Nazionale di Monza,Italy,3.0,80.361,80.361,-1.0,,0.0,0.0,3.0,0,13,6.0,99.0,0.0,0,0,0,0,0.0,21.0,9.666666666666666,0.3333333333333333,41.0,8.0,0.2,35.0,64.0,5.0,5.2,0.2,2.0,2.0
2023,14,3,3,15.0,1.0,51,Finished,+11.193,sainz,SAI,55,Carlos,Sainz,Spanish,ferrari,Ferrari,Italian,Italian Grand Prix,2023-09-03,monza,Autodromo Nazionale di Monza,Italy,1.0,80.294,80.294,-1.0,,0.0,0.0,3.0,0,13,5.0,102.0,0.0,0,0,1,0,0.0,14.0,10.666666666666666,0.3333333333333333,23.0,9.6,0.2,35.0,64.0,5.0,5.2,0.2,0.0,4.0
2023,14,17,17,0.0,13.0,50,Lapped,+2.093,hulkenberg,HUL,27,Nico,Hülkenberg,German,haas,Haas F1 Team,American,Italian Grand Prix,2023-09-03,monza,Autodromo Nazionale di Monza,Italy,13.0,81.776,,-1.0,,0.0,0.0,3.0,0,13,14.0,9.0,0.0,1,0,0,0,0.0,0.0,14.666666666666666,0.3333333333333333,0.0,15.4,0.4,0.0,0.0,13.666666666666666,14.4,0.5,0.0,
2023,14,18,18,0.0,19.0,50,Lapped,+12.624,kevin_magnussen,MAG,20,Kevin,Magnussen,Danish,haas,Haas F1 Team,American,Italian Grand Prix,2023-09-03,monza,Autodromo Nazionale di Monza,Italy,19.0,82.592,,-1.0,,0.0,0.0,3.0,0,13,18.0,2.0,0.0,1,0,0,0,0.0,0.0,16.0,0.3333333333333333,0.0,17.0,0.6,0.0,0.0,13.666666666666666,14.4,0.5,6.0,16.0
2023,14,8,8,4.0,9.0,51,Finished,+45.449,norris,NOR,1,Lando,Norris,British,mclaren,McLaren,British,Italian Grand Prix,2023-09-03,monza,Autodromo Nazionale di Monza,Italy,9.0,80.979,80.979,-1.0,,0.0,0.0,3.0,0,13,8.0,75.0,0.0,0,0,0,0,0.0,30.0,5.333333333333333,0.0,60.0,4.4,0.0,42.0,84.0,5.333333333333333,4.4,0.2,2.0,7.0
2023,14,12,12,0.0,7.0,51,Finished,+1:13.074,piastri,PIA,81,Oscar,Piastri,Australian,mclaren,McLaren,British,Italian Grand Prix,2023-09-03,monza,Autodromo Nazionale di Monza,Italy,7.0,80.785,80.785,-1.0,,0.0,0.0,3.0,0,13,12.0,36.0,0.0,0,0,0,0,0.0,12.0,11.333333333333334,0.3333333333333333,24.0,10.8,0.4,42.0,84.0,5.333333333333333,4.4,0.2,0.0,
2023,14,6,6,8.0,8.0,51,Finished,+42.679,hamilton,HAM,44,Lewis,Hamilton,British,mercedes,Mercedes,German,Italian Grand Prix,2023-09-03,monza,Autodromo Nazionale di Monza,Italy,8.0,80.82,80.82,-1.0,,0.0,0.0,3.0,0,13,4.0,156.0,0.0,0,0,0,0,0.0,33.0,4.666666666666667,0.0,52.0,5.0,0.0,49.0,84.0,4.666666666666667,4.8,0.0,4.0,5.0
2023,14,5,5,10.0,4.0,51,Finished,+23.028,russell,RUS,63,George,Russell,British,mercedes,Mercedes,German,Italian Grand Prix,2023-09-03,monza,Autodromo Nazionale di Monza,Italy,4.0,80.67099999999999,80.67099999999999,-1.0,,0.0,0.0,3.0,0,13,7.0,99.0,0.0,0,0,0,0,0.0,16.0,9.666666666666666,0.0,32.0,8.2,0.0,49.0,84.0,4.666666666666667,4.8,0.0,0.0,3.0
2023,14,1,1,25.0,2.0,51,Finished,1:13:41.143,max_verstappen,VER,3,Max,Verstappen,Dutch,red_bull,Red Bull,Austrian,Italian Grand Prix,2023-09-03,monza,Autodromo Nazionale di Monza,Italy,2.0,80.307,80.307,-1.0,,0.0,0.0,3.0,0,13,1.0,339.0,11.0,0,1,1,0,0.0,76.0,1.0,0.0,128.0,1.0,0.0,121.0,196.0,1.0,1.0,0.0,0.0,1.0
2023,14,2,2,18.0,5.0,51,Finished,+6.064,perez,PER,11,Sergio,Pérez,Mexican,red_bull,Red Bull,Austrian,Italian Grand Prix,2023-09-03,monza,Autodromo Nazionale di Monza,Italy,5.0,80.688,80.688,-1.0,,0.0,0.0,3.0,0,13,2.0,201.0,2.0,0,0,1,0,0.0,45.0,3.0,0.0,68.0,3.6,0.0,121.0,196.0,1.0,1.0,0.0,3.0,6.0
2023,14,7,7,6.0,6.0,51,Finished,+45.106,albon,ALB,23,Alexander,Albon,Thai,williams,Williams,British,Italian Grand Prix,2023-09-03,monza,Autodromo Nazionale di Monza,Italy,6.0,80.76,80.76,-1.0,,0.0,0.0,3.0,0,13,13.0,15.0,0.0,0,0,0,0,0.0,4.0,11.0,0.3333333333333333,8.0,10.4,0.2,4.0,8.0,11.0,10.4,0.4,0.0,
2023,14,13,13,0.0,15.0,51,Finished,+1:18.557,sargeant,SAR,2,Logan,Sargeant,American,williams,Williams,British,Italian Grand Prix,2023-09-03,monza,Autodromo Nazionale di Monza,Italy,15.0,81.944,,-1.0,,0.0,0.0,3.0,0,13,19.0,0.0,0.0,0,0,0,0,0.0,0.0,18.333333333333332,0.6666666666666666,0.0,15.8,0.6,4.0,8.0,11.0,10.4,0.4,9.0,
2023,15,17,R,0.0,16.0,51,Retired,,bottas,BOT,77,Valtteri,Bottas,Finnish,alfa,Alfa Romeo,Swiss,Singapore Grand Prix,2023-09-17,marina_bay,Marina Bay Street Circuit,Singapore,16.0,92.809,,-1.0,,2.7,2.7,61.0,1,14,15.0,6.0,0.0,1,0,0,0,0.0,1.0,12.0,0.0,1.0,12.0,0.2,1.0,1.0,12.0,12.0,0.3,0.0,11.0
2023,15,12,12,0.0,19.0,62,Finished,+1:23.649,zhou,ZHO,24,Guanyu,Zhou,Chinese,alfa,Alfa Romeo,Swiss,Singapore Grand Prix,2023-09-17,marina_bay,Marina Bay Street Circuit,Singapore,19.0,93.25800000000001,,-1.0,,2.7,2.7,61.0,1,14,16.0,4.0,0.0,0,0,0,0,0.0,0.0,15.0,0.3333333333333333,0.0,15.2,0.4,1.0,1.0,12.0,12.0,0.3,3.0,20.0
2023,15,9,9,2.0,10.0,62,Finished,+1:05.918,lawson,LAW,30,Liam,Lawson,New Zealander,alphatauri,AlphaTauri,Italian,Singapore Grand Prix,2023-09-17,marina_bay,Marina Bay Street Circuit,Singapore,10.0,92.268,92.268,-1.0,,2.7,2.7,61.0,1,14,20.0,0.0,0.0,0,0,0,0,0.0,0.0,12.0,0.0,0.0,12.0,0.0,1.0,1.0,11.333333333333334,12.6,0.3,0.0,
2023,15,19,R,0.0,15.0,0,Retired,,tsunoda,TSU,22,Yuki,Tsunoda,Japanese,alphatauri,AlphaTauri,Italian,Singapore Grand Prix,2023-09-17,marina_bay,Marina Bay Street Circuit,Singapore,15.0,91.991,,-1.0,,2.7,2.7,61.0,1,14,17.0,3.0,0.0,1,0,0,0,0.0,1.0,15.0,0.3333333333333333,1.0,15.2,0.4,1.0,1.0,11.333333333333334,12.6,0.3,5.0,15.0
2023,15,6,6,8.0,12.0,62,Finished,+38.441,gasly,GAS,10,Pierre,Gasly,French,alpine,Alpine F1 Team,French,Singapore Grand Prix,2023-09-17,marina_bay,Marina Bay Street Circuit,Singapore,12.0,92.274,,-1.0,,2.7,2.7,61.0,1,14,10.0,37.0,0.0,0,0,0,0,0.0,15.0,9.666666666666666,0.0,15.0,13.4,0.4,20.0,20.0,8.666666666666666,12.6,0.5,4.0,10.0
2023,15,18,R,0.0,8.0,42,Retired,,ocon,OCO,31,Esteban,Ocon,French,alpine,Alpine F1 Team,French,Singapore Grand Prix,2023-09-17,marina_bay,Marina Bay Street Circuit,Singapore,8.0,91.673,91.673,-1.0,,2.7,2.7,61.0,1,14,11.0,36.0,0.0,1,0,0,0,0.0,5.0,12.333333333333334,0.3333333333333333,5.0,15.2,0.6,20.0,20.0,8.666666666666666,12.6,0.5,0.0,16.0
2023,15,15,15,0.0,7.0,62,Finished,+1:27.603,alonso,ALO,14,Fernando,Alonso,Spanish,aston_martin,Aston Martin,British,Singapore Grand Prix,2023-09-17,marina_bay,Marina Bay Street Circuit,Singapore,7.0,91.615,91.615,-1.0,,2.7,2.7,61.0,1,14,3.0,170.0,0.0,0,0,0,0,0.0,31.0,5.333333333333333,0.0,39.0,6.4,0.0,33.0,42.0,5.333333333333333,6.4,0.1,0.0,18.0
2023,15,20,W,0.0,,0,Withdrew,,stroll,STR,18,Lance,Stroll,Canadian,aston_martin,Aston Martin,British,Singapore Grand Prix,2023-09-17,marina_bay,Marina Bay Street Circuit,Singapore,20.0,93.39699999999999,,-1.0,,2.7,2.7,61.0,1,14,9.0,47.0,0.0,1,0,0,0,,2.0,12.0,0.0,3.0,12.0,0.2,33.0,42.0,5.333333333333333,6.4,0.1,13.0,6.0
2023,15,4,4,12.0,3.0,62,Finished,+21.177,leclerc,LEC,16,Charles,Leclerc,Monegasque,ferrari,Ferrari,Italian,Singapore Grand Prix,2023-09-17,marina_bay,Marina Bay Street Circuit,Singapore,3.0,91.063,91.063,-1.0,,2.7,2.7,61.0,1,14,6.0,111.0,0.0,0,0,0,0,0.0,27.0,8.666666666666666,0.3333333333333333,35.0,8.4,0.2,52.0,65.0,3.6666666666666665,5.4,0.2,2.0,2.0
2023,15,1,1,25.0,1.0,62,Finished,1:46:37.418,sainz,SAI,55,Carlos,Sainz,Spanish,ferrari,Ferrari,Italian,Singapore Grand Prix,2023-09-17,marina_bay,Marina Bay Street Circuit,Singapore,1.0,90.98400000000001,90.98400000000001,-1.0,,2.7,2.7,61.0,1,14,5.0,117.0,0.0,0,1,1,0,0.0,25.0,9.0,0.3333333333333333,30.0,9.0,0.2,52.0,65.0,3.6666666666666665,5.4,0.2,0.0,3.0
2023,15,13,13,0.0,9.0,62,Finished,+1:26.201,hulkenberg,HUL,27,Nico,Hülkenberg,German,haas,Haas F1 Team,American,Singapore Grand Prix,2023-09-17,marina_bay,Marina Bay Street Circuit,Singapore,9.0,91.80799999999999,91.80799999999999,-1.0,,2.7,2.7,61.0,1,14,14.0,9.0,0.0,0,0,0,0,0.0,0.0,15.666666666666666,0.3333333333333333,0.0,14.8,0.4,0.0,0.0,14.666666666666666,14.2,0.5,3.0,
2023,15,10,10,1.0,6.0,62,Finished,+1:12.116,kevin_magnussen,MAG,20,Kevin,Magnussen,Danish,haas,Haas F1 Team,American,Singapore Grand Prix,2023-09-17,marina_bay,Marina Bay Street Circuit,Singapore,6.0,91.575,91.575,-1.0,,2.7,2.7,61.0,1,14,18.0,2.0,0.0,0,0,0,0,0.0,0.0,16.333333333333332,0.3333333333333333,0.0,17.0,0.6,0.0,0.0,14.666666666666666,14.2,0.5,0.0,12.0
2023,15,2,2,18.0,4.0,62,Finished,+0.812,norris,NOR,1,Lando,Norris,British,mclaren,McLaren,British,Singapore Grand Prix,2023-09-17,marina_bay,Marina Bay Street Circuit,Singapore,4.0,91.27,91.27,-1.0,,2.7,2.7,61.0,1,14,8.0,79.0,0.0,0,0,1,0,0.0,16.0,7.333333333333333,0.0,52.0,5.2,0.0,18.0,76.0,7.333333333333333,5.2,0.1,0.0,4.0
2023,15,7,7,6.0,17.0,62,Finished,+41.479,piastri,PIA,81,Oscar,Piastri,Australian,mclaren,McLaren,British,Singapore Grand Prix,2023-09-17,marina_bay,Marina Bay Street Circuit,Singapore,17.0,92.902,,-1.0,,2.7,2.7,61.0,1,14,12.0,36.0,0.0,0,0,0,0,0.0,2.0,13.666666666666666,0.3333333333333333,24.0,10.0,0.2,18.0,76.0,7.333333333333333,5.2,0.1,13.0,
2023,15,3,3,16.0,5.0,62,Finished,+1.269,hamilton,HAM,44,Lewis,Hamilton,British,mercedes,Mercedes,German,Singapore Grand Prix,2023-09-17,marina_bay,Marina Bay Street Circuit,Singapore,5.0,91.485,91.485,-1.0,,2.7,2.7,61.0,1,14,4.0,164.0,0.0,0,0,1,0,0.0,29.0,5.333333333333333,0.0,56.0,4.6,0.0,47.0,92.0,5.0,4.4,0.0,3.0,9.0
2023,15,16,16,0.0,2.0,61,Retired,,russell,RUS,63,George,Russell,British,mercedes,Mercedes,German,Singapore Grand Prix,2023-09-17,marina_bay,Marina Bay Street Circuit,Singapore,2.0,91.056,91.056,-1.0,,2.7,2.7,61.0,1,14,7.0,109.0,0.0,1,0,0,0,0.0,18.0,9.333333333333334,0.0,36.0,7.8,0.0,47.0,92.0,5.0,4.4,0.0,0.0,14.0
2023,15,5,5,10.0,11.0,62,Finished,+21.441,max_verstappen,VER,3,Max,Verstappen,Dutch,red_bull,Red Bull,Austrian,Singapore Grand Prix,2023-09-17,marina_bay,Marina Bay Street Circuit,Singapore,11.0,92.173,,-1.0,,2.7,2.7,61.0,1,14,1.0,364.0,12.0,0,0,0,0,0.0,75.0,1.0,0.0,127.0,1.0,0.0,123.0,198.0,1.0,1.0,0.0,0.0,7.0
2023,15,8,8,4.0,13.0,62,Finished,+59.534,perez,PER,11,Sergio,Pérez,Mexican,red_bull,Red Bull,Austrian,Singapore Grand Prix,2023-09-17,marina_bay,Marina Bay Street Circuit,Singapore,13.0,92.31,,-1.0,,2.7,2.7,61.0,1,14,2.0,219.0,2.0,0,0,0,0,0.0,48.0,2.6666666666666665,0.0,71.0,3.4,0.0,123.0,198.0,1.0,1.0,0.0,2.0,1.0
2023,15,11,11,0.0,14.0,62,Finished,+1:13.417,albon,ALB,23,Alexander,Albon,Thai,williams,Williams,British,Singapore Grand Prix,2023-09-17,marina_bay,Marina Bay Street Circuit,Singapore,14.0,93.719,,-1.0,,2.7,2.7,61.0,1,14,13.0,21.0,0.0,0,0,0,0,0.0,10.0,9.666666666666666,0.0,14.0,9.6,0.2,10.0,14.0,9.666666666666666,9.6,0.3,0.0,17.0
2023,15,14,14,0.0,18.0,62,Finished,+1:26.889,sargeant,SAR,2,Logan,Sargeant,American,williams,Williams,British,Singapore Grand Prix,2023-09-17,marina_bay,Marina Bay Street Circuit,Singapore,18.0,93.25200000000001,,-1.0,,2.7,2.7,61.0,1,14,19.0,0.0,0.0,0,0,0,0,0.0,0.0,16.666666666666668,0.3333333333333333,0.0,15.8,0.4,10.0,14.0,9.666666666666666,9.6,0.3,4.0,
2023,16,20,R,0.0,16.0,7,Retired,,bottas,BOT,77,Valtteri,Bottas,Finnish,alfa,Alfa Romeo,Swiss,Japanese Grand Prix,2023-09-24,suzuka,Suzuka Circuit,Japan,16.0,91.049,,-1.0,,0.0,0.0,3.0,0,15,15.0,6.0,0.0,1,0,0,0,0.0,1.0,13.666666666666666,0.3333333333333333,1.0,13.0,0.4,1.0,1.0,12.0,12.0,0.4,0.0,15.0
2023,16,13,13,0.0,19.0,52,Lapped,+6.340,zhou,ZHO,24,Guanyu,Zhou,Chinese,alfa,Alfa Romeo,Swiss,Japanese Grand Prix,2023-09-24,suzuka,Suzuka Circuit,Japan,19.0,91.398,,-1.0,,0.0,0.0,3.0,0,15,16.0,4.0,0.0,1,0,0,0,0.0,0.0,14.666666666666666,0.3333333333333333,0.0,14.6,0.4,1.0,1.0,12.0,12.0,0.4,3.0,16.0
2023,16,11,11,0.0,11.0,52,Lapped,+3.089,lawson,LAW,30,Liam,Lawson,New Zealander,alphatauri,AlphaTauri,Italian,Japanese Grand Prix,2023-09-24,suzuka,Suzuka Circuit,Japan,11.0,90.508,,-1.0,,0.0,0.0,3.0,0,15,19.0,2.0,0.0,1,0,0,0,0.0,2.0,11.0,0.0,2.0,11.0,0.0,2.0,3.0,11.0,11.2,0.4,2.0,
2023,16,12,12,0.0,9.0,52,Lapped,+3.974,tsunoda,TSU,22,Yuki,Tsunoda,Japanese,alphatauri,AlphaTauri,Italian,Japanese Grand Prix,2023-09-24,suzuka,Suzuka Circuit,Japan,9.0,90.303,90.303,-1.0,,0.0,0.0,3.0,0,15,17.0,3.0,0.0,1,0,0,0,0.0,0.0,18.0,0.6666666666666666,1.0,15.8,0.6,2.0,3.0,11.0,11.2,0.4,0.0,13.0
2023,16,10,10,1.0,12.0,53,Finished,+1:23.155,gasly,GAS,10,Pierre,Gasly,French,alpine,Alpine F1 Team,French,Japanese Grand Prix,2023-09-24,suzuka,Suzuka Circuit,Japan,12.0,90.509,,-1.0,,0.0,0.0,3.0,0,15,10.0,45.0,0.0,0,0,0,0,0.0,23.0,8.0,0.0,23.0,11.0,0.2,24.0,28.0,8.0,10.2,0.4,0.0,18.0
2023,16,9,9,2.0,14.0,53,Finished,+1:19.678,ocon,OCO,31,Esteban,Ocon,French,alpine,Alpine F1 Team,French,Japanese Grand Prix,2023-09-24,suzuka,Suzuka Circuit,Japan,14.0,90.586,,-1.0,,0.0,0.0,3.0,0,15,12.0,36.0,0.0,0,0,0,0,0.0,1.0,15.666666666666666,0.6666666666666666,5.0,14.8,0.6,24.0,28.0,8.0,10.2,0.4,2.0,4.0
2023,16,8,8,4.0,10.0,53,Finished,+1:14.725,alonso,ALO,14,Fernando,Alonso,Spanish,aston_martin,Aston Martin,British,Japanese Grand Prix,2023-09-24,suzuka,Suzuka Circuit,Japan,10.0,90.56,90.56,-1.0,,0.0,0.0,3.0,0,15,4.0,170.0,0.0,0,0,0,0,0.0,21.0,8.666666666666666,0.0,33.0,8.0,0.0,21.0,36.0,8.666666666666666,8.0,0.2,0.0,7.0
2023,16,18,R,0.0,17.0,20,Retired,,stroll,STR,18,Lance,Stroll,Canadian,aston_martin,Aston Martin,British,Japanese Grand Prix,2023-09-24,suzuka,Suzuka Circuit,Japan,17.0,91.181,,-1.0,,0.0,0.0,3.0,0,15,9.0,47.0,0.0,1,0,0,0,0.0,0.0,15.666666666666666,0.3333333333333333,3.0,13.2,0.4,21.0,36.0,8.666666666666666,8.0,0.2,7.0,12.0
2023,16,4,4,12.0,4.0,53,Finished,+43.998,leclerc,LEC,16,Charles,Leclerc,Monegasque,ferrari,Ferrari,Italian,Japanese Grand Prix,2023-09-24,suzuka,Suzuka Circuit,Japan,4.0,89.542,89.542,-1.0,,0.0,0.0,3.0,0,15,6.0,123.0,0.0,0,0,0,0,0.0,24.0,9.0,0.3333333333333333,45.0,7.4,0.2,74.0,99.0,3.0,3.8,0.2,0.0,3.0
2023,16,6,6,8.0,6.0,53,Finished,+50.221,sainz,SAI,55,Carlos,Sainz,Spanish,ferrari,Ferrari,Italian,Japanese Grand Prix,2023-09-24,suzuka,Suzuka Circuit,Japan,6.0,89.85,89.85,-1.0,,0.0,0.0,3.0,0,15,5.0,142.0,1.0,0,0,0,0,0.0,50.0,3.0,0.0,54.0,7.2,0.2,74.0,99.0,3.0,3.8,0.2,2.0,19.0
2023,16,14,14,0.0,18.0,52,Lapped,+9.598,hulkenberg,HUL,27,Nico,Hülkenberg,German,haas,Haas F1 Team,American,Japanese Grand Prix,2023-09-24,suzuka,Suzuka Circuit,Japan,18.0,91.299,,-1.0,,0.0,0.0,3.0,0,15,14.0,9.0,0.0,1,0,0,0,0.0,0.0,14.0,0.3333333333333333,0.0,14.8,0.4,1.0,1.0,13.0,13.6,0.4,3.0,
2023,16,15,15,0.0,15.0,52,Lapped,+29.570,kevin_magnussen,MAG,20,Kevin,Magnussen,Danish,haas,Haas F1 Team,American,Japanese Grand Prix,2023-09-24,suzuka,Suzuka Circuit,Japan,15.0,90.66499999999999,,-1.0,,0.0,0.0,3.0,0,15,18.0,3.0,0.0,1,0,0,0,0.0,1.0,14.666666666666666,0.3333333333333333,1.0,15.2,0.4,1.0,1.0,13.0,13.6,0.4,0.0,14.0
2023,16,2,2,18.0,3.0,53,Finished,+19.387,norris,NOR,1,Lando,Norris,British,mclaren,McLaren,British,Japanese Grand Prix,2023-09-24,suzuka,Suzuka Circuit,Japan,3.0,89.493,89.493,-1.0,,0.0,0.0,3.0,0,15,8.0,97.0,0.0,0,0,1,0,0.0,28.0,5.666666666666667,0.0,52.0,5.2,0.0,36.0,70.0,5.666666666666667,5.2,0.1,1.0,10.0
2023,16,3,3,15.0,2.0,53,Finished,+36.494,piastri,PIA,81,Oscar,Piastri,Australian,mclaren,McLaren,British,Japanese Grand Prix,2023-09-24,suzuka,Suzuka Circuit,Japan,2.0,89.458,89.458,-1.0,,0.0,0.0,3.0,0,15,11.0,42.0,0.0,0,0,1,0,0.0,8.0,9.333333333333334,0.0,18.0,10.6,0.2,36.0,70.0,5.666666666666667,5.2,0.1,0.0,
2023,16,5,5,10.0,7.0,53,Finished,+49.376,hamilton,HAM,44,Lewis,Hamilton,British,mercedes,Mercedes,German,Japanese Grand Prix,2023-09-24,suzuka,Suzuka Circuit,Japan,7.0,89.908,89.908,-1.0,,0.0,0.0,3.0,0,15,3.0,180.0,0.0,0,0,0,0,0.0,32.0,5.0,0.0,57.0,4.6,0.0,42.0,83.0,4.666666666666667,4.4,0.1,0.0,5.0
2023,16,7,7,6.0,8.0,53,Finished,+57.659,russell,RUS,63,George,Russell,British,mercedes,Mercedes,German,Japanese Grand Prix,2023-09-24,suzuka,Suzuka Circuit,Japan,8.0,90.219,90.219,-1.0,,0.0,0.0,3.0,0,15,7.0,109.0,0.0,0,0,0,0,0.0,10.0,12.666666666666666,0.3333333333333333,26.0,10.0,0.2,42.0,83.0,4.666666666666667,4.4,0.1,1.0,8.0
2023,16,1,1,26.0,1.0,53,Finished,1:30:58.421,max_verstappen,VER,3,Max,Verstappen,Dutch,red_bull,Red Bull,Austrian,Japanese Grand Prix,2023-09-24,suzuka,Suzuka Circuit,Japan,1.0,88.877,88.877,-1.0,,0.0,0.0,3.0,0,15,1.0,374.0,12.0,0,1,1,0,0.0,60.0,2.3333333333333335,0.0,111.0,1.8,0.0,94.0,178.0,2.3333333333333335,1.8,0.0,0.0,1.0
2023,16,19,R,0.0,5.0,15,Retired,,perez,PER,11,Sergio,Pérez,Mexican,red_bull,Red Bull,Austrian,Japanese Grand Prix,2023-09-24,suzuka,Suzuka Circuit,Japan,5.0,89.65,89.65,-1.0,,0.0,0.0,3.0,0,15,2.0,223.0,2.0,1,0,0,0,0.0,34.0,4.666666666666667,0.0,67.0,3.8,0.0,94.0,178.0,2.3333333333333335,1.8,0.0,4.0,2.0
2023,16,16,R,0.0,13.0,26,Retired,,albon,ALB,23,Alexander,Albon,Thai,williams,Williams,British,Japanese Grand Prix,2023-09-24,suzuka,Suzuka Circuit,Japan,13.0,90.537,,-1.0,,0.0,0.0,3.0,0,15,13.0,21.0,0.0,1,0,0,0,0.0,10.0,8.666666666666666,0.0,10.0,10.2,0.2,10.0,10.0,8.666666666666666,10.2,0.3,0.0,20.0
2023,16,17,R,0.0,20.0,22,Retired,,sargeant,SAR,2,Logan,Sargeant,American,williams,Williams,British,Japanese Grand Prix,2023-09-24,suzuka,Suzuka Circuit,Japan,20.0,,,-1.0,,0.0,0.0,3.0,0,15,20.0,0.0,0.0,1,0,0,0,0.0,0.0,15.666666666666666,0.3333333333333333,0.0,16.4,0.4,10.0,10.0,8.666666666666666,10.2,0.3,7.0,
2023,17,8,8,4.0,9.0,57,Finished,+1:06.563,bottas,BOT,77,Valtteri,Bottas,Finnish,alfa,Alfa Romeo,Swiss,Qatar Grand Prix,2023-10-08,losail,Losail International Circuit,Qatar,9.0,85.05799999999999,85.05799999999999,10.0,0.0,0.0,0.0,0.0,0,16,15.0,6.0,0.0,0,0,0,1,0.0,1.0,15.666666666666666,0.6666666666666666,1.0,14.6,0.4,1.0,1.0,11.666666666666666,12.2,0.4,0.0,
2023,17,9,9,2.0,19.0,57,Finished,+1:16.127,zhou,ZHO,24,Guanyu,Zhou,Chinese,alfa,Alfa Romeo,Swiss,Qatar Grand Prix,2023-10-08,losail,Losail International Circuit,Qatar,20.0,87.432,,15.0,0.0,0.0,0.0,0.0,0,16,16.0,4.0,0.0,0,0,0,1,-1.0,0.0,13.0,0.3333333333333333,0.0,14.0,0.4,1.0,1.0,11.666666666666666,12.2,0.4,11.0,
2023,17,17,17,0.0,17.0,56,Lapped,+27.108,lawson,LAW,30,Liam,Lawson,New Zealander,alphatauri,AlphaTauri,Italian,Qatar Grand Prix,2023-10-08,losail,Losail International Circuit,Qatar,18.0,86.635,,20.0,0.0,0.0,0.0,0.0,0,16,19.0,2.0,0.0,1,0,0,1,-1.0,2.0,10.333333333333334,0.3333333333333333,2.0,11.0,0.25,2.0,3.0,10.333333333333334,10.8,0.4,7.0,
2023,17,15,15,0.0,11.0,56,Lapped,+8.958,tsunoda,TSU,22,Yuki,Tsunoda,Japanese,alphatauri,AlphaTauri,Italian,Qatar Grand Prix,2023-10-08,losail,Losail International Circuit,Qatar,11.0,85.301,,11.0,0.0,0.0,0.0,0.0,0,16,17.0,3.0,0.0,1,0,0,1,0.0,0.0,17.0,1.0,1.0,15.2,0.6,2.0,3.0,10.333333333333334,10.8,0.4,0.0,
2023,17,12,12,0.0,7.0,57,Finished,+1:22.300,gasly,GAS,10,Pierre,Gasly,French,alpine,Alpine F1 Team,French,Qatar Grand Prix,2023-10-08,losail,Losail International Circuit,Qatar,7.0,84.553,84.553,9.0,0.0,0.0,0.0,0.0,0,16,11.0,46.0,0.0,0,0,0,1,0.0,9.0,10.333333333333334,0.0,24.0,9.0,0.0,11.0,31.0,10.0,8.2,0.2,0.0,
2023,17,7,7,6.0,8.0,57,Finished,+1:02.390,ocon,OCO,31,Esteban,Ocon,French,alpine,Alpine F1 Team,French,Qatar Grand Prix,2023-10-08,losail,Losail International Circuit,Qatar,8.0,84.763,84.763,17.0,0.0,0.0,0.0,0.0,0,16,12.0,38.0,0.0,0,0,0,1,0.0,2.0,15.333333333333334,0.6666666666666666,7.0,12.8,0.4,11.0,31.0,10.0,8.2,0.2,1.0,
2023,17,6,6,8.0,4.0,57,Finished,+49.032,alonso,ALO,14,Fernando,Alonso,Spanish,aston_martin,Aston Martin,British,Qatar Grand Prix,2023-10-08,losail,Losail International Circuit,Qatar,4.0,84.369,84.369,8.0,1.0,0.0,0.0,0.0,0,16,4.0,174.0,0.0,0,0,0,1,0.0,6.0,10.666666666666666,0.0,35.0,7.8,0.0,6.0,37.0,10.666666666666666,7.8,0.2,0.0,
2023,17,11,11,0.0,16.0,57,Finished,+1:21.652,stroll,STR,18,Lance,Stroll,Canadian,aston_martin,Aston Martin,British,Qatar Grand Prix,2023-10-08,losail,Losail International Circuit,Qatar,17.0,86.345,,13.0,0.0,0.0,0.0,0.0,0,16,10.0,47.0,0.0,0,0,0,1,-1.0,0.0,18.0,0.6666666666666666,2.0,14.8,0.4,6.0,37.0,10.666666666666666,7.8,0.2,13.0,
2023,17,5,5,10.0,5.0,57,Finished,+38.976,leclerc,LEC,16,Charles,Leclerc,Monegasque,ferrari,Ferrari,Italian,Qatar Grand Prix,2023-10-08,losail,Losail International Circuit,Qatar,5.0,84.424,84.424,12.0,0.0,0.0,0.0,0.0,0,16,6.0,135.0,0.0,0,0,0,1,0.0,36.0,4.0,0.0,51.0,6.8,0.2,84.0,109.0,2.6666666666666665,3.2,0.2,0.0,
2023,17,20,W,0.0,12.0,0,Did not start,,sainz,SAI,55,Carlos,Sainz,Spanish,ferrari,Ferrari,Italian,Qatar Grand Prix,2023-10-08,losail,Losail International Circuit,Qatar,12.0,85.328,,6.0,3.0,0.0,0.0,0.0,0,16,5.0,150.0,1.0,1,0,0,1,0.0,48.0,3.3333333333333335,0.0,58.0,6.8,0.2,84.0,109.0,2.6666666666666665,3.2,0.2,7.0,
2023,17,16,16,0.0,14.0,56,Lapped,+15.085,hulkenberg,HUL,27,Nico,Hülkenberg,German,haas,Haas F1 Team,American,Qatar Grand Prix,2023-10-08,losail,Losail International Circuit,Qatar,15.0,85.783,,16.0,0.0,0.0,0.0,0.0,0,16,14.0,9.0,0.0,1,0,0,1,-1.0,0.0,14.666666666666666,0.6666666666666666,0.0,14.8,0.4,1.0,1.0,13.666666666666666,13.6,0.4,0.0,
2023,17,14,14,0.0,18.0,56,Lapped,+1.246,kevin_magnussen,MAG,20,Kevin,Magnussen,Danish,haas,Haas F1 Team,American,Qatar Grand Prix,2023-10-08,losail,Losail International Circuit,Qatar,19.0,87.04599999999999,,14.0,0.0,0.0,0.0,0.0,0,16,18.0,3.0,0.0,1,0,0,1,-1.0,1.0,14.333333333333334,0.6666666666666666,1.0,14.8,0.4,1.0,1.0,13.666666666666666,13.6,0.4,4.0,
2023,17,3,3,15.0,10.0,57,Finished,+5.969,norris,NOR,1,Lando,Norris,British,mclaren,McLaren,British,Qatar Grand Prix,2023-10-08,losail,Losail International Circuit,Qatar,10.0,84.685,,3.0,6.0,0.0,0.0,0.0,0,16,7.0,115.0,0.0,0,0,1,1,0.0,40.0,4.0,0.0,52.0,5.2,0.0,61.0,75.0,4.0,5.2,0.1,4.0,
2023,17,2,2,18.0,6.0,57,Finished,+4.833,piastri,PIA,81,Oscar,Piastri,Australian,mclaren,McLaren,British,Qatar Grand Prix,2023-10-08,losail,Losail International Circuit,Qatar,6.0,84.53999999999999,84.53999999999999,1.0,8.0,0.0,0.0,0.0,0,16,9.0,57.0,0.0,0,0,1,1,0.0,21.0,7.333333333333333,0.0,23.0,10.2,0.2,61.0,75.0,4.0,5.2,0.1,0.0,
2023,17,19,R,0.0,3.0,0,Retired,,hamilton,HAM,44,Lewis,Hamilton,British,mercedes,Mercedes,German,Qatar Grand Prix,2023-10-08,losail,Losail International Circuit,Qatar,3.0,84.305,84.305,5.0,4.0,0.0,0.0,0.0,0,16,3.0,190.0,0.0,1,0,0,1,0.0,34.0,4.666666666666667,0.0,55.0,4.8,0.0,50.0,79.0,4.333333333333333,4.6,0.1,1.0,
2023,17,4,4,12.0,2.0,57,Finished,+34.119,russell,RUS,63,George,Russell,British,mercedes,Mercedes,German,Qatar Grand Prix,2023-10-08,losail,Losail International Circuit,Qatar,2.0,84.219,84.219,4.0,5.0,0.0,0.0,0.0,0,16,8.0,115.0,0.0,0,0,0,1,0.0,16.0,9.333333333333334,0.3333333333333333,24.0,10.2,0.2,50.0,79.0,4.333333333333333,4.6,0.1,0.0,
2023,17,1,1,26.0,1.0,57,Finished,1:27:39.168,max_verstappen,VER,3,Max,Verstappen,Dutch,red_bull,Red Bull,Austrian,Qatar Grand Prix,2023-10-08,losail,Losail International Circuit,Qatar,1.0,83.77799999999999,83.77799999999999,2.0,7.0,0.0,0.0,0.0,0,16,1.0,400.0,13.0,0,1,1,1,0.0,61.0,2.3333333333333335,0.0,111.0,1.8,0.0,83.0,163.0,2.3333333333333335,1.8,0.1,0.0,
2023,17,10,10,1.0,20.0,57,Finished,+1:20.181,perez,PER,11,Sergio,Pérez,Mexican,red_bull,Red Bull,Austrian,Qatar Grand Prix,2023-10-08,losail,Losail International Circuit,Qatar,13.0,85.462,,18.0,0.0,0.0,0.0,0.0,0,16,2.0,223.0,2.0,0,0,0,1,7.0,22.0,9.666666666666666,0.3333333333333333,52.0,7.0,0.2,83.0,163.0,2.3333333333333335,1.8,0.1,12.0,
2023,17,13,13,0.0,13.0,57,Finished,+1:31.014,albon,ALB,23,Alexander,Albon,Thai,williams,Williams,British,Qatar Grand Prix,2023-10-08,losail,Losail International Circuit,Qatar,14.0,85.707,,7.0,2.0,0.0,0.0,0.0,0,16,13.0,21.0,0.0,0,0,0,1,-1.0,6.0,11.333333333333334,0.3333333333333333,10.0,11.2,0.2,6.0,10.0,11.333333333333334,11.2,0.3,0.0,
2023,17,18,R,0.0,15.0,40,Retired,,sargeant,SAR,2,Logan,Sargeant,American,williams,Williams,British,Qatar Grand Prix,2023-10-08,losail,Losail International Circuit,Qatar,16.0,86.21000000000001,,19.0,0.0,0.0,0.0,0.0,0,16,20.0,0.0,0.0,1,0,0,1,-1.0,0.0,14.666666666666666,0.3333333333333333,0.0,16.2,0.4,6.0,10.0,11.333333333333334,11.2,0.3,2.0,
2023,18,12,12,0.0,13.0,56,Finished,+1:38.601,bottas,BOT,77,Valtteri,Bottas,Finnish,alfa,Alfa Romeo,Swiss,United States Grand Prix,2023-10-22,americas,Circuit of the Americas,USA,13.0,95.858,,16.0,0.0,0.1,0.1,51.0,0,17,14.0,10.0,0.0,0,0,0,1,0.0,4.0,15.0,0.6666666666666666,5.0,13.8,0.4,6.0,7.0,11.0,11.4,0.4,1.0,19.0
2023,18,13,13,0.0,12.0,55,Lapped,+3.576,zhou,ZHO,24,Guanyu,Zhou,Chinese,alfa,Alfa Romeo,Swiss,United States Grand Prix,2023-10-22,americas,Circuit of the Americas,USA,12.0,95.69800000000001,,17.0,0.0,0.1,0.1,51.0,0,17,16.0,6.0,0.0,1,0,0,1,0.0,2.0,11.333333333333334,0.3333333333333333,2.0,13.2,0.4,6.0,7.0,11.0,11.4,0.4,0.0,12.0
2023,18,15,15,0.0,14.0,55,Lapped,+8.852,ricciardo,RIC,3,Daniel,Ricciardo,Australian,alphatauri,AlphaTauri,Italian,United States Grand Prix,2023-10-22,americas,Circuit of the Americas,USA,15.0,95.97399999999999,,12.0,0.0,0.1,0.1,51.0,0,17,22.0,0.0,0.0,1,0,0,1,-1.0,2.0,12.666666666666666,0.3333333333333333,8.0,13.0,0.4,2.0,2.0,11.666666666666666,11.8,0.6,4.0,16.0
2023,18,8,8,5.0,11.0,56,Finished,+1:14.385,tsunoda,TSU,22,Yuki,Tsunoda,Japanese,alphatauri,AlphaTauri,Italian,United States Grand Prix,2023-10-22,americas,Circuit of the Americas,USA,11.0,95.697,,14.0,0.0,0.1,0.1,51.0,0,17,17.0,3.0,0.0,0,0,0,1,0.0,0.0,15.333333333333334,1.0,0.0,16.2,0.8,2.0,2.0,11.666666666666666,11.8,0.6,0.0,10.0
2023,18,6,6,8.0,7.0,56,Finished,+47.996,gasly,GAS,10,Pierre,Gasly,French,alpine,Alpine F1 Team,French,United States Grand Prix,2023-10-22,americas,Circuit of the Americas,USA,7.0,95.089,95.089,7.0,2.0,0.1,0.1,51.0,0,17,11.0,46.0,0.0,0,0,0,1,0.0,9.0,9.333333333333334,0.0,24.0,9.2,0.0,17.0,33.0,7.333333333333333,8.0,0.2,0.0,14.0
2023,18,18,R,0.0,8.0,6,Retired,,ocon,OCO,31,Esteban,Ocon,French,alpine,Alpine F1 Team,French,United States Grand Prix,2023-10-22,americas,Circuit of the Americas,USA,8.0,95.154,95.154,11.0,0.0,0.1,0.1,51.0,0,17,12.0,44.0,0.0,1,0,0,1,0.0,8.0,11.333333333333334,0.3333333333333333,9.0,12.6,0.4,17.0,33.0,7.333333333333333,8.0,0.2,1.0,11.0
2023,18,16,R,0.0,19.0,49,Retired,,alonso,ALO,14,Fernando,Alonso,Spanish,aston_martin,Aston Martin,British,United States Grand Prix,2023-10-22,americas,Circuit of the Americas,USA,17.0,96.268,,13.0,0.0,0.1,0.1,51.0,0,17,4.0,183.0,0.0,1,0,0,1,2.0,12.0,9.666666666666666,0.0,33.0,8.0,0.0,12.0,33.0,9.666666666666666,8.0,0.2,0.0,7.0
2023,18,7,7,6.0,20.0,56,Finished,+48.696,stroll,STR,18,Lance,Stroll,Canadian,aston_martin,Aston Martin,British,United States Grand Prix,2023-10-22,americas,Circuit of the Americas,USA,19.0,96.589,,20.0,0.0,0.1,0.1,51.0,0,17,10.0,47.0,0.0,0,0,0,1,1.0,0.0,16.333333333333332,0.6666666666666666,0.0,15.2,0.4,12.0,33.0,9.666666666666666,8.0,0.2,2.0,18.0
2023,18,20,20,0.0,1.0,56,Disqualified,+24.662,leclerc,LEC,16,Charles,Leclerc,Monegasque,ferrari,Ferrari,Italian,United States Grand Prix,2023-10-22,americas,Circuit of the Americas,USA,1.0,94.723,94.723,3.0,6.0,0.1,0.1,51.0,0,17,6.0,145.0,0.0,1,0,0,1,0.0,34.0,4.333333333333333,0.0,46.0,7.2,0.2,67.0,104.0,3.3333333333333335,3.6,0.2,0.0,3.0
2023,18,3,3,15.0,4.0,56,Finished,+15.134,sainz,SAI,55,Carlos,Sainz,Spanish,ferrari,Ferrari,Italian,United States Grand Prix,2023-10-22,americas,Circuit of the Americas,USA,4.0,94.945,94.945,6.0,3.0,0.1,0.1,51.0,0,17,5.0,153.0,1.0,0,0,1,1,0.0,33.0,9.0,0.3333333333333333,58.0,7.0,0.2,67.0,104.0,3.3333333333333335,3.6,0.2,3.0,20.0
2023,18,11,11,0.0,18.0,56,Finished,+1:29.904,hulkenberg,HUL,27,Nico,Hülkenberg,German,haas,Haas F1 Team,American,United States Grand Prix,2023-10-22,americas,Circuit of the Americas,USA,16.0,96.235,,15.0,0.0,0.1,0.1,51.0,0,17,15.0,9.0,0.0,0,0,0,1,2.0,0.0,14.333333333333334,0.6666666666666666,0.0,14.4,0.6,1.0,1.0,12.666666666666666,13.4,0.6,2.0,
2023,18,14,14,0.0,17.0,55,Lapped,+8.072,kevin_magnussen,MAG,20,Kevin,Magnussen,Danish,haas,Haas F1 Team,American,United States Grand Prix,2023-10-22,americas,Circuit of the Americas,USA,14.0,95.88,,18.0,0.0,0.1,0.1,51.0,0,17,18.0,3.0,0.0,1,0,0,1,3.0,1.0,13.0,0.6666666666666666,1.0,14.6,0.6,1.0,1.0,12.666666666666666,13.4,0.6,0.0,9.0
2023,18,2,2,18.0,2.0,56,Finished,+10.730,norris,NOR,1,Lando,Norris,British,mclaren,McLaren,British,United States Grand Prix,2023-10-22,americas,Circuit of the Americas,USA,2.0,94.85300000000001,94.85300000000001,4.0,5.0,0.1,0.1,51.0,0,17,7.0,136.0,0.0,0,0,1,1,0.0,51.0,2.3333333333333335,0.0,61.0,4.4,0.0,90.0,102.0,2.0,4.2,0.0,0.0,6.0
2023,18,17,R,0.0,10.0,10,Retired,,piastri,PIA,81,Oscar,Piastri,Australian,mclaren,McLaren,British,United States Grand Prix,2023-10-22,americas,Circuit of the Americas,USA,10.0,95.467,95.467,10.0,0.0,0.1,0.1,51.0,0,17,9.0,83.0,0.0,1,0,0,1,0.0,39.0,4.0,0.0,41.0,6.6,0.0,90.0,102.0,2.0,4.2,0.0,8.0,
2023,18,19,19,0.0,3.0,56,Disqualified,+2.225,hamilton,HAM,44,Lewis,Hamilton,British,mercedes,Mercedes,German,United States Grand Prix,2023-10-22,americas,Circuit of the Americas,USA,3.0,94.862,94.862,2.0,7.0,0.1,0.1,51.0,0,17,3.0,194.0,0.0,1,0,0,1,0.0,26.0,9.0,0.3333333333333333,42.0,7.8,0.2,44.0,70.0,4.0,4.6,0.2,0.0,2.0
2023,18,5,5,10.0,5.0,56,Finished,+24.999,russell,RUS,63,George,Russell,British,mercedes,Mercedes,German,United States Grand Prix,2023-10-22,americas,Circuit of the Americas,USA,5.0,95.07900000000001,95.07900000000001,8.0,1.0,0.1,0.1,51.0,0,17,8.0,132.0,0.0,0,0,0,1,0.0,18.0,9.0,0.3333333333333333,28.0,9.8,0.2,44.0,70.0,4.0,4.6,0.2,2.0,5.0
2023,18,1,1,25.0,6.0,56,Finished,1:35:21.362,max_verstappen,VER,3,Max,Verstappen,Dutch,red_bull,Red Bull,Austrian,United States Grand Prix,2023-10-22,americas,Circuit of the Americas,USA,6.0,95.081,95.081,1.0,8.0,0.1,0.1,51.0,0,17,1.0,433.0,14.0,0,1,1,1,0.0,62.0,2.3333333333333335,0.0,112.0,1.8,0.0,67.0,147.0,2.3333333333333335,1.8,0.1,0.0,1.0
2023,18,4,4,12.0,9.0,56,Finished,+18.460,perez,PER,11,Sergio,Pérez,Mexican,red_bull,Red Bull,Austrian,United States Grand Prix,2023-10-22,americas,Circuit of the Americas,USA,9.0,95.173,95.173,5.0,4.0,0.1,0.1,51.0,0,17,2.0,224.0,2.0,0,0,0,1,0.0,5.0,12.333333333333334,0.3333333333333333,35.0,8.6,0.2,67.0,147.0,2.3333333333333335,1.8,0.1,3.0,4.0
2023,18,9,9,2.0,15.0,56,Finished,+1:26.714,albon,ALB,23,Alexander,Albon,Thai,williams,Williams,British,United States Grand Prix,2023-10-22,americas,Circuit of the Americas,USA,18.0,96.315,,9.0,0.0,0.1,0.1,51.0,0,17,13.0,23.0,0.0,0,0,0,1,-3.0,0.0,13.333333333333334,0.3333333333333333,10.0,11.0,0.2,0.0,10.0,13.333333333333334,11.0,0.4,0.0,13.0
2023,18,10,10,1.0,16.0,56,Finished,+1:27.998,sargeant,SAR,2,Logan,Sargeant,American,williams,Williams,British,United States Grand Prix,2023-10-22,americas,Circuit of the Americas,USA,20.0,96.827,,19.0,0.0,0.1,0.1,51.0,0,17,20.0,0.0,0.0,0,0,0,1,-4.0,0.0,16.333333333333332,0.6666666666666666,0.0,16.4,0.6,0.0,10.0,13.333333333333334,11.0,0.4,2.0,
2023,19,15,15,0.0,9.0,71,Finished,+1:25.597,bottas,BOT,77,Valtteri,Bottas,Finnish,alfa,Alfa Romeo,Swiss,Mexico City Grand Prix,2023-10-29,rodriguez,Autódromo Hermanos Rodríguez,Mexico,9.0,78.032,78.032,-1.0,,0.3,0.3,51.0,0,18,14.0,10.0,0.0,0,0,0,0,0.0,4.0,13.333333333333334,0.3333333333333333,5.0,13.4,0.4,6.0,7.0,11.0,11.0,0.4,0.0,10.0
2023,19,14,14,0.0,10.0,71,Finished,+1:21.676,zhou,ZHO,24,Guanyu,Zhou,Chinese,alfa,Alfa Romeo,Swiss,Mexico City Grand Prix,2023-10-29,rodriguez,Autódromo Hermanos Rodríguez,Mexico,10.0,78.05,78.05,-1.0,,0.3,0.3,51.0,0,18,17.0,6.0,0.0,0,0,0,0,0.0,2.0,11.666666666666666,0.6666666666666666,2.0,12.2,0.4,6.0,7.0,11.0,11.0,0.4,1.0,13.0
2023,19,7,7,6.0,4.0,71,Finished,+41.570,ricciardo,RIC,3,Daniel,Ricciardo,Australian,alphatauri,AlphaTauri,Italian,Mexico City Grand Prix,2023-10-29,rodriguez,Autódromo Hermanos Rodríguez,Mexico,4.0,77.382,77.382,-1.0,,0.3,0.3,51.0,0,18,22.0,0.0,0.0,0,0,0,0,0.0,0.0,14.666666666666666,0.6666666666666666,2.0,14.6,0.6,5.0,7.0,11.333333333333334,10.8,0.7,0.0,7.0
2023,19,12,12,0.0,18.0,71,Finished,+1:18.982,tsunoda,TSU,22,Yuki,Tsunoda,Japanese,alphatauri,AlphaTauri,Italian,Mexico City Grand Prix,2023-10-29,rodriguez,Autódromo Hermanos Rodríguez,Mexico,15.0,78.89,,-1.0,,0.3,0.3,51.0,0,18,16.0,8.0,0.0,0,0,0,0,3.0,5.0,11.666666666666666,0.6666666666666666,5.0,14.8,0.8,5.0,7.0,11.333333333333334,10.8,0.7,11.0,20.0
2023,19,11,11,0.0,11.0,71,Finished,+1:06.208,gasly,GAS,10,Pierre,Gasly,French,alpine,Alpine F1 Team,French,Mexico City Grand Prix,2023-10-29,rodriguez,Autódromo Hermanos Rodríguez,Mexico,11.0,78.521,,-1.0,,0.3,0.3,51.0,0,18,10.0,56.0,0.0,0,0,0,0,0.0,9.0,9.333333333333334,0.0,17.0,9.8,0.0,17.0,25.0,7.333333333333333,8.6,0.3,0.0,11.0
2023,19,10,10,1.0,15.0,71,Finished,+1:02.879,ocon,OCO,31,Esteban,Ocon,French,alpine,Alpine F1 Team,French,Mexico City Grand Prix,2023-10-29,rodriguez,Autódromo Hermanos Rodríguez,Mexico,16.0,79.08,,-1.0,,0.3,0.3,51.0,0,18,12.0,44.0,0.0,0,0,0,0,-1.0,8.0,11.333333333333334,0.3333333333333333,8.0,14.2,0.6,17.0,25.0,7.333333333333333,8.6,0.3,5.0,8.0
2023,19,18,W,0.0,13.0,47,Withdrew,,alonso,ALO,14,Fernando,Alonso,Spanish,aston_martin,Aston Martin,British,Mexico City Grand Prix,2023-10-29,rodriguez,Autódromo Hermanos Rodríguez,Mexico,13.0,78.738,,-1.0,,0.3,0.3,51.0,0,18,4.0,183.0,0.0,1,0,0,0,0.0,12.0,10.0,0.3333333333333333,14.0,10.8,0.2,18.0,20.0,7.0,9.0,0.3,0.0,19.0
2023,19,17,17,0.0,,66,Collision damage,,stroll,STR,18,Lance,Stroll,Canadian,aston_martin,Aston Martin,British,Mexico City Grand Prix,2023-10-29,rodriguez,Autódromo Hermanos Rodríguez,Mexico,18.0,79.227,,-1.0,,0.3,0.3,51.0,0,18,11.0,53.0,0.0,1,0,0,0,,6.0,12.0,0.3333333333333333,6.0,14.4,0.4,18.0,20.0,7.0,9.0,0.3,5.0,15.0
2023,19,3,3,15.0,1.0,71,Finished,+23.124,leclerc,LEC,16,Charles,Leclerc,Monegasque,ferrari,Ferrari,Italian,Mexico City Grand Prix,2023-10-29,rodriguez,Autódromo Hermanos Rodríguez,Mexico,1.0,77.166,77.166,-1.0,,0.3,0.3,51.0,0,18,7.0,151.0,0.0,0,0,1,0,0.0,22.0,9.666666666666666,0.3333333333333333,46.0,7.4,0.2,45.0,109.0,4.0,3.2,0.2,0.0,6.0
2023,19,4,4,12.0,2.0,71,Finished,+27.154,sainz,SAI,55,Carlos,Sainz,Spanish,ferrari,Ferrari,Italian,Mexico City Grand Prix,2023-10-29,rodriguez,Autódromo Hermanos Rodríguez,Mexico,2.0,77.233,77.233,-1.0,,0.3,0.3,51.0,0,18,5.0,171.0,1.0,0,0,0,0,0.0,23.0,9.666666666666666,0.3333333333333333,63.0,6.6,0.2,45.0,109.0,4.0,3.2,0.2,1.0,5.0
2023,19,13,13,0.0,12.0,71,Finished,+1:20.309,hulkenberg,HUL,27,Nico,Hülkenberg,German,haas,Haas F1 Team,American,Mexico City Grand Prix,2023-10-29,rodriguez,Autódromo Hermanos Rodríguez,Mexico,12.0,78.524,,-1.0,,0.3,0.3,51.0,0,18,15.0,9.0,0.0,0,0,0,0,0.0,0.0,13.666666666666666,0.6666666666666666,0.0,14.2,0.6,0.0,1.0,13.0,13.2,0.7,0.0,
2023,19,19,R,0.0,16.0,31,Accident,,kevin_magnussen,MAG,20,Kevin,Magnussen,Danish,haas,Haas F1 Team,American,Mexico City Grand Prix,2023-10-29,rodriguez,Autódromo Hermanos Rodríguez,Mexico,17.0,79.163,,-1.0,,0.3,0.3,51.0,0,18,18.0,3.0,0.0,1,0,0,0,-1.0,0.0,14.333333333333334,1.0,1.0,14.2,0.8,0.0,1.0,13.0,13.2,0.7,5.0,17.0
2023,19,5,5,10.0,17.0,71,Finished,+33.266,norris,NOR,1,Lando,Norris,British,mclaren,McLaren,British,Mexico City Grand Prix,2023-10-29,rodriguez,Autódromo Hermanos Rodríguez,Mexico,19.0,81.554,,-1.0,,0.3,0.3,51.0,0,18,6.0,159.0,0.0,0,0,0,0,-2.0,51.0,2.3333333333333335,0.0,73.0,3.4,0.0,84.0,112.0,2.0,3.2,0.1,12.0,9.0
2023,19,8,8,4.0,7.0,71,Finished,+43.104,piastri,PIA,81,Oscar,Piastri,Australian,mclaren,McLaren,British,Mexico City Grand Prix,2023-10-29,rodriguez,Autódromo Hermanos Rodríguez,Mexico,7.0,77.623,77.623,-1.0,,0.3,0.3,51.0,0,18,9.0,83.0,0.0,0,0,0,0,0.0,33.0,7.333333333333333,0.3333333333333333,39.0,8.2,0.2,84.0,112.0,2.0,3.2,0.1,0.0,
2023,19,2,2,19.0,6.0,71,Finished,+13.875,hamilton,HAM,44,Lewis,Hamilton,British,mercedes,Mercedes,German,Mexico City Grand Prix,2023-10-29,rodriguez,Autódromo Hermanos Rodríguez,Mexico,6.0,77.45400000000001,77.45400000000001,-1.0,,0.3,0.3,51.0,0,18,3.0,201.0,0.0,0,0,1,0,0.0,10.0,14.333333333333334,0.6666666666666666,34.0,10.4,0.4,38.0,72.0,4.666666666666667,4.4,0.3,0.0,2.0
2023,19,6,6,8.0,8.0,71,Finished,+41.020,russell,RUS,63,George,Russell,British,mercedes,Mercedes,German,Mexico City Grand Prix,2023-10-29,rodriguez,Autódromo Hermanos Rodríguez,Mexico,8.0,77.674,77.674,-1.0,,0.3,0.3,51.0,0,18,8.0,143.0,0.0,0,0,0,0,0.0,28.0,5.333333333333333,0.0,38.0,7.4,0.2,38.0,72.0,4.666666666666667,4.4,0.3,2.0,4.0
2023,19,1,1,25.0,3.0,71,Finished,2:02:30.814,max_verstappen,VER,3,Max,Verstappen,Dutch,red_bull,Red Bull,Austrian,Mexico City Grand Prix,2023-10-29,rodriguez,Autódromo Hermanos Rodríguez,Mexico,3.0,77.263,77.263,-1.0,,0.3,0.3,51.0,0,18,1.0,466.0,15.0,0,1,1,0,0.0,77.0,1.0,0.0,112.0,1.8,0.0,90.0,147.0,1.0,1.8,0.1,0.0,1.0
2023,19,20,R,0.0,5.0,1,Collision damage,,perez,PER,11,Sergio,Pérez,Mexican,red_bull,Red Bull,Austrian,Mexico City Grand Prix,2023-10-29,rodriguez,Autódromo Hermanos Rodríguez,Mexico,5.0,77.423,77.423,-1.0,,0.3,0.3,51.0,0,18,2.0,240.0,2.0,1,0,0,0,0.0,13.0,11.0,0.3333333333333333,35.0,8.6,0.2,90.0,147.0,1.0,1.8,0.1,2.0,3.0
2023,19,9,9,2.0,14.0,71,Finished,+48.573,albon,ALB,23,Alexander,Albon,Thai,williams,Williams,British,Mexico City Grand Prix,2023-10-29,rodriguez,Autódromo Hermanos Rodríguez,Mexico,14.0,79.14699999999999,,-1.0,,0.3,0.3,51.0,0,18,13.0,25.0,0.0,0,0,0,0,0.0,2.0,12.666666666666666,0.3333333333333333,8.0,11.2,0.2,3.0,9.0,12.666666666666666,11.2,0.3,0.0,12.0
2023,19,16,16,0.0,19.0,70,Retired,,sargeant,SAR,2,Logan,Sargeant,American,williams,Williams,British,Mexico City Grand Prix,2023-10-29,rodriguez,Autódromo Hermanos Rodríguez,Mexico,20.0,,,-1.0,,0.3,0.3,51.0,0,18,20.0,1.0,0.0,1,0,0,0,-1.0,1.0,15.0,0.6666666666666666,1.0,14.4,0.4,3.0,9.0,12.666666666666666,11.2,0.3,6.0,
2023,20,16,R,0.0,18.0,39,Retired,,bottas,BOT,77,Valtteri,Bottas,Finnish,alfa,Alfa Romeo,Swiss,São Paulo Grand Prix,2023-11-05,interlagos,Autódromo José Carlos Pace,Brazil,18.0,70.955,,19.0,0.0,0.3,0.3,51.0,0,19,14.0,10.0,0.0,1,0,0,1,0.0,4.0,11.666666666666666,0.0,4.0,14.4,0.4,6.0,6.0,11.333333333333334,11.8,0.4,0.0,9.0
2023,20,17,R,0.0,20.0,22,Retired,,zhou,ZHO,24,Guanyu,Zhou,Chinese,alfa,Alfa Romeo,Swiss,São Paulo Grand Prix,2023-11-05,interlagos,Autódromo José Carlos Pace,Brazil,20.0,71.275,,17.0,0.0,0.3,0.3,51.0,0,19,18.0,6.0,0.0,1,0,0,1,0.0,2.0,12.0,0.3333333333333333,2.0,12.2,0.4,6.0,6.0,11.333333333333334,11.8,0.4,2.0,12.0
2023,20,13,13,0.0,17.0,70,Lapped,+1:09.961,ricciardo,RIC,3,Daniel,Ricciardo,Australian,alphatauri,AlphaTauri,Italian,São Paulo Grand Prix,2023-11-05,interlagos,Autódromo José Carlos Pace,Brazil,17.0,70.843,,9.0,0.0,0.3,0.3,51.0,0,19,17.0,6.0,0.0,1,0,0,1,0.0,6.0,12.666666666666666,0.3333333333333333,8.0,12.0,0.4,11.0,13.0,10.0,10.0,0.6,1.0,20.0
2023,20,9,9,2.0,16.0,71,Finished,+1:09.880,tsunoda,TSU,22,Yuki,Tsunoda,Japanese,alphatauri,AlphaTauri,Italian,São Paulo Grand Prix,2023-11-05,interlagos,Autódromo José Carlos Pace,Brazil,16.0,70.837,,6.0,3.0,0.3,0.3,51.0,0,19,16.0,8.0,0.0,0,0,0,1,0.0,5.0,11.666666666666666,0.3333333333333333,5.0,13.2,0.6,11.0,13.0,10.0,10.0,0.6,0.0,17.0
2023,20,7,7,6.0,15.0,71,Finished,+56.093,gasly,GAS,10,Pierre,Gasly,French,alpine,Alpine F1 Team,French,São Paulo Grand Prix,2023-11-05,interlagos,Autódromo José Carlos Pace,Brazil,13.0,70.56700000000001,,13.0,0.0,0.3,0.3,51.0,0,19,10.0,56.0,0.0,0,0,0,1,2.0,8.0,9.666666666666666,0.0,17.0,9.0,0.0,15.0,26.0,7.666666666666667,7.6,0.2,1.0,14.0
2023,20,10,10,1.0,14.0,70,Lapped,+9.841,ocon,OCO,31,Esteban,Ocon,French,alpine,Alpine F1 Team,French,São Paulo Grand Prix,2023-11-05,interlagos,Autódromo José Carlos Pace,Brazil,12.0,70.562,,14.0,0.0,0.3,0.3,51.0,0,19,12.0,45.0,0.0,1,0,0,1,2.0,7.0,11.666666666666666,0.3333333333333333,9.0,12.4,0.4,15.0,26.0,7.666666666666667,7.6,0.2,0.0,8.0
2023,20,3,3,15.0,4.0,71,Finished,+34.155,alonso,ALO,14,Fernando,Alonso,Spanish,aston_martin,Aston Martin,British,São Paulo Grand Prix,2023-11-05,interlagos,Autódromo José Carlos Pace,Brazil,4.0,71.387,71.387,11.0,0.0,0.3,0.3,51.0,0,19,5.0,183.0,0.0,0,0,1,1,0.0,8.0,13.333333333333334,0.6666666666666666,12.0,12.6,0.4,14.0,18.0,10.0,10.6,0.5,1.0,5.0
2023,20,5,5,10.0,3.0,71,Finished,+40.845,stroll,STR,18,Lance,Stroll,Canadian,aston_martin,Aston Martin,British,São Paulo Grand Prix,2023-11-05,interlagos,Autódromo José Carlos Pace,Brazil,3.0,71.344,71.344,12.0,0.0,0.3,0.3,51.0,0,19,11.0,53.0,0.0,0,0,0,1,0.0,6.0,11.666666666666666,0.3333333333333333,6.0,14.6,0.6,14.0,18.0,10.0,10.6,0.5,0.0,10.0
2023,20,20,W,0.0,2.0,0,Did not start,,leclerc,LEC,16,Charles,Leclerc,Monegasque,ferrari,Ferrari,Italian,São Paulo Grand Prix,2023-11-05,interlagos,Autódromo José Carlos Pace,Brazil,2.0,71.021,71.021,5.0,4.0,0.3,0.3,51.0,0,19,7.0,166.0,0.0,1,0,0,1,0.0,25.0,9.333333333333334,0.3333333333333333,49.0,7.2,0.2,52.0,109.0,3.6666666666666665,3.2,0.2,0.0,4.0
2023,20,6,6,8.0,7.0,71,Finished,+50.188,sainz,SAI,55,Carlos,Sainz,Spanish,ferrari,Ferrari,Italian,São Paulo Grand Prix,2023-11-05,interlagos,Autódromo José Carlos Pace,Brazil,8.0,71.989,71.989,8.0,1.0,0.3,0.3,51.0,0,19,4.0,183.0,1.0,0,0,0,1,-1.0,27.0,9.0,0.3333333333333333,60.0,6.8,0.2,52.0,109.0,3.6666666666666665,3.2,0.2,6.0,3.0
2023,20,12,12,0.0,11.0,70,Lapped,+29.960,hulkenberg,HUL,27,Nico,Hülkenberg,German,haas,Haas F1 Team,American,São Paulo Grand Prix,2023-11-05,interlagos,Autódromo José Carlos Pace,Brazil,11.0,70.547,,18.0,0.0,0.3,0.3,51.0,0,19,15.0,9.0,0.0,1,0,0,1,0.0,0.0,13.333333333333334,0.3333333333333333,0.0,13.4,0.4,0.0,1.0,12.666666666666666,12.4,0.6,0.0,
2023,20,18,R,0.0,12.0,0,Retired,,kevin_magnussen,MAG,20,Kevin,Magnussen,Danish,haas,Haas F1 Team,American,São Paulo Grand Prix,2023-11-05,interlagos,Autódromo José Carlos Pace,Brazil,14.0,70.723,,16.0,0.0,0.3,0.3,51.0,0,19,19.0,3.0,0.0,1,0,0,1,-2.0,0.0,15.666666666666666,1.0,1.0,14.4,0.8,0.0,1.0,12.666666666666666,12.4,0.6,3.0,19.0
2023,20,2,2,19.0,6.0,71,Finished,+8.277,norris,NOR,1,Lando,Norris,British,mclaren,McLaren,British,São Paulo Grand Prix,2023-11-05,interlagos,Autódromo José Carlos Pace,Brazil,7.0,71.987,71.987,2.0,7.0,0.3,0.3,51.0,0,19,6.0,169.0,0.0,0,0,1,1,-1.0,43.0,3.3333333333333335,0.0,79.0,2.8,0.0,65.0,122.0,3.0,2.6,0.1,0.0,18.0
2023,20,14,14,0.0,10.0,69,Lapped,+3.636,piastri,PIA,81,Oscar,Piastri,Australian,mclaren,McLaren,British,São Paulo Grand Prix,2023-11-05,interlagos,Autódromo José Carlos Pace,Brazil,10.0,70.33,,10.0,0.0,0.3,0.3,51.0,0,19,9.0,87.0,0.0,1,0,0,1,0.0,22.0,9.0,0.3333333333333333,43.0,7.4,0.2,65.0,122.0,3.0,2.6,0.1,3.0,
2023,20,8,8,4.0,5.0,71,Finished,+1:02.859,hamilton,HAM,44,Lewis,Hamilton,British,mercedes,Mercedes,German,São Paulo Grand Prix,2023-11-05,interlagos,Autódromo José Carlos Pace,Brazil,5.0,71.469,71.469,7.0,2.0,0.3,0.3,51.0,0,19,3.0,220.0,0.0,0,0,0,1,0.0,19.0,13.333333333333334,0.6666666666666666,45.0,9.6,0.4,49.0,81.0,3.6666666666666665,3.8,0.3,0.0,2.0
2023,20,15,R,0.0,8.0,57,Retired,,russell,RUS,63,George,Russell,British,mercedes,Mercedes,German,São Paulo Grand Prix,2023-11-05,interlagos,Autódromo José Carlos Pace,Brazil,6.0,71.59,71.59,4.0,5.0,0.3,0.3,51.0,0,19,8.0,151.0,0.0,1,0,0,1,2.0,30.0,5.0,0.0,36.0,7.6,0.2,49.0,81.0,3.6666666666666665,3.8,0.3,1.0,1.0
2023,20,1,1,25.0,1.0,71,Finished,1:56:48.894,max_verstappen,VER,3,Max,Verstappen,Dutch,red_bull,Red Bull,Austrian,São Paulo Grand Prix,2023-11-05,interlagos,Autódromo José Carlos Pace,Brazil,1.0,70.727,70.727,1.0,8.0,0.3,0.3,51.0,0,19,1.0,491.0,16.0,0,1,1,1,0.0,76.0,1.0,0.0,112.0,1.8,0.0,89.0,129.0,1.0,1.8,0.2,0.0,6.0
2023,20,4,4,12.0,9.0,71,Finished,+34.208,perez,PER,11,Sergio,Pérez,Mexican,red_bull,Red Bull,Austrian,São Paulo Grand Prix,2023-11-05,interlagos,Autódromo José Carlos Pace,Brazil,9.0,72.321,72.321,3.0,6.0,0.3,0.3,51.0,0,19,2.0,240.0,2.0,0,0,0,1,0.0,13.0,11.333333333333334,0.3333333333333333,17.0,12.2,0.4,89.0,129.0,1.0,1.8,0.2,8.0,7.0
2023,20,19,R,0.0,13.0,0,Retired,,albon,ALB,23,Alexander,Albon,Thai,williams,Williams,British,São Paulo Grand Prix,2023-11-05,interlagos,Autódromo José Carlos Pace,Brazil,15.0,70.84,,15.0,0.0,0.3,0.3,51.0,0,19,13.0,27.0,0.0,1,0,0,1,-2.0,4.0,10.333333333333334,0.0,4.0,11.6,0.2,5.0,5.0,10.333333333333334,11.6,0.4,0.0,15.0
2023,20,11,11,0.0,19.0,70,Lapped,+26.208,sargeant,SAR,2,Logan,Sargeant,American,williams,Williams,British,São Paulo Grand Prix,2023-11-05,interlagos,Autódromo José Carlos Pace,Brazil,19.0,71.035,,20.0,0.0,0.3,0.3,51.0,0,19,21.0,1.0,0.0,1,0,0,1,0.0,1.0,14.666666666666666,0.6666666666666666,1.0,15.0,0.6,5.0,5.0,10.333333333333334,11.6,0.4,4.0,
2023,21,17,17,0.0,7.0,50,Finished,+1:25.350,bottas,BOT,77,Valtteri,Bottas,Finnish,alfa,Alfa Romeo,Swiss,Las Vegas Grand Prix,2023-11-19,vegas,Las Vegas Strip Street Circuit,USA,8.0,93.525,93.525,-1.0,,0.0,0.0,2.0,0,20,15.0,10.0,0.0,0,0,0,0,-1.0,0.0,14.333333333333334,0.3333333333333333,4.0,14.2,0.4,0.0,6.0,14.0,12.6,0.5,0.0,
2023,21,15,15,0.0,17.0,50,Finished,+50.162,zhou,ZHO,24,Guanyu,Zhou,Chinese,alfa,Alfa Romeo,Swiss,Las Vegas Grand Prix,2023-11-19,vegas,Las Vegas Strip Street Circuit,USA,18.0,94.84899999999999,,-1.0,,0.0,0.0,2.0,0,20,18.0,6.0,0.0,0,0,0,0,-1.0,0.0,14.666666666666666,0.6666666666666666,2.0,13.2,0.6,0.0,6.0,14.0,12.6,0.5,10.0,
2023,21,14,14,0.0,14.0,50,Finished,+48.525,ricciardo,RIC,3,Daniel,Ricciardo,Australian,alphatauri,AlphaTauri,Italian,Las Vegas Grand Prix,2023-11-19,vegas,Las Vegas Strip Street Circuit,USA,15.0,94.30799999999999,,-1.0,,0.0,0.0,2.0,0,20,17.0,6.0,0.0,0,0,0,0,-1.0,6.0,11.666666666666666,0.6666666666666666,6.0,12.8,0.6,13.0,13.0,8.0,10.0,0.6,0.0,
2023,21,18,18,0.0,20.0,46,Retired,,tsunoda,TSU,22,Yuki,Tsunoda,Japanese,alphatauri,AlphaTauri,Italian,Las Vegas Grand Prix,2023-11-19,vegas,Las Vegas Strip Street Circuit,USA,20.0,96.447,,-1.0,,0.0,0.0,2.0,0,20,14.0,13.0,0.0,1,0,0,0,0.0,7.0,9.666666666666666,0.0,7.0,11.2,0.4,13.0,13.0,8.0,10.0,0.6,5.0,
2023,21,11,11,0.0,4.0,50,Finished,+34.270,gasly,GAS,10,Pierre,Gasly,French,alpine,Alpine F1 Team,French,Las Vegas Grand Prix,2023-11-19,vegas,Las Vegas Strip Street Circuit,USA,5.0,93.239,93.239,-1.0,,0.0,0.0,2.0,0,20,11.0,62.0,0.0,0,0,0,0,-1.0,14.0,8.0,0.0,15.0,9.2,0.0,16.0,25.0,7.666666666666667,7.8,0.2,0.0,
2023,21,4,4,12.0,16.0,50,Finished,+18.665,ocon,OCO,31,Esteban,Ocon,French,alpine,Alpine F1 Team,French,Las Vegas Grand Prix,2023-11-19,vegas,Las Vegas Strip Street Circuit,USA,17.0,94.834,,-1.0,,0.0,0.0,2.0,0,20,12.0,46.0,0.0,0,0,0,0,-1.0,2.0,12.666666666666666,0.6666666666666666,10.0,10.8,0.4,16.0,25.0,7.666666666666667,7.8,0.2,12.0,
2023,21,9,9,2.0,9.0,50,Finished,+25.964,alonso,ALO,14,Fernando,Alonso,Spanish,aston_martin,Aston Martin,British,Las Vegas Grand Prix,2023-11-19,vegas,Las Vegas Strip Street Circuit,USA,10.0,93.555,93.555,-1.0,,0.0,0.0,2.0,0,20,4.0,198.0,0.0,0,0,0,0,-1.0,15.0,12.333333333333334,0.6666666666666666,27.0,10.2,0.4,31.0,43.0,9.0,8.2,0.4,0.0,
2023,21,5,5,10.0,19.0,50,Finished,+20.067,stroll,STR,18,Lance,Stroll,Canadian,aston_martin,Aston Martin,British,Las Vegas Grand Prix,2023-11-19,vegas,Las Vegas Strip Street Circuit,USA,14.0,94.199,,-1.0,,0.0,0.0,2.0,0,20,10.0,63.0,0.0,0,0,0,0,5.0,16.0,9.666666666666666,0.3333333333333333,16.0,11.6,0.4,31.0,43.0,9.0,8.2,0.4,4.0,
2023,21,2,2,18.0,1.0,50,Finished,+2.070,leclerc,LEC,16,Charles,Leclerc,Monegasque,ferrari,Ferrari,Italian,Las Vegas Grand Prix,2023-11-19,vegas,Las Vegas Strip Street Circuit,USA,1.0,92.726,92.726,-1.0,,0.0,0.0,2.0,0,20,7.0,170.0,0.0,0,0,1,0,0.0,15.0,14.333333333333334,0.6666666666666666,37.0,10.4,0.4,50.0,80.0,4.0,4.2,0.3,0.0,
2023,21,6,6,8.0,12.0,50,Finished,+20.834,sainz,SAI,55,Carlos,Sainz,Spanish,ferrari,Ferrari,Italian,Las Vegas Grand Prix,2023-11-19,vegas,Las Vegas Strip Street Circuit,USA,2.0,92.77000000000001,92.77000000000001,-1.0,,0.0,0.0,2.0,0,20,6.0,192.0,1.0,0,0,0,0,10.0,35.0,4.333333333333333,0.0,43.0,7.8,0.2,50.0,80.0,4.0,4.2,0.3,1.0,
2023,21,19,19,0.0,13.0,45,Retired,,hulkenberg,HUL,27,Nico,Hülkenberg,German,haas,Haas F1 Team,American,Las Vegas Grand Prix,2023-11-19,vegas,Las Vegas Strip Street Circuit,USA,13.0,93.979,,-1.0,,0.0,0.0,2.0,0,20,16.0,9.0,0.0,1,0,0,0,0.0,0.0,12.0,0.3333333333333333,0.0,13.2,0.6,0.0,0.0,12.0,12.8,0.8,4.0,
2023,21,13,13,0.0,8.0,50,Finished,+44.825,kevin_magnussen,MAG,20,Kevin,Magnussen,Danish,haas,Haas F1 Team,American,Las Vegas Grand Prix,2023-11-19,vegas,Las Vegas Strip Street Circuit,USA,9.0,93.537,93.537,-1.0,,0.0,0.0,2.0,0,20,19.0,3.0,0.0,0,0,0,0,-1.0,0.0,17.0,1.0,0.0,16.0,1.0,0.0,0.0,12.0,12.8,0.8,0.0,
2023,21,20,R,0.0,15.0,2,Retired,,norris,NOR,1,Lando,Norris,British,mclaren,McLaren,British,Las Vegas Grand Prix,2023-11-19,vegas,Las Vegas Strip Street Circuit,USA,16.0,94.703,,-1.0,,0.0,0.0,2.0,0,20,5.0,195.0,0.0,1,0,0,0,-1.0,47.0,3.0,0.0,80.0,2.8,0.0,51.0,117.0,3.0,2.6,0.2,0.0,
2023,21,10,10,2.0,18.0,50,Finished,+29.496,piastri,PIA,81,Oscar,Piastri,Australian,mclaren,McLaren,British,Las Vegas Grand Prix,2023-11-19,vegas,Las Vegas Strip Street Circuit,USA,19.0,94.85,,-1.0,,0.0,0.0,2.0,0,20,9.0,87.0,0.0,0,0,0,0,-1.0,4.0,13.0,0.6666666666666666,37.0,8.8,0.4,51.0,117.0,3.0,2.6,0.2,3.0,
2023,21,7,7,6.0,10.0,50,Finished,+21.755,hamilton,HAM,44,Lewis,Hamilton,British,mercedes,Mercedes,German,Las Vegas Grand Prix,2023-11-19,vegas,Las Vegas Strip Street Circuit,USA,11.0,93.837,,-1.0,,0.0,0.0,2.0,0,20,3.0,226.0,0.0,0,0,0,0,-1.0,23.0,9.666666666666666,0.3333333333333333,33.0,10.6,0.4,41.0,69.0,5.0,4.8,0.3,7.0,
2023,21,8,8,4.0,3.0,50,Finished,+23.091,russell,RUS,63,George,Russell,British,mercedes,Mercedes,German,Las Vegas Grand Prix,2023-11-19,vegas,Las Vegas Strip Street Circuit,USA,4.0,93.112,93.112,-1.0,,0.0,0.0,2.0,0,20,8.0,156.0,0.0,0,0,0,0,-1.0,18.0,8.666666666666666,0.3333333333333333,36.0,7.4,0.2,41.0,69.0,5.0,4.8,0.3,0.0,
2023,21,1,1,25.0,2.0,50,Finished,1:29:08.289,max_verstappen,VER,3,Max,Verstappen,Dutch,red_bull,Red Bull,Austrian,Las Vegas Grand Prix,2023-11-19,vegas,Las Vegas Strip Street Circuit,USA,3.0,93.104,93.104,-1.0,,0.0,0.0,2.0,0,20,1.0,524.0,17.0,0,1,1,0,-1.0,75.0,1.0,0.0,127.0,1.0,0.0,99.0,152.0,1.0,1.0,0.2,0.0,
2023,21,3,3,15.0,11.0,50,Finished,+2.241,perez,PER,11,Sergio,Pérez,Mexican,red_bull,Red Bull,Austrian,Las Vegas Grand Prix,2023-11-19,vegas,Las Vegas Strip Street Circuit,USA,12.0,93.85499999999999,,-1.0,,0.0,0.0,2.0,0,20,2.0,258.0,2.0,0,0,1,0,-1.0,24.0,9.333333333333334,0.3333333333333333,25.0,11.4,0.4,99.0,152.0,1.0,1.0,0.2,9.0,
2023,21,12,12,0.0,5.0,50,Finished,+43.398,albon,ALB,23,Alexander,Albon,Thai,williams,Williams,British,Las Vegas Grand Prix,2023-11-19,vegas,Las Vegas Strip Street Circuit,USA,6.0,93.32300000000001,93.32300000000001,-1.0,,0.0,0.0,2.0,0,20,13.0,27.0,0.0,0,0,0,0,-1.0,4.0,12.333333333333334,0.3333333333333333,4.0,13.2,0.4,5.0,5.0,9.666666666666666,11.6,0.6,0.0,
2023,21,16,16,0.0,6.0,50,Finished,+50.882,sargeant,SAR,2,Logan,Sargeant,American,williams,Williams,British,Las Vegas Grand Prix,2023-11-19,vegas,Las Vegas Strip Street Circuit,USA,7.0,93.513,93.513,-1.0,,0.0,0.0,2.0,0,20,21.0,1.0,0.0,0,0,0,0,-1.0,1.0,12.333333333333334,0.6666666666666666,1.0,14.4,0.8,5.0,5.0,9.666666666666666,11.6,0.6,1.0,
2023,22,19,19,0.0,18.0,57,Lapped,+12.411,bottas,BOT,77,Valtteri,Bottas,Finnish,alfa,Alfa Romeo,Swiss,Abu Dhabi Grand Prix,2023-11-26,yas_marina,Yas Marina Circuit,UAE,18.0,84.788,,-1.0,,0.0,0.0,3.0,0,21,15.0,10.0,0.0,1,0,0,0,0.0,0.0,16.0,0.3333333333333333,4.0,13.6,0.2,0.0,6.0,15.0,13.0,0.3,0.0,15.0
2023,22,17,17,0.0,19.0,58,Finished,+1:29.422,zhou,ZHO,24,Guanyu,Zhou,Chinese,alfa,Alfa Romeo,Swiss,Abu Dhabi Grand Prix,2023-11-26,yas_marina,Yas Marina Circuit,UAE,19.0,85.15899999999999,,-1.0,,0.0,0.0,3.0,0,21,18.0,6.0,0.0,0,0,0,0,0.0,0.0,15.333333333333334,0.3333333333333333,2.0,13.6,0.4,0.0,6.0,15.0,13.0,0.3,1.0,12.0
2023,22,11,11,0.0,15.0,58,Finished,+56.229,ricciardo,RIC,3,Daniel,Ricciardo,Australian,alphatauri,AlphaTauri,Italian,Abu Dhabi Grand Prix,2023-11-26,yas_marina,Yas Marina Circuit,UAE,15.0,84.44200000000001,,-1.0,,0.0,0.0,3.0,0,21,17.0,6.0,0.0,0,0,0,0,0.0,6.0,11.333333333333334,0.3333333333333333,6.0,13.0,0.4,8.0,13.0,10.0,10.6,0.5,9.0,9.0
2023,22,8,8,4.0,6.0,58,Finished,+43.088,tsunoda,TSU,22,Yuki,Tsunoda,Japanese,alphatauri,AlphaTauri,Italian,Abu Dhabi Grand Prix,2023-11-26,yas_marina,Yas Marina Circuit,UAE,6.0,83.968,83.968,-1.0,,0.0,0.0,3.0,0,21,14.0,13.0,0.0,0,0,0,0,0.0,2.0,13.0,0.3333333333333333,7.0,12.4,0.4,8.0,13.0,10.0,10.6,0.5,0.0,11.0
2023,22,13,13,0.0,10.0,58,Finished,+1:10.360,gasly,GAS,10,Pierre,Gasly,French,alpine,Alpine F1 Team,French,Abu Dhabi Grand Prix,2023-11-26,yas_marina,Yas Marina Circuit,UAE,10.0,84.548,84.548,-1.0,,0.0,0.0,3.0,0,21,11.0,62.0,0.0,0,0,0,0,0.0,6.0,9.666666666666666,0.0,14.0,9.4,0.0,20.0,34.0,7.0,6.8,0.2,0.0,14.0
2023,22,12,12,0.0,12.0,58,Finished,+1:06.373,ocon,OCO,31,Esteban,Ocon,French,alpine,Alpine F1 Team,French,Abu Dhabi Grand Prix,2023-11-26,yas_marina,Yas Marina Circuit,UAE,12.0,84.39099999999999,,-1.0,,0.0,0.0,3.0,0,21,12.0,58.0,0.0,0,0,0,0,0.0,14.0,8.0,0.3333333333333333,20.0,9.8,0.4,20.0,34.0,7.0,6.8,0.2,2.0,7.0
2023,22,7,7,6.0,7.0,58,Finished,+39.512,alonso,ALO,14,Fernando,Alonso,Spanish,aston_martin,Aston Martin,British,Abu Dhabi Grand Prix,2023-11-26,yas_marina,Yas Marina Circuit,UAE,7.0,84.084,84.084,-1.0,,0.0,0.0,3.0,0,21,5.0,200.0,0.0,0,0,0,0,0.0,17.0,10.0,0.3333333333333333,25.0,10.4,0.4,37.0,51.0,8.333333333333334,7.6,0.3,0.0,20.0
2023,22,10,10,1.0,13.0,58,Finished,+55.632,stroll,STR,18,Lance,Stroll,Canadian,aston_martin,Aston Martin,British,Abu Dhabi Grand Prix,2023-11-26,yas_marina,Yas Marina Circuit,UAE,13.0,84.422,,-1.0,,0.0,0.0,3.0,0,21,10.0,73.0,0.0,0,0,0,0,0.0,20.0,9.0,0.3333333333333333,26.0,9.0,0.2,37.0,51.0,8.333333333333334,7.6,0.3,6.0,8.0
2023,22,2,2,18.0,2.0,58,Finished,+17.993,leclerc,LEC,16,Charles,Leclerc,Monegasque,ferrari,Ferrari,Italian,Abu Dhabi Grand Prix,2023-11-26,yas_marina,Yas Marina Circuit,UAE,2.0,83.584,83.584,-1.0,,0.0,0.0,3.0,0,21,7.0,188.0,0.0,0,0,1,0,0.0,33.0,8.333333333333334,0.3333333333333333,43.0,10.0,0.4,61.0,86.0,3.6666666666666665,3.8,0.3,0.0,2.0
2023,22,18,18,0.0,16.0,57,Retired,,sainz,SAI,55,Carlos,Sainz,Spanish,ferrari,Ferrari,Italian,Abu Dhabi Grand Prix,2023-11-26,yas_marina,Yas Marina Circuit,UAE,16.0,84.738,,-1.0,,0.0,0.0,3.0,0,21,4.0,200.0,1.0,1,0,0,0,0.0,28.0,5.333333333333333,0.0,43.0,7.8,0.2,61.0,86.0,3.6666666666666665,3.8,0.3,14.0,4.0
2023,22,15,15,0.0,8.0,58,Finished,+1:23.696,hulkenberg,HUL,27,Nico,Hülkenberg,German,haas,Haas F1 Team,American,Abu Dhabi Grand Prix,2023-11-26,yas_marina,Yas Marina Circuit,UAE,8.0,84.108,84.108,-1.0,,0.0,0.0,3.0,0,21,16.0,9.0,0.0,0,0,0,0,0.0,0.0,14.666666666666666,0.6666666666666666,0.0,14.2,0.6,0.0,0.0,12.666666666666666,12.6,0.7,0.0,
2023,22,20,20,0.0,17.0,57,Lapped,+14.876,kevin_magnussen,MAG,20,Kevin,Magnussen,Danish,haas,Haas F1 Team,American,Abu Dhabi Grand Prix,2023-11-26,yas_marina,Yas Marina Circuit,UAE,17.0,84.764,,-1.0,,0.0,0.0,3.0,0,21,19.0,3.0,0.0,1,0,0,0,0.0,0.0,16.666666666666668,0.6666666666666666,0.0,15.6,0.8,0.0,0.0,12.666666666666666,12.6,0.7,9.0,17.0
2023,22,5,5,10.0,5.0,58,Finished,+24.284,norris,NOR,1,Lando,Norris,British,mclaren,McLaren,British,Abu Dhabi Grand Prix,2023-11-26,yas_marina,Yas Marina Circuit,UAE,5.0,83.816,83.816,-1.0,,0.0,0.0,3.0,0,21,6.0,195.0,0.0,0,0,0,0,0.0,29.0,9.0,0.3333333333333333,62.0,6.4,0.2,35.0,86.0,5.666666666666667,4.2,0.3,2.0,6.0
2023,22,6,6,8.0,3.0,58,Finished,+31.487,piastri,PIA,81,Oscar,Piastri,Australian,mclaren,McLaren,British,Abu Dhabi Grand Prix,2023-11-26,yas_marina,Yas Marina Circuit,UAE,3.0,83.782,83.782,-1.0,,0.0,0.0,3.0,0,21,9.0,89.0,0.0,0,0,0,0,0.0,6.0,10.666666666666666,0.3333333333333333,24.0,10.2,0.4,35.0,86.0,5.666666666666667,4.2,0.3,0.0,
2023,22,9,9,2.0,11.0,58,Finished,+44.424,hamilton,HAM,44,Lewis,Hamilton,British,mercedes,Mercedes,German,Abu Dhabi Grand Prix,2023-11-26,yas_marina,Yas Marina Circuit,UAE,11.0,84.35900000000001,,-1.0,,0.0,0.0,3.0,0,21,3.0,232.0,0.0,0,0,0,0,0.0,29.0,5.666666666666667,0.0,29.0,11.0,0.4,41.0,63.0,5.666666666666667,5.2,0.3,7.0,18.0
2023,22,3,3,15.0,4.0,58,Finished,+20.328,russell,RUS,63,George,Russell,British,mercedes,Mercedes,German,Abu Dhabi Grand Prix,2023-11-26,yas_marina,Yas Marina Circuit,UAE,4.0,83.788,83.788,-1.0,,0.0,0.0,3.0,0,21,8.0,160.0,0.0,0,0,1,0,0.0,12.0,9.666666666666666,0.3333333333333333,34.0,7.6,0.2,41.0,63.0,5.666666666666667,5.2,0.3,0.0,5.0
2023,22,1,1,26.0,1.0,58,Finished,1:27:02.624,max_verstappen,VER,3,Max,Verstappen,Dutch,red_bull,Red Bull,Austrian,Abu Dhabi Grand Prix,2023-11-26,yas_marina,Yas Marina Circuit,UAE,1.0,83.445,83.445,-1.0,,0.0,0.0,3.0,0,21,1.0,549.0,18.0,0,1,1,0,0.0,75.0,1.0,0.0,126.0,1.0,0.0,102.0,166.0,1.0,1.0,0.1,0.0,1.0
2023,22,4,4,12.0,9.0,58,Finished,+21.453,perez,PER,11,Sergio,Pérez,Mexican,red_bull,Red Bull,Austrian,Abu Dhabi Grand Prix,2023-11-26,yas_marina,Yas Marina Circuit,UAE,9.0,84.17099999999999,84.17099999999999,-1.0,,0.0,0.0,3.0,0,21,2.0,273.0,2.0,0,0,0,0,0.0,27.0,9.0,0.3333333333333333,40.0,8.2,0.2,102.0,166.0,1.0,1.0,0.1,8.0,3.0
2023,22,14,14,0.0,14.0,58,Finished,+1:13.184,albon,ALB,23,Alexander,Albon,Thai,williams,Williams,British,Abu Dhabi Grand Prix,2023-11-26,yas_marina,Yas Marina Circuit,UAE,14.0,84.439,,-1.0,,0.0,0.0,3.0,0,21,13.0,27.0,0.0,0,0,0,0,0.0,2.0,13.333333333333334,0.3333333333333333,4.0,12.4,0.2,2.0,5.0,10.666666666666666,10.8,0.4,0.0,13.0
2023,22,16,16,0.0,20.0,58,Finished,+1:27.791,sargeant,SAR,2,Logan,Sargeant,American,williams,Williams,British,Abu Dhabi Grand Prix,2023-11-26,yas_marina,Yas Marina Circuit,UAE,20.0,,,-1.0,,0.0,0.0,3.0,0,21,21.0,1.0,0.0,0,0,0,0,0.0,0.0,14.333333333333334,0.6666666666666666,1.0,14.2,0.6,2.0,5.0,10.666666666666666,10.8,0.4,6.0,
2024,1,18,18,0.0,20.0,56,Lapped,+32.417,gasly,GAS,10,Pierre,Gasly,French,alpine,Alpine F1 Team,French,Bahrain Grand Prix,2024-03-02,bahrain,Bahrain International Circuit,Bahrain,20.0,90.94800000000001,,-1.0,,0.0,0.0,3.0,0,0,,0.0,0.0,1,0,0,0,0.0,6.0,10.333333333333334,0.0,14.0,9.6,0.0,19.0,28.0,7.666666666666667,7.8,0.2,1.0,14.5
2024,1,17,17,0.0,19.0,56,Lapped,+31.450,ocon,OCO,31,Esteban,Ocon,French,alpine,Alpine F1 Team,French,Bahrain Grand Prix,2024-03-02,bahrain,Bahrain International Circuit,Bahrain,19.0,90.793,,-1.0,,0.0,0.0,3.0,0,0,,0.0,0.0,1,0,0,0,0.0,13.0,8.666666666666666,0.3333333333333333,14.0,10.8,0.4,19.0,28.0,7.666666666666667,7.8,0.2,0.0,12.5
2024,1,9,9,2.0,6.0,57,Finished,+1:14.887,alonso,ALO,14,Fernando,Alonso,Spanish,aston_martin,Aston Martin,British,Bahrain Grand Prix,2024-03-02,bahrain,Bahrain International Circuit,Bahrain,6.0,89.542,89.542,-1.0,,0.0,0.0,3.0,0,0,,0.0,0.0,0,0,0,0,0.0,23.0,6.333333333333333,0.0,23.0,10.6,0.4,44.0,50.0,5.0,7.8,0.3,0.0,6.0
2024,1,10,10,1.0,12.0,57,Finished,+1:33.216,stroll,STR,18,Lance,Stroll,Canadian,aston_martin,Aston Martin,British,Bahrain Grand Prix,2024-03-02,bahrain,Bahrain International Circuit,Bahrain,12.0,90.2,,-1.0,,0.0,0.0,3.0,0,0,,0.0,0.0,0,0,0,0,0.0,21.0,6.666666666666667,0.0,27.0,8.8,0.2,44.0,50.0,5.0,7.8,0.3,6.0,9.0
2024,1,4,4,12.0,2.0,57,Finished,+39.669,leclerc,LEC,16,Charles,Leclerc,Monegasque,ferrari,Ferrari,Italian,Bahrain Grand Prix,2024-03-02,bahrain,Bahrain International Circuit,Bahrain,2.0,89.407,89.407,-1.0,,0.0,0.0,3.0,0,0,,0.0,0.0,0,0,0,0,0.0,36.0,8.0,0.3333333333333333,51.0,9.4,0.4,52.0,94.0,3.3333333333333335,3.2,0.3,0.0,10.0
2024,1,3,3,15.0,4.0,57,Finished,+25.110,sainz,SAI,55,Carlos,Sainz,Spanish,ferrari,Ferrari,Italian,Bahrain Grand Prix,2024-03-02,bahrain,Bahrain International Circuit,Bahrain,4.0,89.507,89.507,-1.0,,0.0,0.0,3.0,0,0,,0.0,0.0,0,0,1,0,0.0,16.0,10.0,0.3333333333333333,43.0,7.4,0.2,52.0,94.0,3.3333333333333335,3.2,0.3,2.0,3.0
2024,1,16,16,0.0,10.0,56,Lapped,+17.632,hulkenberg,HUL,27,Nico,Hülkenberg,German,haas,Haas F1 Team,American,Bahrain Grand Prix,2024-03-02,bahrain,Bahrain International Circuit,Bahrain,10.0,90.502,90.502,-1.0,,0.0,0.0,3.0,0,0,,0.0,0.0,1,0,0,0,0.0,0.0,15.333333333333334,0.6666666666666666,0.0,14.0,0.4,0.0,0.0,13.333333333333334,12.8,0.6,0.0,16.0
2024,1,12,12,0.0,15.0,56,Lapped,+8.316,kevin_magnussen,MAG,20,Kevin,Magnussen,Danish,haas,Haas F1 Team,American,Bahrain Grand Prix,2024-03-02,bahrain,Bahrain International Circuit,Bahrain,15.0,90.529,,-1.0,,0.0,0.0,3.0,0,0,,0.0,0.0,1,0,0,0,0.0,0.0,17.0,0.6666666666666666,0.0,16.8,0.8,0.0,0.0,13.333333333333334,12.8,0.6,5.0,9.0
2024,1,6,6,8.0,7.0,57,Finished,+48.458,norris,NOR,1,Lando,Norris,British,mclaren,McLaren,British,Bahrain Grand Prix,2024-03-02,bahrain,Bahrain International Circuit,Bahrain,7.0,89.614,89.614,-1.0,,0.0,0.0,3.0,0,0,,0.0,0.0,0,0,0,0,0.0,29.0,9.0,0.3333333333333333,57.0,6.8,0.2,39.0,71.0,5.666666666666667,4.8,0.3,0.0,16.0
2024,1,8,8,4.0,8.0,57,Finished,+56.082,piastri,PIA,81,Oscar,Piastri,Australian,mclaren,McLaren,British,Bahrain Grand Prix,2024-03-02,bahrain,Bahrain International Circuit,Bahrain,8.0,89.68299999999999,89.68299999999999,-1.0,,0.0,0.0,3.0,0,0,,0.0,0.0,0,0,0,0,0.0,10.0,10.0,0.3333333333333333,14.0,11.0,0.4,39.0,71.0,5.666666666666667,4.8,0.3,1.0,20.0
2024,1,7,7,6.0,9.0,57,Finished,+50.324,hamilton,HAM,44,Lewis,Hamilton,British,mercedes,Mercedes,German,Bahrain Grand Prix,2024-03-02,bahrain,Bahrain International Circuit,Bahrain,9.0,89.71000000000001,89.71000000000001,-1.0,,0.0,0.0,3.0,0,0,,0.0,0.0,0,0,0,0,0.0,12.0,8.0,0.0,31.0,9.0,0.2,31.0,68.0,6.0,5.0,0.2,6.0,4.0
2024,1,5,5,10.0,3.0,57,Finished,+46.788,russell,RUS,63,George,Russell,British,mercedes,Mercedes,German,Bahrain Grand Prix,2024-03-02,bahrain,Bahrain International Circuit,Bahrain,3.0,89.485,89.485,-1.0,,0.0,0.0,3.0,0,0,,0.0,0.0,0,0,0,0,0.0,19.0,8.666666666666666,0.3333333333333333,37.0,7.4,0.2,31.0,68.0,6.0,5.0,0.2,0.0,5.5
2024,1,13,13,0.0,14.0,56,Lapped,+8.958,ricciardo,RIC,3,Daniel,Ricciardo,Australian,rb,RB F1 Team,Italian,Bahrain Grand Prix,2024-03-02,bahrain,Bahrain International Circuit,Bahrain,14.0,90.27799999999999,,-1.0,,0.0,0.0,3.0,0,0,,0.0,0.0,1,0,0,0,0.0,0.0,12.666666666666666,0.3333333333333333,6.0,12.0,0.4,,,,,,3.0,14.0
2024,1,14,14,0.0,11.0,56,Lapped,+9.482,tsunoda,TSU,22,Yuki,Tsunoda,Japanese,rb,RB F1 Team,Italian,Bahrain Grand Prix,2024-03-02,bahrain,Bahrain International Circuit,Bahrain,11.0,90.129,,-1.0,,0.0,0.0,3.0,0,0,,0.0,0.0,1,0,0,0,0.0,6.0,11.666666666666666,0.3333333333333333,11.0,11.0,0.2,,,,,,0.0,9.5
2024,1,1,1,26.0,1.0,57,Finished,1:31:44.742,max_verstappen,VER,3,Max,Verstappen,Dutch,red_bull,Red Bull,Austrian,Bahrain Grand Prix,2024-03-02,bahrain,Bahrain International Circuit,Bahrain,1.0,89.179,89.179,-1.0,,0.0,0.0,3.0,0,0,,0.0,0.0,0,1,1,0,0.0,76.0,1.0,0.0,126.0,1.0,0.0,115.0,177.0,1.0,1.0,0.1,0.0,10.0
2024,1,2,2,18.0,5.0,57,Finished,+22.457,perez,PER,11,Sergio,Pérez,Mexican,red_bull,Red Bull,Austrian,Bahrain Grand Prix,2024-03-02,bahrain,Bahrain International Circuit,Bahrain,5.0,89.537,89.537,-1.0,,0.0,0.0,3.0,0,0,,0.0,0.0,0,0,1,0,0.0,39.0,3.6666666666666665,0.0,51.0,7.0,0.2,115.0,177.0,1.0,1.0,0.1,4.0,10.0
2024,1,19,19,0.0,16.0,56,Lapped,+1:23.230,bottas,BOT,77,Valtteri,Bottas,Finnish,sauber,Sauber,Swiss,Bahrain Grand Prix,2024-03-02,bahrain,Bahrain International Circuit,Bahrain,16.0,90.756,,-1.0,,0.0,0.0,3.0,0,0,,0.0,0.0,1,0,0,0,0.0,0.0,17.333333333333332,0.6666666666666666,0.0,15.8,0.4,,,,,,0.0,7.0
2024,1,11,11,0.0,17.0,56,Lapped,+6.759,zhou,ZHO,24,Guanyu,Zhou,Chinese,sauber,Sauber,Swiss,Bahrain Grand Prix,2024-03-02,bahrain,Bahrain International Circuit,Bahrain,17.0,90.757,,-1.0,,0.0,0.0,3.0,0,0,,0.0,0.0,1,0,0,0,0.0,0.0,16.333333333333332,0.3333333333333333,0.0,15.2,0.4,,,,,,1.0,13.0
2024,1,15,15,0.0,13.0,56,Lapped,+11.886,albon,ALB,23,Alexander,Albon,Thai,williams,Williams,British,Bahrain Grand Prix,2024-03-02,bahrain,Bahrain International Circuit,Bahrain,13.0,90.221,,-1.0,,0.0,0.0,3.0,0,0,,0.0,0.0,1,0,0,0,0.0,0.0,15.0,0.3333333333333333,4.0,12.6,0.2,0.0,5.0,12.333333333333334,11.0,0.3,0.0,11.5
2024,1,20,20,0.0,18.0,55,Lapped,+20.795,sargeant,SAR,2,Logan,Sargeant,American,williams,Williams,British,Bahrain Grand Prix,2024-03-02,bahrain,Bahrain International Circuit,Bahrain,18.0,90.77,,-1.0,,0.0,0.0,3.0,0,0,,0.0,0.0,1,0,0,0,0.0,0.0,14.333333333333334,0.3333333333333333,1.0,13.8,0.4,0.0,5.0,12.333333333333334,11.0,0.3,5.0,12.0
2024,2,20,R,0.0,18.0,1,Retired,,gasly,GAS,10,Pierre,Gasly,French,alpine,Alpine F1 Team,French,Saudi Arabian Grand Prix,2024-03-09,jeddah,Jeddah Corniche Circuit,Saudi Arabia,18.0,89.479,,-1.0,,0.0,0.0,0.0,0,1,18.0,0.0,0.0,1,0,0,0,0.0,0.0,14.0,0.3333333333333333,6.0,12.0,0.2,12.0,20.0,11.0,10.0,0.3,1.0,8.5
2024,2,13,13,0.0,17.0,49,Lapped,+4.001,ocon,OCO,31,Esteban,Ocon,French,alpine,Alpine F1 Team,French,Saudi Arabian Grand Prix,2024-03-09,jeddah,Jeddah Corniche Circuit,Saudi Arabia,17.0,89.475,,-1.0,,0.0,0.0,0.0,0,1,17.0,0.0,0.0,1,0,0,0,0.0,12.0,11.0,0.3333333333333333,14.0,10.6,0.4,12.0,20.0,11.0,10.0,0.3,0.0,7.0
2024,2,5,5,10.0,4.0,50,Finished,+35.759,alonso,ALO,14,Fernando,Alonso,Spanish,aston_martin,Aston Martin,British,Saudi Arabian Grand Prix,2024-03-09,jeddah,Jeddah Corniche Circuit,Saudi Arabia,4.0,87.846,87.846,-1.0,,0.0,0.0,0.0,0,1,9.0,2.0,0.0,0,0,0,0,0.0,10.0,8.333333333333334,0.0,25.0,9.2,0.2,22.0,47.0,7.0,8.2,0.2,0.0,9.5
2024,2,19,R,0.0,10.0,5,Retired,,stroll,STR,18,Lance,Stroll,Canadian,aston_martin,Aston Martin,British,Saudi Arabian Grand Prix,2024-03-09,jeddah,Jeddah Corniche Circuit,Saudi Arabia,10.0,88.572,88.572,-1.0,,0.0,0.0,0.0,0,1,10.0,1.0,0.0,1,0,0,0,0.0,12.0,8.333333333333334,0.0,22.0,9.4,0.2,22.0,47.0,7.0,8.2,0.2,6.0,16.5
2024,2,7,7,6.0,11.0,50,Finished,+42.679,bearman,BEA,87,Oliver,Bearman,British,ferrari,Ferrari,Italian,Saudi Arabian Grand Prix,2024-03-09,jeddah,Jeddah Corniche Circuit,Saudi Arabia,11.0,88.642,,-1.0,,0.0,0.0,0.0,0,1,,,,0,0,0,0,0.0,,,,,,,71.0,106.0,2.3333333333333335,3.2,0.2,9.0,
2024,2,3,3,16.0,2.0,50,Finished,+18.639,leclerc,LEC,16,Charles,Leclerc,Monegasque,ferrari,Ferrari,Italian,Saudi Arabian Grand Prix,2024-03-09,jeddah,Jeddah Corniche Circuit,Saudi Arabia,2.0,87.791,87.791,-1.0,,0.0,0.0,0.0,0,1,4.0,12.0,0.0,0,0,1,0,0.0,48.0,2.6666666666666665,0.0,63.0,6.2,0.2,71.0,106.0,2.3333333333333335,3.2,0.2,0.0,4.5
2024,2,10,10,1.0,15.0,50,Finished,+1:16.996,hulkenberg,HUL,27,Nico,Hülkenberg,German,haas,Haas F1 Team,American,Saudi Arabian Grand Prix,2024-03-09,jeddah,Jeddah Corniche Circuit,Saudi Arabia,15.0,89.055,,-1.0,,0.0,0.0,0.0,0,1,16.0,0.0,0.0,0,0,0,0,0.0,0.0,16.666666666666668,0.6666666666666666,0.0,15.0,0.6,0.0,0.0,13.333333333333334,13.0,0.7,2.0,12.0
2024,2,12,12,0.0,13.0,50,Finished,+1:45.737,kevin_magnussen,MAG,20,Kevin,Magnussen,Danish,haas,Haas F1 Team,American,Saudi Arabian Grand Prix,2024-03-09,jeddah,Jeddah Corniche Circuit,Saudi Arabia,13.0,89.02,,-1.0,,0.0,0.0,0.0,0,1,12.0,0.0,0.0,0,0,0,0,0.0,0.0,15.0,0.6666666666666666,0.0,16.4,0.8,0.0,0.0,13.333333333333334,13.0,0.7,0.0,9.5
2024,2,8,8,4.0,6.0,50,Finished,+45.708,norris,NOR,1,Lando,Norris,British,mclaren,McLaren,British,Saudi Arabian Grand Prix,2024-03-09,jeddah,Jeddah Corniche Circuit,Saudi Arabia,6.0,88.132,88.132,-1.0,,0.0,0.0,0.0,0,1,6.0,8.0,0.0,0,0,0,0,0.0,18.0,10.333333333333334,0.3333333333333333,47.0,7.6,0.2,32.0,65.0,7.0,5.6,0.2,1.0,12.0
2024,2,4,4,12.0,5.0,50,Finished,+32.007,piastri,PIA,81,Oscar,Piastri,Australian,mclaren,McLaren,British,Saudi Arabian Grand Prix,2024-03-09,jeddah,Jeddah Corniche Circuit,Saudi Arabia,5.0,88.089,88.089,-1.0,,0.0,0.0,0.0,0,1,8.0,4.0,0.0,0,0,0,0,0.0,14.0,8.0,0.0,18.0,9.2,0.2,32.0,65.0,7.0,5.6,0.2,0.0,15.0
2024,2,9,9,2.0,8.0,50,Finished,+47.391,hamilton,HAM,44,Lewis,Hamilton,British,mercedes,Mercedes,German,Saudi Arabian Grand Prix,2024-03-09,jeddah,Jeddah Corniche Circuit,Saudi Arabia,8.0,88.46000000000001,88.46000000000001,-1.0,,0.0,0.0,0.0,0,1,7.0,6.0,0.0,0,0,0,0,0.0,14.0,7.666666666666667,0.0,37.0,6.6,0.0,43.0,74.0,5.0,5.0,0.1,1.0,7.5
2024,2,6,6,8.0,7.0,50,Finished,+39.936,russell,RUS,63,George,Russell,British,mercedes,Mercedes,German,Saudi Arabian Grand Prix,2024-03-09,jeddah,Jeddah Corniche Circuit,Saudi Arabia,7.0,88.316,88.316,-1.0,,0.0,0.0,0.0,0,1,5.0,10.0,0.0,0,0,0,0,0.0,29.0,5.333333333333333,0.0,37.0,7.4,0.2,43.0,74.0,5.0,5.0,0.1,0.0,4.5
2024,2,16,16,0.0,14.0,49,Lapped,+20.715,ricciardo,RIC,3,Daniel,Ricciardo,Australian,rb,RB F1 Team,Italian,Saudi Arabian Grand Prix,2024-03-09,jeddah,Jeddah Corniche Circuit,Saudi Arabia,14.0,89.025,,-1.0,,0.0,0.0,0.0,0,1,13.0,0.0,0.0,1,0,0,0,0.0,0.0,12.666666666666666,0.3333333333333333,6.0,11.6,0.4,0.0,0.0,13.0,13.0,1.0,5.0,17.0
2024,2,15,15,0.0,9.0,49,Lapped,+10.533,tsunoda,TSU,22,Yuki,Tsunoda,Japanese,rb,RB F1 Team,Italian,Saudi Arabian Grand Prix,2024-03-09,jeddah,Jeddah Corniche Circuit,Saudi Arabia,9.0,88.547,88.547,-1.0,,0.0,0.0,0.0,0,1,14.0,0.0,0.0,1,0,0,0,0.0,4.0,13.333333333333334,0.6666666666666666,6.0,12.2,0.4,0.0,0.0,13.0,13.0,1.0,0.0,15.0
2024,2,1,1,25.0,1.0,50,Finished,1:20:43.273,max_verstappen,VER,3,Max,Verstappen,Dutch,red_bull,Red Bull,Austrian,Saudi Arabian Grand Prix,2024-03-09,jeddah,Jeddah Corniche Circuit,Saudi Arabia,1.0,87.47200000000001,87.47200000000001,-1.0,,0.0,0.0,0.0,0,1,1.0,26.0,1.0,0,1,1,0,0.0,77.0,1.0,0.0,127.0,1.0,0.0,122.0,184.0,1.0,1.0,0.1,0.0,1.5
2024,2,2,2,18.0,3.0,50,Finished,+13.643,perez,PER,11,Sergio,Pérez,Mexican,red_bull,Red Bull,Austrian,Saudi Arabian Grand Prix,2024-03-09,jeddah,Jeddah Corniche Circuit,Saudi Arabia,3.0,87.807,87.807,-1.0,,0.0,0.0,0.0,0,1,2.0,18.0,0.0,0,0,1,0,0.0,45.0,3.0,0.0,57.0,6.6,0.2,122.0,184.0,1.0,1.0,0.1,2.0,2.5
2024,2,17,17,0.0,16.0,49,Lapped,+23.115,bottas,BOT,77,Valtteri,Bottas,Finnish,sauber,Sauber,Swiss,Saudi Arabian Grand Prix,2024-03-09,jeddah,Jeddah Corniche Circuit,Saudi Arabia,16.0,89.179,,-1.0,,0.0,0.0,0.0,0,1,19.0,0.0,0.0,1,0,0,0,0.0,0.0,18.333333333333332,0.6666666666666666,0.0,17.2,0.6,0.0,0.0,11.0,11.0,1.0,0.0,16.5
2024,2,18,18,0.0,20.0,49,Lapped,+29.553,zhou,ZHO,24,Guanyu,Zhou,Chinese,sauber,Sauber,Swiss,Saudi Arabian Grand Prix,2024-03-09,jeddah,Jeddah Corniche Circuit,Saudi Arabia,20.0,,,-1.0,,0.0,0.0,0.0,0,1,11.0,0.0,0.0,1,0,0,0,0.0,0.0,14.333333333333334,0.3333333333333333,0.0,14.8,0.4,0.0,0.0,11.0,11.0,1.0,4.0,12.0
2024,2,11,11,0.0,12.0,50,Finished,+1:28.354,albon,ALB,23,Alexander,Albon,Thai,williams,Williams,British,Saudi Arabian Grand Prix,2024-03-09,jeddah,Jeddah Corniche Circuit,Saudi Arabia,12.0,88.98,,-1.0,,0.0,0.0,0.0,0,1,15.0,0.0,0.0,0,0,0,0,0.0,0.0,13.666666666666666,0.3333333333333333,2.0,13.8,0.4,0.0,2.0,13.666666666666666,12.2,0.5,0.0,16.5
2024,2,14,14,0.0,19.0,49,Lapped,+6.785,sargeant,SAR,2,Logan,Sargeant,American,williams,Williams,British,Saudi Arabian Grand Prix,2024-03-09,jeddah,Jeddah Corniche Circuit,Saudi Arabia,19.0,89.526,,-1.0,,0.0,0.0,0.0,0,1,20.0,0.0,0.0,1,0,0,0,0.0,0.0,17.333333333333332,0.3333333333333333,0.0,15.8,0.6,0.0,2.0,13.666666666666666,12.2,0.5,7.0,16.0
2024,3,13,13,0.0,17.0,57,Lapped,+40.953,gasly,GAS,10,Pierre,Gasly,French,alpine,Alpine F1 Team,French,Australian Grand Prix,2024-03-24,albert_park,Albert Park Grand Prix Circuit,Australia,17.0,77.982,,-1.0,,0.0,0.0,3.0,0,2,21.0,0.0,0.0,1,0,0,0,0.0,0.0,17.0,0.6666666666666666,6.0,13.8,0.4,0.0,19.0,14.0,10.6,0.5,2.0,11.0
2024,3,16,16,0.0,15.0,57,Lapped,+53.979,ocon,OCO,31,Esteban,Ocon,French,alpine,Alpine F1 Team,French,Australian Grand Prix,2024-03-24,albert_park,Albert Park Grand Prix Circuit,Australia,15.0,77.697,,-1.0,,0.0,0.0,3.0,0,2,17.0,0.0,0.0,1,0,0,0,0.0,0.0,14.0,0.6666666666666666,13.0,11.2,0.6,0.0,19.0,14.0,10.6,0.5,0.0,10.5
2024,3,8,8,4.0,10.0,58,Finished,+1:40.992,alonso,ALO,14,Fernando,Alonso,Spanish,aston_martin,Aston Martin,British,Australian Grand Prix,2024-03-24,albert_park,Albert Park Grand Prix Circuit,Australia,10.0,77.55199999999999,77.55199999999999,-1.0,,0.0,0.0,3.0,0,2,7.0,12.0,0.0,0,0,0,0,0.0,18.0,7.0,0.0,35.0,6.6,0.0,20.0,57.0,7.0,5.8,0.1,1.0,10.0
2024,3,6,6,8.0,9.0,58,Finished,+1:33.222,stroll,STR,18,Lance,Stroll,Canadian,aston_martin,Aston Martin,British,Australian Grand Prix,2024-03-24,albert_park,Albert Park Grand Prix Circuit,Australia,9.0,77.072,77.072,-1.0,,0.0,0.0,3.0,0,2,12.0,1.0,0.0,0,0,0,0,0.0,2.0,13.0,0.3333333333333333,22.0,9.8,0.2,20.0,57.0,7.0,5.8,0.1,0.0,8.0
2024,3,2,2,19.0,4.0,58,Finished,+2.366,leclerc,LEC,16,Charles,Leclerc,Monegasque,ferrari,Ferrari,Italian,Australian Grand Prix,2024-03-24,albert_park,Albert Park Grand Prix Circuit,Australia,5.0,76.435,76.435,-1.0,,0.0,0.0,3.0,0,2,3.0,28.0,0.0,0,0,1,0,-1.0,46.0,3.0,0.0,64.0,6.2,0.2,67.0,101.0,2.6666666666666665,3.2,0.2,3.0,10.5
2024,3,1,1,25.0,2.0,58,Finished,1:20:26.843,sainz,SAI,55,Carlos,Sainz,Spanish,ferrari,Ferrari,Italian,Australian Grand Prix,2024-03-24,albert_park,Albert Park Grand Prix Circuit,Australia,2.0,76.185,76.185,-1.0,,0.0,0.0,3.0,0,2,6.0,15.0,0.0,0,1,1,0,0.0,23.0,9.0,0.3333333333333333,43.0,7.4,0.2,67.0,101.0,2.6666666666666665,3.2,0.2,0.0,16.0
2024,3,9,9,2.0,16.0,58,Finished,+1:44.553,hulkenberg,HUL,27,Nico,Hülkenberg,German,haas,Haas F1 Team,American,Australian Grand Prix,2024-03-24,albert_park,Albert Park Grand Prix Circuit,Australia,16.0,77.976,,-1.0,,0.0,0.0,3.0,0,2,11.0,1.0,0.0,0,0,0,0,0.0,1.0,13.666666666666666,0.3333333333333333,1.0,14.4,0.6,1.0,1.0,12.333333333333334,12.4,0.6,2.0,7.0
2024,3,10,10,1.0,14.0,57,Lapped,+4.081,kevin_magnussen,MAG,20,Kevin,Magnussen,Danish,haas,Haas F1 Team,American,Australian Grand Prix,2024-03-24,albert_park,Albert Park Grand Prix Circuit,Australia,14.0,77.42699999999999,,-1.0,,0.0,0.0,3.0,0,2,15.0,0.0,0.0,1,0,0,0,0.0,0.0,14.666666666666666,0.6666666666666666,0.0,15.0,0.6,1.0,1.0,12.333333333333334,12.4,0.6,0.0,15.5
2024,3,3,3,15.0,3.0,58,Finished,+5.904,norris,NOR,1,Lando,Norris,British,mclaren,McLaren,British,Australian Grand Prix,2024-03-24,albert_park,Albert Park Grand Prix Circuit,Australia,4.0,76.315,76.315,-1.0,,0.0,0.0,3.0,0,2,8.0,12.0,0.0,0,0,1,0,-1.0,22.0,6.333333333333333,0.0,41.0,8.2,0.2,46.0,67.0,5.0,5.4,0.2,0.0,5.5
2024,3,4,4,12.0,5.0,58,Finished,+35.770,piastri,PIA,81,Oscar,Piastri,Australian,mclaren,McLaren,British,Australian Grand Prix,2024-03-24,albert_park,Albert Park Grand Prix Circuit,Australia,6.0,76.572,76.572,-1.0,,0.0,0.0,3.0,0,2,5.0,16.0,0.0,0,0,0,0,-1.0,24.0,6.0,0.0,26.0,8.4,0.2,46.0,67.0,5.0,5.4,0.2,2.0,8.0
2024,3,18,R,0.0,11.0,15,Retired,,hamilton,HAM,44,Lewis,Hamilton,British,mercedes,Mercedes,German,Australian Grand Prix,2024-03-24,albert_park,Albert Park Grand Prix Circuit,Australia,11.0,76.96000000000001,,-1.0,,0.0,0.0,3.0,0,2,9.0,8.0,0.0,1,0,0,0,0.0,10.0,8.333333333333334,0.0,20.0,8.0,0.0,43.0,57.0,4.666666666666667,5.8,0.1,4.0,3.0
2024,3,17,17,0.0,7.0,56,Retired,,russell,RUS,63,George,Russell,British,mercedes,Mercedes,German,Australian Grand Prix,2024-03-24,albert_park,Albert Park Grand Prix Circuit,Australia,7.0,76.724,76.724,-1.0,,0.0,0.0,3.0,0,2,4.0,18.0,0.0,1,0,0,0,0.0,33.0,4.666666666666667,0.0,37.0,7.4,0.2,43.0,57.0,4.666666666666667,5.8,0.1,0.0,10.5
2024,3,12,12,0.0,18.0,57,Lapped,+11.508,ricciardo,RIC,3,Daniel,Ricciardo,Australian,rb,RB F1 Team,Italian,Australian Grand Prix,2024-03-24,albert_park,Albert Park Grand Prix Circuit,Australia,18.0,78.08500000000001,,-1.0,,0.0,0.0,3.0,0,2,16.0,0.0,0.0,1,0,0,0,0.0,0.0,13.333333333333334,0.6666666666666666,0.0,13.4,0.6,0.0,0.0,14.0,14.0,1.0,10.0,6.0
2024,3,7,7,6.0,8.0,58,Finished,+1:35.601,tsunoda,TSU,22,Yuki,Tsunoda,Japanese,rb,RB F1 Team,Italian,Australian Grand Prix,2024-03-24,albert_park,Albert Park Grand Prix Circuit,Australia,8.0,76.788,76.788,-1.0,,0.0,0.0,3.0,0,2,18.0,0.0,0.0,0,0,0,0,0.0,4.0,12.333333333333334,0.6666666666666666,6.0,12.8,0.6,0.0,0.0,14.0,14.0,1.0,0.0,12.5
2024,3,19,R,0.0,1.0,3,Retired,,max_verstappen,VER,3,Max,Verstappen,Dutch,red_bull,Red Bull,Austrian,Australian Grand Prix,2024-03-24,albert_park,Albert Park Grand Prix Circuit,Australia,1.0,75.91499999999999,75.91499999999999,-1.0,,0.0,0.0,3.0,0,2,1.0,51.0,2.0,1,0,0,0,0.0,77.0,1.0,0.0,127.0,1.0,0.0,125.0,202.0,1.0,1.0,0.0,0.0,9.5
2024,3,5,5,10.0,6.0,58,Finished,+56.309,perez,PER,11,Sergio,Pérez,Mexican,red_bull,Red Bull,Austrian,Australian Grand Prix,2024-03-24,albert_park,Albert Park Grand Prix Circuit,Australia,3.0,76.274,76.274,-1.0,,0.0,0.0,3.0,0,2,2.0,36.0,0.0,0,0,0,0,3.0,48.0,2.6666666666666665,0.0,75.0,3.0,0.0,125.0,202.0,1.0,1.0,0.0,2.0,3.5
2024,3,14,14,0.0,13.0,57,Lapped,+42.326,bottas,BOT,77,Valtteri,Bottas,Finnish,sauber,Sauber,Swiss,Australian Grand Prix,2024-03-24,albert_park,Albert Park Grand Prix Circuit,Australia,13.0,77.34,,-1.0,,0.0,0.0,3.0,0,2,20.0,0.0,0.0,1,0,0,0,0.0,0.0,18.333333333333332,1.0,0.0,17.6,0.8,0.0,0.0,14.0,14.0,1.0,0.0,9.5
2024,3,15,15,0.0,19.0,57,Lapped,+44.293,zhou,ZHO,24,Guanyu,Zhou,Chinese,sauber,Sauber,Swiss,Australian Grand Prix,2024-03-24,albert_park,Albert Park Grand Prix Circuit,Australia,19.0,78.188,,-1.0,,0.0,0.0,3.0,0,2,14.0,0.0,0.0,1,0,0,0,0.0,0.0,15.333333333333334,0.6666666666666666,0.0,15.6,0.6,0.0,0.0,14.0,14.0,1.0,6.0,10.0
2024,3,11,11,0.0,12.0,57,Lapped,+5.009,albon,ALB,23,Alexander,Albon,Thai,williams,Williams,British,Australian Grand Prix,2024-03-24,albert_park,Albert Park Grand Prix Circuit,Australia,12.0,77.167,,-1.0,,0.0,0.0,3.0,0,2,13.0,0.0,0.0,1,0,0,0,0.0,0.0,13.333333333333334,0.3333333333333333,0.0,14.2,0.4,0.0,0.0,13.333333333333334,12.6,0.5,0.0,14.5
2024,4,16,16,0.0,17.0,52,Lapped,+55.066,gasly,GAS,10,Pierre,Gasly,French,alpine,Alpine F1 Team,French,Japanese Grand Prix,2024-04-07,suzuka,Suzuka Circuit,Japan,17.0,90.119,,-1.0,,0.3,0.3,51.0,0,3,19.0,0.0,0.0,1,0,0,0,0.0,0.0,17.0,1.0,0.0,15.0,0.6,0.0,12.0,14.333333333333334,11.8,0.6,2.0,14.0
2024,4,15,15,0.0,15.0,52,Lapped,+41.152,ocon,OCO,31,Esteban,Ocon,French,alpine,Alpine F1 Team,French,Japanese Grand Prix,2024-04-07,suzuka,Suzuka Circuit,Japan,15.0,89.816,,-1.0,,0.3,0.3,51.0,0,3,18.0,0.0,0.0,1,0,0,0,0.0,0.0,15.333333333333334,1.0,12.0,12.4,0.6,0.0,12.0,14.333333333333334,11.8,0.6,0.0,6.5
2024,4,6,6,8.0,5.0,53,Finished,+44.272,alonso,ALO,14,Fernando,Alonso,Spanish,aston_martin,Aston Martin,British,Japanese Grand Prix,2024-04-07,suzuka,Suzuka Circuit,Japan,5.0,88.686,88.686,-1.0,,0.3,0.3,51.0,0,3,8.0,16.0,0.0,0,0,0,0,0.0,16.0,7.333333333333333,0.0,24.0,7.6,0.0,25.0,44.0,6.666666666666667,6.4,0.1,0.0,7.5
2024,4,12,12,0.0,16.0,52,Lapped,+11.233,stroll,STR,18,Lance,Stroll,Canadian,aston_martin,Aston Martin,British,Japanese Grand Prix,2024-04-07,suzuka,Suzuka Circuit,Japan,16.0,90.024,,-1.0,,0.3,0.3,51.0,0,3,9.0,9.0,0.0,1,0,0,0,0.0,9.0,11.666666666666666,0.3333333333333333,20.0,10.0,0.2,25.0,44.0,6.666666666666667,6.4,0.1,11.0,15.0
2024,4,4,4,12.0,8.0,53,Finished,+26.522,leclerc,LEC,16,Charles,Leclerc,Monegasque,ferrari,Ferrari,Italian,Japanese Grand Prix,2024-04-07,suzuka,Suzuka Circuit,Japan,8.0,88.786,88.786,-1.0,,0.3,0.3,51.0,0,3,2.0,47.0,0.0,0,0,0,0,0.0,47.0,3.0,0.0,83.0,2.6,0.0,93.0,137.0,2.3333333333333335,2.2,0.1,4.0,3.5
2024,4,3,3,15.0,4.0,53,Finished,+20.866,sainz,SAI,55,Carlos,Sainz,Spanish,ferrari,Ferrari,Italian,Japanese Grand Prix,2024-04-07,suzuka,Suzuka Circuit,Japan,4.0,88.682,88.682,-1.0,,0.3,0.3,51.0,0,3,4.0,40.0,1.0,0,0,1,0,0.0,40.0,7.333333333333333,0.3333333333333333,56.0,6.8,0.2,93.0,137.0,2.3333333333333335,2.2,0.1,0.0,12.5
2024,4,11,11,0.0,12.0,52,Lapped,+7.168,hulkenberg,HUL,27,Nico,Hülkenberg,German,haas,Haas F1 Team,American,Japanese Grand Prix,2024-04-07,suzuka,Suzuka Circuit,Japan,12.0,89.494,,-1.0,,0.3,0.3,51.0,0,3,13.0,3.0,0.0,1,0,0,0,0.0,3.0,11.666666666666666,0.3333333333333333,3.0,13.8,0.4,4.0,4.0,10.333333333333334,11.8,0.5,0.0,14.0
2024,4,13,13,0.0,18.0,52,Lapped,+17.919,kevin_magnussen,MAG,20,Kevin,Magnussen,Danish,haas,Haas F1 Team,American,Japanese Grand Prix,2024-04-07,suzuka,Suzuka Circuit,Japan,18.0,90.131,,-1.0,,0.3,0.3,51.0,0,3,14.0,1.0,0.0,1,0,0,0,0.0,1.0,11.333333333333334,0.6666666666666666,1.0,13.4,0.6,4.0,4.0,10.333333333333334,11.8,0.5,6.0,14.5
2024,4,5,5,10.0,3.0,53,Finished,+29.700,norris,NOR,1,Lando,Norris,British,mclaren,McLaren,British,Japanese Grand Prix,2024-04-07,suzuka,Suzuka Circuit,Japan,3.0,88.489,88.489,-1.0,,0.3,0.3,51.0,0,3,6.0,27.0,0.0,0,0,0,0,0.0,27.0,5.666666666666667,0.0,37.0,8.4,0.2,55.0,75.0,4.333333333333333,5.6,0.1,0.0,6.0
2024,4,8,8,4.0,6.0,53,Finished,+47.525,piastri,PIA,81,Oscar,Piastri,Australian,mclaren,McLaren,British,Japanese Grand Prix,2024-04-07,suzuka,Suzuka Circuit,Japan,6.0,88.76,88.76,-1.0,,0.3,0.3,51.0,0,3,5.0,28.0,0.0,0,0,0,0,0.0,28.0,5.333333333333333,0.0,38.0,6.4,0.0,55.0,75.0,4.333333333333333,5.6,0.1,3.0,3.0
2024,4,9,9,2.0,7.0,53,Finished,+48.626,hamilton,HAM,44,Lewis,Hamilton,British,mercedes,Mercedes,German,Japanese Grand Prix,2024-04-07,suzuka,Suzuka Circuit,Japan,7.0,88.76599999999999,88.76599999999999,-1.0,,0.3,0.3,51.0,0,3,10.0,8.0,0.0,0,0,0,0,0.0,8.0,11.333333333333334,0.3333333333333333,16.0,10.0,0.2,26.0,53.0,9.333333333333334,7.6,0.2,0.0,5.0
2024,4,7,7,6.0,9.0,53,Finished,+45.951,russell,RUS,63,George,Russell,British,mercedes,Mercedes,German,Japanese Grand Prix,2024-04-07,suzuka,Suzuka Circuit,Japan,9.0,89.008,89.008,-1.0,,0.3,0.3,51.0,0,3,7.0,18.0,0.0,0,0,0,0,0.0,18.0,9.333333333333334,0.3333333333333333,37.0,7.8,0.2,26.0,53.0,9.333333333333334,7.6,0.2,2.0,7.5
2024,4,19,R,0.0,11.0,0,Retired,,ricciardo,RIC,3,Daniel,Ricciardo,Australian,rb,RB F1 Team,Italian,Japanese Grand Prix,2024-04-07,suzuka,Suzuka Circuit,Japan,11.0,89.47200000000001,,-1.0,,0.3,0.3,51.0,0,3,17.0,0.0,0.0,1,0,0,0,0.0,0.0,13.666666666666666,1.0,0.0,13.2,0.6,6.0,6.0,11.666666666666666,11.666666666666666,0.8333333333333334,1.0,11.0
2024,4,10,10,1.0,10.0,52,Lapped,+1.602,tsunoda,TSU,22,Yuki,Tsunoda,Japanese,rb,RB F1 Team,Italian,Japanese Grand Prix,2024-04-07,suzuka,Suzuka Circuit,Japan,10.0,89.413,89.413,-1.0,,0.3,0.3,51.0,0,3,11.0,6.0,0.0,1,0,0,0,0.0,6.0,12.0,0.6666666666666666,10.0,12.4,0.6,6.0,6.0,11.666666666666666,11.666666666666666,0.8333333333333334,0.0,12.5
2024,4,1,1,26.0,1.0,53,Finished,1:54:23.566,max_verstappen,VER,3,Max,Verstappen,Dutch,red_bull,Red Bull,Austrian,Japanese Grand Prix,2024-04-07,suzuka,Suzuka Circuit,Japan,1.0,88.197,88.197,-1.0,,0.3,0.3,51.0,0,3,1.0,51.0,2.0,0,1,1,0,0.0,51.0,7.0,0.3333333333333333,102.0,4.6,0.2,97.0,175.0,2.3333333333333335,1.8,0.1,0.0,1.0
2024,4,2,2,18.0,2.0,53,Finished,+12.535,perez,PER,11,Sergio,Pérez,Mexican,red_bull,Red Bull,Austrian,Japanese Grand Prix,2024-04-07,suzuka,Suzuka Circuit,Japan,2.0,88.263,88.263,-1.0,,0.3,0.3,51.0,0,3,3.0,46.0,0.0,0,0,1,0,0.0,46.0,3.0,0.0,73.0,3.2,0.0,97.0,175.0,2.3333333333333335,1.8,0.1,1.0,10.5
2024,4,14,14,0.0,13.0,52,Lapped,+18.893,bottas,BOT,77,Valtteri,Bottas,Finnish,sauber,Sauber,Swiss,Japanese Grand Prix,2024-04-07,suzuka,Suzuka Circuit,Japan,13.0,89.593,,-1.0,,0.3,0.3,51.0,0,3,20.0,0.0,0.0,1,0,0,0,0.0,0.0,16.666666666666668,1.0,0.0,17.2,0.8,0.0,0.0,14.0,14.0,1.0,0.0,17.5
2024,4,18,R,0.0,20.0,12,Retired,,zhou,ZHO,24,Guanyu,Zhou,Chinese,sauber,Sauber,Swiss,Japanese Grand Prix,2024-04-07,suzuka,Suzuka Circuit,Japan,20.0,90.143,,-1.0,,0.3,0.3,51.0,0,3,16.0,0.0,0.0,1,0,0,0,0.0,0.0,14.666666666666666,1.0,0.0,15.2,0.6,0.0,0.0,14.0,14.0,1.0,7.0,14.5
2024,4,20,R,0.0,14.0,0,Retired,,albon,ALB,23,Alexander,Albon,Thai,williams,Williams,British,Japanese Grand Prix,2024-04-07,suzuka,Suzuka Circuit,Japan,14.0,89.714,,-1.0,,0.3,0.3,51.0,0,3,15.0,0.0,0.0,1,0,0,0,0.0,0.0,12.333333333333334,0.6666666666666666,0.0,12.6,0.4,0.0,0.0,12.333333333333334,12.6,0.5,0.0,18.0
2024,4,17,17,0.0,19.0,52,Lapped,+1:12.765,sargeant,SAR,2,Logan,Sargeant,American,williams,Williams,British,Japanese Grand Prix,2024-04-07,suzuka,Suzuka Circuit,Japan,19.0,90.139,,-1.0,,0.3,0.3,51.0,0,3,21.0,0.0,0.0,1,0,0,0,0.0,0.0,16.666666666666668,0.6666666666666666,0.0,15.4,0.6,0.0,0.0,12.333333333333334,12.6,0.5,5.0,17.0
2024,5,13,13,0.0,15.0,56,Finished,+1:09.223,gasly,GAS,10,Pierre,Gasly,French,alpine,Alpine F1 Team,French,Chinese Grand Prix,2024-04-21,shanghai,Shanghai International Circuit,China,15.0,95.463,,15.0,0.0,1.7,1.7,51.0,1,4,19.0,0.0,0.0,0,0,0,1,0.0,0.0,16.333333333333332,1.0,0.0,16.0,0.8,0.0,0.0,13.666666666666666,14.0,0.8,2.0,
2024,5,11,11,0.0,13.0,56,Finished,+1:02.812,ocon,OCO,31,Esteban,Ocon,French,alpine,Alpine F1 Team,French,Chinese Grand Prix,2024-04-21,shanghai,Shanghai International Circuit,China,13.0,95.223,,13.0,0.0,1.7,1.7,51.0,1,4,18.0,0.0,0.0,0,0,0,1,0.0,0.0,14.666666666666666,1.0,0.0,14.6,0.8,0.0,0.0,13.666666666666666,14.0,0.8,0.0,
2024,5,7,7,7.0,3.0,56,Finished,+43.414,alonso,ALO,14,Fernando,Alonso,Spanish,aston_martin,Aston Martin,British,Chinese Grand Prix,2024-04-21,shanghai,Shanghai International Circuit,China,3.0,94.148,94.148,20.0,0.0,1.7,1.7,51.0,1,4,8.0,24.0,0.0,0,0,0,1,0.0,22.0,6.333333333333333,0.0,30.0,7.0,0.0,30.0,40.0,5.666666666666667,6.6,0.2,0.0,
2024,5,15,15,0.0,11.0,56,Finished,+1:22.786,stroll,STR,18,Lance,Stroll,Canadian,aston_martin,Aston Martin,British,Chinese Grand Prix,2024-04-21,shanghai,Shanghai International Circuit,China,11.0,94.838,,14.0,0.0,1.7,1.7,51.0,1,4,10.0,9.0,0.0,0,0,0,1,0.0,8.0,12.333333333333334,0.6666666666666666,10.0,11.4,0.4,30.0,40.0,5.666666666666667,6.6,0.2,8.0,
2024,5,4,4,12.0,6.0,56,Finished,+23.623,leclerc,LEC,16,Charles,Leclerc,Monegasque,ferrari,Ferrari,Italian,Chinese Grand Prix,2024-04-21,shanghai,Shanghai International Circuit,China,6.0,94.289,94.289,4.0,5.0,1.7,1.7,51.0,1,4,3.0,59.0,0.0,0,0,0,1,0.0,47.0,3.0,0.0,77.0,3.0,0.0,93.0,138.0,2.3333333333333335,2.4,0.1,0.0,
2024,5,5,5,10.0,7.0,56,Finished,+33.983,sainz,SAI,55,Carlos,Sainz,Spanish,ferrari,Ferrari,Italian,Chinese Grand Prix,2024-04-21,shanghai,Shanghai International Circuit,China,7.0,94.297,94.297,5.0,4.0,1.7,1.7,51.0,1,4,4.0,55.0,1.0,0,0,0,1,0.0,55.0,2.3333333333333335,0.0,63.0,6.2,0.2,93.0,138.0,2.3333333333333335,2.4,0.1,1.0,
2024,5,10,10,1.0,9.0,56,Finished,+1:00.476,hulkenberg,HUL,27,Nico,Hülkenberg,German,haas,Haas F1 Team,American,Chinese Grand Prix,2024-04-21,shanghai,Shanghai International Circuit,China,9.0,94.604,94.604,19.0,0.0,1.7,1.7,51.0,1,4,13.0,3.0,0.0,0,0,0,1,0.0,3.0,10.0,0.3333333333333333,3.0,12.2,0.4,4.0,4.0,10.0,11.4,0.6,0.0,
2024,5,16,16,0.0,17.0,56,Finished,+1:27.533,kevin_magnussen,MAG,20,Kevin,Magnussen,Danish,haas,Haas F1 Team,American,Chinese Grand Prix,2024-04-21,shanghai,Shanghai International Circuit,China,17.0,95.51599999999999,,10.0,0.0,1.7,1.7,51.0,1,4,14.0,1.0,0.0,0,0,0,1,0.0,1.0,11.666666666666666,0.6666666666666666,1.0,13.4,0.8,4.0,4.0,10.0,11.4,0.6,8.0,
2024,5,2,2,18.0,4.0,56,Finished,+13.773,norris,NOR,1,Lando,Norris,British,mclaren,McLaren,British,Chinese Grand Prix,2024-04-21,shanghai,Shanghai International Circuit,China,4.0,94.16499999999999,94.16499999999999,6.0,3.0,1.7,1.7,51.0,1,4,5.0,37.0,0.0,0,0,1,1,0.0,29.0,5.333333333333333,0.0,47.0,5.4,0.0,57.0,87.0,4.0,4.6,0.0,0.0,
2024,5,8,8,4.0,5.0,56,Finished,+56.198,piastri,PIA,81,Oscar,Piastri,Australian,mclaren,McLaren,British,Chinese Grand Prix,2024-04-21,shanghai,Shanghai International Circuit,China,5.0,94.273,94.273,7.0,2.0,1.7,1.7,51.0,1,4,6.0,32.0,0.0,0,0,0,1,0.0,28.0,5.333333333333333,0.0,40.0,6.0,0.0,57.0,87.0,4.0,4.6,0.0,1.0,
2024,5,9,9,2.0,18.0,56,Finished,+57.986,hamilton,HAM,44,Lewis,Hamilton,British,mercedes,Mercedes,German,Chinese Grand Prix,2024-04-21,shanghai,Shanghai International Circuit,China,18.0,95.57300000000001,,2.0,7.0,1.7,1.7,51.0,1,4,9.0,10.0,0.0,0,0,0,1,0.0,4.0,12.0,0.3333333333333333,12.0,10.4,0.2,18.0,51.0,10.0,7.6,0.2,10.0,
2024,5,6,6,8.0,8.0,56,Finished,+38.724,russell,RUS,63,George,Russell,British,mercedes,Mercedes,German,Chinese Grand Prix,2024-04-21,shanghai,Shanghai International Circuit,China,8.0,94.43299999999999,94.43299999999999,8.0,1.0,1.7,1.7,51.0,1,4,7.0,24.0,0.0,0,0,0,1,0.0,14.0,10.0,0.3333333333333333,39.0,7.6,0.2,18.0,51.0,10.0,7.6,0.2,0.0,
2024,5,18,R,0.0,12.0,33,Retired,,ricciardo,RIC,3,Daniel,Ricciardo,Australian,rb,RB F1 Team,Italian,Chinese Grand Prix,2024-04-21,shanghai,Shanghai International Circuit,China,12.0,94.934,,11.0,0.0,1.7,1.7,51.0,1,4,17.0,0.0,0.0,1,0,0,1,0.0,0.0,15.666666666666666,1.0,0.0,14.2,0.8,7.0,7.0,10.666666666666666,11.25,0.875,0.0,
2024,5,19,R,0.0,19.0,26,Retired,,tsunoda,TSU,22,Yuki,Tsunoda,Japanese,rb,RB F1 Team,Italian,Chinese Grand Prix,2024-04-21,shanghai,Shanghai International Circuit,China,19.0,95.74600000000001,,16.0,0.0,1.7,1.7,51.0,1,4,11.0,7.0,0.0,1,0,0,1,0.0,7.0,10.666666666666666,0.6666666666666666,11.0,10.8,0.6,7.0,7.0,10.666666666666666,11.25,0.875,7.0,
2024,5,1,1,25.0,1.0,56,Finished,1:40:52.554,max_verstappen,VER,3,Max,Verstappen,Dutch,red_bull,Red Bull,Austrian,Chinese Grand Prix,2024-04-21,shanghai,Shanghai International Circuit,China,1.0,93.66,93.66,1.0,8.0,1.7,1.7,51.0,1,4,1.0,77.0,3.0,0,1,1,1,0.0,51.0,7.0,0.3333333333333333,103.0,4.6,0.2,97.0,179.0,2.3333333333333335,1.8,0.1,0.0,
2024,5,3,3,15.0,2.0,56,Finished,+19.160,perez,PER,11,Sergio,Pérez,Mexican,red_bull,Red Bull,Austrian,Chinese Grand Prix,2024-04-21,shanghai,Shanghai International Circuit,China,2.0,93.982,93.982,3.0,6.0,1.7,1.7,51.0,1,4,2.0,64.0,0.0,0,0,1,1,0.0,46.0,3.0,0.0,76.0,3.0,0.0,97.0,179.0,2.3333333333333335,1.8,0.1,1.0,
2024,5,20,R,0.0,10.0,19,Retired,,bottas,BOT,77,Valtteri,Bottas,Finnish,sauber,Sauber,Swiss,Chinese Grand Prix,2024-04-21,shanghai,Shanghai International Circuit,China,10.0,94.66499999999999,94.66499999999999,12.0,0.0,1.7,1.7,51.0,1,4,20.0,0.0,0.0,1,0,0,1,0.0,0.0,15.0,1.0,0.0,16.6,1.0,0.0,0.0,15.0,14.0,1.0,0.0,
2024,5,14,14,0.0,16.0,56,Finished,+1:11.689,zhou,ZHO,24,Guanyu,Zhou,Chinese,sauber,Sauber,Swiss,Chinese Grand Prix,2024-04-21,shanghai,Shanghai International Circuit,China,16.0,95.505,,9.0,0.0,1.7,1.7,51.0,1,4,16.0,0.0,0.0,0,0,0,1,0.0,0.0,17.0,1.0,0.0,15.8,0.8,0.0,0.0,15.0,14.0,1.0,6.0,
2024,5,12,12,0.0,14.0,56,Finished,+1:05.506,albon,ALB,23,Alexander,Albon,Thai,williams,Williams,British,Chinese Grand Prix,2024-04-21,shanghai,Shanghai International Circuit,China,14.0,95.241,,17.0,0.0,1.7,1.7,51.0,1,4,15.0,0.0,0.0,0,0,0,1,0.0,0.0,14.0,0.6666666666666666,0.0,14.2,0.6,0.0,0.0,13.0,13.6,0.7,0.0,
2024,5,17,17,0.0,20.0,56,Finished,+1:35.110,sargeant,SAR,2,Logan,Sargeant,American,williams,Williams,British,Chinese Grand Prix,2024-04-21,shanghai,Shanghai International Circuit,China,20.0,96.358,,18.0,0.0,1.7,1.7,51.0,1,4,21.0,0.0,0.0,0,0,0,1,0.0,0.0,17.0,1.0,0.0,16.6,0.6,0.0,0.0,13.0,13.6,0.7,6.0,
2024,6,12,12,0.0,12.0,57,Finished,+44.958,gasly,GAS,10,Pierre,Gasly,French,alpine,Alpine F1 Team,French,Miami Grand Prix,2024-05-05,miami,Miami International Autodrome,USA,12.0,88.324,,9.0,0.0,0.3,0.3,51.0,0,5,19.0,0.0,0.0,0,0,0,1,0.0,0.0,14.0,0.6666666666666666,0.0,16.0,0.8,0.0,0.0,13.0,13.8,0.8,0.0,13.0
2024,6,10,10,1.0,13.0,57,Finished,+39.746,ocon,OCO,31,Esteban,Ocon,French,alpine,Alpine F1 Team,French,Miami Grand Prix,2024-05-05,miami,Miami International Autodrome,USA,13.0,88.371,,15.0,0.0,0.3,0.3,51.0,0,5,16.0,0.0,0.0,0,0,0,1,0.0,0.0,14.0,0.6666666666666666,0.0,14.4,0.8,0.0,0.0,13.0,13.8,0.8,1.0,8.5
2024,6,9,9,2.0,15.0,57,Finished,+37.107,alonso,ALO,14,Fernando,Alonso,Spanish,aston_martin,Aston Martin,British,Miami Grand Prix,2024-05-05,miami,Miami International Autodrome,USA,15.0,88.42699999999999,,17.0,0.0,0.3,0.3,51.0,0,5,8.0,31.0,0.0,0,0,0,1,0.0,19.0,7.0,0.0,31.0,7.0,0.0,27.0,40.0,6.333333333333333,6.6,0.2,4.0,7.0
2024,6,17,17,0.0,11.0,57,Finished,+55.173,stroll,STR,18,Lance,Stroll,Canadian,aston_martin,Aston Martin,British,Miami Grand Prix,2024-05-05,miami,Miami International Autodrome,USA,11.0,88.22200000000001,,19.0,0.0,0.3,0.3,51.0,0,5,10.0,9.0,0.0,0,0,0,1,0.0,8.0,11.0,0.3333333333333333,9.0,12.4,0.4,27.0,40.0,6.333333333333333,6.6,0.2,0.0,11.0
2024,6,3,3,15.0,2.0,57,Finished,+9.920,leclerc,LEC,16,Charles,Leclerc,Monegasque,ferrari,Ferrari,Italian,Miami Grand Prix,2024-05-05,miami,Miami International Autodrome,USA,2.0,87.382,87.382,2.0,7.0,0.3,0.3,51.0,0,5,3.0,76.0,0.0,0,0,1,1,0.0,43.0,3.3333333333333335,0.0,71.0,3.4,0.0,93.0,142.0,2.6666666666666665,2.8,0.0,0.0,4.5
2024,6,5,5,10.0,3.0,57,Finished,+16.407,sainz,SAI,55,Carlos,Sainz,Spanish,ferrari,Ferrari,Italian,Miami Grand Prix,2024-05-05,miami,Miami International Autodrome,USA,3.0,87.455,87.455,5.0,4.0,0.3,0.3,51.0,0,5,4.0,69.0,1.0,0,0,0,1,0.0,50.0,3.0,0.0,65.0,6.0,0.2,93.0,142.0,2.6666666666666665,2.8,0.0,1.0,4.0
2024,6,11,11,0.0,9.0,57,Finished,+40.789,hulkenberg,HUL,27,Nico,Hülkenberg,German,haas,Haas F1 Team,American,Miami Grand Prix,2024-05-05,miami,Miami International Autodrome,USA,9.0,88.146,88.146,7.0,2.0,0.3,0.3,51.0,0,5,13.0,4.0,0.0,0,0,0,1,0.0,3.0,10.0,0.3333333333333333,4.0,11.2,0.4,4.0,5.0,10.0,10.4,0.5,0.0,15.0
2024,6,19,19,0.0,18.0,57,Finished,+1:24.683,kevin_magnussen,MAG,20,Kevin,Magnussen,Danish,haas,Haas F1 Team,American,Miami Grand Prix,2024-05-05,miami,Miami International Autodrome,USA,19.0,88.619,,18.0,0.0,0.3,0.3,51.0,0,5,14.0,1.0,0.0,0,0,0,1,-1.0,1.0,13.0,0.6666666666666666,1.0,12.6,0.6,4.0,5.0,10.0,10.4,0.5,10.0,13.0
2024,6,1,1,25.0,5.0,57,Finished,1:30:49.876,norris,NOR,1,Lando,Norris,British,mclaren,McLaren,British,Miami Grand Prix,2024-05-05,miami,Miami International Autodrome,USA,5.0,87.594,87.594,20.0,0.0,0.3,0.3,51.0,0,5,5.0,58.0,0.0,0,1,1,1,0.0,43.0,3.3333333333333335,0.0,55.0,4.8,0.0,63.0,91.0,3.3333333333333335,4.0,0.0,0.0,18.0
2024,6,13,13,0.0,6.0,57,Finished,+49.756,piastri,PIA,81,Oscar,Piastri,Australian,mclaren,McLaren,British,Miami Grand Prix,2024-05-05,miami,Miami International Autodrome,USA,6.0,87.675,87.675,6.0,3.0,0.3,0.3,51.0,0,5,6.0,38.0,0.0,0,0,0,1,0.0,20.0,6.666666666666667,0.0,36.0,6.4,0.0,63.0,91.0,3.3333333333333335,4.0,0.0,1.0,19.0
2024,6,6,6,8.0,8.0,57,Finished,+16.585,hamilton,HAM,44,Lewis,Hamilton,British,mercedes,Mercedes,German,Miami Grand Prix,2024-05-05,miami,Miami International Autodrome,USA,8.0,88.107,88.107,16.0,0.0,0.3,0.3,51.0,0,5,9.0,19.0,0.0,0,0,0,1,0.0,4.0,12.0,0.3333333333333333,12.0,10.4,0.2,18.0,44.0,10.0,8.2,0.2,1.0,6.0
2024,6,8,8,4.0,7.0,57,Finished,+34.789,russell,RUS,63,George,Russell,British,mercedes,Mercedes,German,Miami Grand Prix,2024-05-05,miami,Miami International Autodrome,USA,7.0,88.06700000000001,88.06700000000001,12.0,0.0,0.3,0.3,51.0,0,5,7.0,33.0,0.0,0,0,0,1,0.0,14.0,10.0,0.3333333333333333,32.0,8.2,0.2,18.0,44.0,10.0,8.2,0.2,0.0,4.5
2024,6,15,15,0.0,20.0,57,Finished,+50.956,ricciardo,RIC,3,Daniel,Ricciardo,Australian,rb,RB F1 Team,Italian,Miami Grand Prix,2024-05-05,miami,Miami International Autodrome,USA,18.0,88.617,,4.0,5.0,0.3,0.3,51.0,0,5,18.0,0.0,0.0,0,0,0,1,2.0,0.0,16.333333333333332,1.0,0.0,15.6,1.0,7.0,7.0,11.666666666666666,12.6,0.9,8.0,13.0
2024,6,7,7,6.0,10.0,57,Finished,+26.185,tsunoda,TSU,22,Yuki,Tsunoda,Japanese,rb,RB F1 Team,Italian,Miami Grand Prix,2024-05-05,miami,Miami International Autodrome,USA,10.0,88.19200000000001,88.19200000000001,8.0,1.0,0.3,0.3,51.0,0,5,11.0,7.0,0.0,0,0,0,1,0.0,7.0,12.0,0.6666666666666666,7.0,13.0,0.8,7.0,7.0,11.666666666666666,12.6,0.9,0.0,11.5
2024,6,2,2,18.0,1.0,57,Finished,+7.612,max_verstappen,VER,3,Max,Verstappen,Dutch,red_bull,Red Bull,Austrian,Miami Grand Prix,2024-05-05,miami,Miami International Autodrome,USA,1.0,87.241,87.241,1.0,8.0,0.3,0.3,51.0,0,5,1.0,110.0,4.0,0,0,1,1,0.0,51.0,7.0,0.3333333333333333,102.0,4.6,0.2,94.0,181.0,2.3333333333333335,1.8,0.1,0.0,1.0
2024,6,4,4,12.0,4.0,57,Finished,+14.650,perez,PER,11,Sergio,Pérez,Mexican,red_bull,Red Bull,Austrian,Miami Grand Prix,2024-05-05,miami,Miami International Autodrome,USA,4.0,87.46000000000001,87.46000000000001,3.0,6.0,0.3,0.3,51.0,0,5,2.0,85.0,0.0,0,0,0,1,0.0,43.0,3.3333333333333335,0.0,79.0,2.8,0.0,94.0,181.0,2.3333333333333335,1.8,0.1,3.0,3.0
2024,6,16,16,0.0,16.0,57,Finished,+52.356,bottas,BOT,77,Valtteri,Bottas,Finnish,sauber,Sauber,Swiss,Miami Grand Prix,2024-05-05,miami,Miami International Autodrome,USA,16.0,88.463,,14.0,0.0,0.3,0.3,51.0,0,5,20.0,0.0,0.0,0,0,0,1,0.0,0.0,16.0,1.0,0.0,16.8,1.0,0.0,0.0,14.0,14.0,0.9,0.0,10.0
2024,6,14,14,0.0,19.0,57,Finished,+49.979,zhou,ZHO,24,Guanyu,Zhou,Chinese,sauber,Sauber,Swiss,Miami Grand Prix,2024-05-05,miami,Miami International Autodrome,USA,20.0,88.824,,11.0,0.0,0.3,0.3,51.0,0,5,17.0,0.0,0.0,0,0,0,1,-1.0,0.0,15.666666666666666,0.6666666666666666,0.0,15.2,0.8,0.0,0.0,14.0,14.0,0.9,4.0,18.0
2024,6,18,18,0.0,14.0,57,Finished,+1:16.091,albon,ALB,23,Alexander,Albon,Thai,williams,Williams,British,Miami Grand Prix,2024-05-05,miami,Miami International Autodrome,USA,14.0,88.413,,13.0,0.0,0.3,0.3,51.0,0,5,15.0,0.0,0.0,0,0,0,1,0.0,0.0,14.333333333333334,0.6666666666666666,0.0,13.8,0.6,0.0,0.0,13.333333333333334,13.2,0.7,0.0,11.5
2024,6,20,R,0.0,17.0,27,Retired,,sargeant,SAR,2,Logan,Sargeant,American,williams,Williams,British,Miami Grand Prix,2024-05-05,miami,Miami International Autodrome,USA,17.0,88.487,,10.0,0.0,0.3,0.3,51.0,0,5,21.0,0.0,0.0,1,0,0,1,0.0,0.0,16.0,0.6666666666666666,0.0,16.8,0.6,0.0,0.0,13.333333333333334,13.2,0.7,3.0,20.0
2024,7,16,16,0.0,15.0,62,Lapped,+49.715,gasly,GAS,10,Pierre,Gasly,French,alpine,Alpine F1 Team,French,Emilia Romagna Grand Prix,2024-05-19,imola,Autodromo Enzo e Dino Ferrari,Italy,15.0,76.381,,-1.0,,0.2,0.2,51.0,0,6,19.0,0.0,0.0,1,0,0,0,0.0,0.0,13.666666666666666,0.3333333333333333,0.0,14.8,0.6,1.0,1.0,12.0,12.4,0.6,3.0,12.0
2024,7,14,14,0.0,12.0,62,Lapped,+43.907,ocon,OCO,31,Esteban,Ocon,French,alpine,Alpine F1 Team,French,Emilia Romagna Grand Prix,2024-05-19,imola,Autodromo Enzo e Dino Ferrari,Italy,12.0,75.906,,-1.0,,0.2,0.2,51.0,0,6,15.0,1.0,0.0,1,0,0,0,0.0,1.0,12.0,0.3333333333333333,1.0,13.0,0.6,1.0,1.0,12.0,12.4,0.6,0.0,14.0
2024,7,19,19,0.0,20.0,62,Lapped,+1:15.124,alonso,ALO,14,Fernando,Alonso,Spanish,aston_martin,Aston Martin,British,Emilia Romagna Grand Prix,2024-05-19,imola,Autodromo Enzo e Dino Ferrari,Italy,19.0,76.917,,-1.0,,0.2,0.2,51.0,0,6,8.0,33.0,0.0,1,0,0,0,1.0,17.0,7.333333333333333,0.0,31.0,7.0,0.0,17.0,39.0,7.333333333333333,6.6,0.2,6.0,19.0
2024,7,9,9,2.0,13.0,63,Finished,+1:19.556,stroll,STR,18,Lance,Stroll,Canadian,aston_martin,Aston Martin,British,Emilia Romagna Grand Prix,2024-05-19,imola,Autodromo Enzo e Dino Ferrari,Italy,13.0,75.992,,-1.0,,0.2,0.2,51.0,0,6,11.0,9.0,0.0,0,0,0,0,0.0,0.0,14.666666666666666,0.3333333333333333,8.0,13.8,0.4,17.0,39.0,7.333333333333333,6.6,0.2,0.0,10.0
2024,7,3,3,15.0,3.0,63,Finished,+7.916,leclerc,LEC,16,Charles,Leclerc,Monegasque,ferrari,Ferrari,Italian,Emilia Romagna Grand Prix,2024-05-19,imola,Autodromo Enzo e Dino Ferrari,Italy,4.0,74.97,74.97,-1.0,,0.2,0.2,51.0,0,6,3.0,98.0,0.0,0,0,1,0,-1.0,39.0,3.6666666666666665,0.0,74.0,3.2,0.0,74.0,140.0,3.3333333333333335,2.8,0.0,0.0,6.0
2024,7,5,5,10.0,4.0,63,Finished,+22.325,sainz,SAI,55,Carlos,Sainz,Spanish,ferrari,Ferrari,Italian,Emilia Romagna Grand Prix,2024-05-19,imola,Autodromo Enzo e Dino Ferrari,Italy,5.0,75.233,75.233,-1.0,,0.2,0.2,51.0,0,6,5.0,83.0,1.0,0,0,0,0,-1.0,35.0,4.333333333333333,0.0,75.0,3.4,0.0,74.0,140.0,3.3333333333333335,2.8,0.0,1.0,20.0
2024,7,11,11,0.0,10.0,62,Lapped,+25.277,hulkenberg,HUL,27,Nico,Hülkenberg,German,haas,Haas F1 Team,American,Emilia Romagna Grand Prix,2024-05-19,imola,Autodromo Enzo e Dino Ferrari,Italy,10.0,75.98,75.98,-1.0,,0.2,0.2,51.0,0,6,13.0,6.0,0.0,1,0,0,0,0.0,1.0,10.666666666666666,0.3333333333333333,4.0,10.2,0.2,1.0,5.0,10.666666666666666,10.2,0.3,0.0,
2024,7,12,12,0.0,18.0,62,Lapped,+26.434,kevin_magnussen,MAG,20,Kevin,Magnussen,Danish,haas,Haas F1 Team,American,Emilia Romagna Grand Prix,2024-05-19,imola,Autodromo Enzo e Dino Ferrari,Italy,18.0,76.854,,-1.0,,0.2,0.2,51.0,0,6,16.0,1.0,0.0,1,0,0,0,0.0,0.0,16.0,0.3333333333333333,1.0,14.0,0.4,1.0,5.0,10.666666666666666,10.2,0.3,8.0,9.0
2024,7,2,2,18.0,2.0,63,Finished,+0.725,norris,NOR,1,Lando,Norris,British,mclaren,McLaren,British,Emilia Romagna Grand Prix,2024-05-19,imola,Autodromo Enzo e Dino Ferrari,Italy,3.0,74.837,74.837,-1.0,,0.2,0.2,51.0,0,6,4.0,83.0,1.0,0,0,1,0,-1.0,53.0,2.6666666666666665,0.0,72.0,3.8,0.0,61.0,104.0,2.6666666666666665,3.0,0.0,1.0,3.0
2024,7,4,4,12.0,5.0,63,Finished,+14.132,piastri,PIA,81,Oscar,Piastri,Australian,mclaren,McLaren,British,Emilia Romagna Grand Prix,2024-05-19,imola,Autodromo Enzo e Dino Ferrari,Italy,2.0,74.82,74.82,-1.0,,0.2,0.2,51.0,0,6,6.0,41.0,0.0,0,0,0,0,3.0,8.0,9.666666666666666,0.0,32.0,7.4,0.0,61.0,104.0,2.6666666666666665,3.0,0.0,0.0,
2024,7,6,6,8.0,8.0,63,Finished,+35.104,hamilton,HAM,44,Lewis,Hamilton,British,mercedes,Mercedes,German,Emilia Romagna Grand Prix,2024-05-19,imola,Autodromo Enzo e Dino Ferrari,Italy,8.0,75.504,75.504,-1.0,,0.2,0.2,51.0,0,6,9.0,27.0,0.0,0,0,0,0,0.0,12.0,8.0,0.0,14.0,10.2,0.2,30.0,40.0,6.333333333333333,8.4,0.2,2.0,13.0
2024,7,7,7,7.0,6.0,63,Finished,+47.154,russell,RUS,63,George,Russell,British,mercedes,Mercedes,German,Emilia Romagna Grand Prix,2024-05-19,imola,Autodromo Enzo e Dino Ferrari,Italy,6.0,75.234,75.234,-1.0,,0.2,0.2,51.0,0,6,7.0,37.0,0.0,0,0,0,0,0.0,18.0,7.0,0.0,26.0,8.8,0.2,30.0,40.0,6.333333333333333,8.4,0.2,0.0,4.0
2024,7,13,13,0.0,9.0,62,Lapped,+27.661,ricciardo,RIC,3,Daniel,Ricciardo,Australian,rb,RB F1 Team,Italian,Emilia Romagna Grand Prix,2024-05-19,imola,Autodromo Enzo e Dino Ferrari,Italy,9.0,75.674,75.674,-1.0,,0.2,0.2,51.0,0,6,14.0,5.0,0.0,1,0,0,0,0.0,0.0,17.333333333333332,0.6666666666666666,0.0,16.0,0.8,7.0,13.0,11.666666666666666,11.4,0.7,2.0,18.0
2024,7,10,10,1.0,7.0,62,Lapped,+17.856,tsunoda,TSU,22,Yuki,Tsunoda,Japanese,rb,RB F1 Team,Italian,Emilia Romagna Grand Prix,2024-05-19,imola,Autodromo Enzo e Dino Ferrari,Italy,7.0,75.465,75.465,-1.0,,0.2,0.2,51.0,0,6,10.0,14.0,0.0,1,0,0,0,0.0,7.0,12.0,0.6666666666666666,13.0,11.6,0.6,7.0,13.0,11.666666666666666,11.4,0.7,0.0,7.0
2024,7,1,1,25.0,1.0,63,Finished,1:25:25.252,max_verstappen,VER,3,Max,Verstappen,Dutch,red_bull,Red Bull,Austrian,Emilia Romagna Grand Prix,2024-05-19,imola,Autodromo Enzo e Dino Ferrari,Italy,1.0,74.746,74.746,-1.0,,0.2,0.2,51.0,0,6,1.0,136.0,4.0,0,1,1,0,0.0,69.0,1.3333333333333333,0.0,94.0,4.8,0.2,114.0,167.0,1.3333333333333333,2.0,0.1,0.0,1.0
2024,7,8,8,4.0,11.0,63,Finished,+54.776,perez,PER,11,Sergio,Pérez,Mexican,red_bull,Red Bull,Austrian,Emilia Romagna Grand Prix,2024-05-19,imola,Autodromo Enzo e Dino Ferrari,Italy,11.0,75.706,,-1.0,,0.2,0.2,51.0,0,6,2.0,103.0,0.0,0,0,0,0,0.0,45.0,3.0,0.0,73.0,3.2,0.0,114.0,167.0,1.3333333333333333,2.0,0.1,10.0,2.0
2024,7,18,18,0.0,16.0,62,Lapped,+56.343,bottas,BOT,77,Valtteri,Bottas,Finnish,sauber,Sauber,Swiss,Emilia Romagna Grand Prix,2024-05-19,imola,Autodromo Enzo e Dino Ferrari,Italy,16.0,76.626,,-1.0,,0.2,0.2,51.0,0,6,20.0,0.0,0.0,1,0,0,0,0.0,0.0,16.666666666666668,0.6666666666666666,0.0,16.2,0.8,0.0,0.0,14.0,14.6,0.7,0.0,5.0
2024,7,15,15,0.0,17.0,62,Lapped,+44.933,zhou,ZHO,24,Guanyu,Zhou,Chinese,sauber,Sauber,Swiss,Emilia Romagna Grand Prix,2024-05-19,imola,Autodromo Enzo e Dino Ferrari,Italy,17.0,76.834,,-1.0,,0.2,0.2,51.0,0,6,18.0,0.0,0.0,1,0,0,0,0.0,0.0,15.333333333333334,0.3333333333333333,0.0,15.8,0.6,0.0,0.0,14.0,14.6,0.7,1.0,15.0
2024,7,20,R,0.0,14.0,51,Retired,,albon,ALB,23,Alexander,Albon,Thai,williams,Williams,British,Emilia Romagna Grand Prix,2024-05-19,imola,Autodromo Enzo e Dino Ferrari,Italy,14.0,76.2,,-1.0,,0.2,0.2,51.0,0,6,17.0,0.0,0.0,1,0,0,0,0.0,0.0,16.666666666666668,0.3333333333333333,0.0,14.4,0.4,0.0,0.0,15.666666666666666,13.8,0.6,0.0,11.0
2024,7,17,17,0.0,19.0,62,Lapped,+51.051,sargeant,SAR,2,Logan,Sargeant,American,williams,Williams,British,Emilia Romagna Grand Prix,2024-05-19,imola,Autodromo Enzo e Dino Ferrari,Italy,20.0,,,-1.0,,0.2,0.2,51.0,0,6,21.0,0.0,0.0,1,0,0,0,-1.0,0.0,18.0,0.6666666666666666,0.0,17.6,0.8,0.0,0.0,15.666666666666666,13.8,0.6,6.0,
2024,8,10,10,1.0,10.0,77,Lapped,+1:00.241,gasly,GAS,10,Pierre,Gasly,French,alpine,Alpine F1 Team,French,Monaco Grand Prix,2024-05-26,monaco,Circuit de Monaco,Monaco,10.0,71.311,71.311,-1.0,,0.0,0.0,3.0,0,7,19.0,0.0,0.0,1,0,0,0,0.0,0.0,13.666666666666666,0.3333333333333333,0.0,14.0,0.6,1.0,1.0,11.666666666666666,12.6,0.6,0.0,9.0
2024,8,17,R,0.0,11.0,0,Retired,,ocon,OCO,31,Esteban,Ocon,French,alpine,Alpine F1 Team,French,Monaco Grand Prix,2024-05-26,monaco,Circuit de Monaco,Monaco,11.0,71.285,,-1.0,,0.0,0.0,3.0,0,7,15.0,1.0,0.0,1,0,0,0,0.0,1.0,11.666666666666666,0.3333333333333333,1.0,13.2,0.6,1.0,1.0,11.666666666666666,12.6,0.6,1.0,7.5
2024,8,11,11,0.0,14.0,76,Lapped,+3.854,alonso,ALO,14,Fernando,Alonso,Spanish,aston_martin,Aston Martin,British,Monaco Grand Prix,2024-05-26,monaco,Circuit de Monaco,Monaco,14.0,72.019,,-1.0,,0.0,0.0,3.0,0,7,9.0,33.0,0.0,1,0,0,0,0.0,9.0,11.666666666666666,0.3333333333333333,21.0,9.8,0.2,11.0,31.0,8.333333333333334,7.4,0.2,1.0,4.5
2024,8,14,14,0.0,13.0,76,Lapped,+5.967,stroll,STR,18,Lance,Stroll,Canadian,aston_martin,Aston Martin,British,Monaco Grand Prix,2024-05-26,monaco,Circuit de Monaco,Monaco,13.0,71.563,,-1.0,,0.0,0.0,3.0,0,7,11.0,11.0,0.0,1,0,0,0,0.0,2.0,13.666666666666666,0.0,10.0,11.8,0.2,11.0,31.0,8.333333333333334,7.4,0.2,0.0,17.0
2024,8,1,1,25.0,1.0,78,Finished,2:23:15.554,leclerc,LEC,16,Charles,Leclerc,Monegasque,ferrari,Ferrari,Italian,Monaco Grand Prix,2024-05-26,monaco,Circuit de Monaco,Monaco,1.0,70.27,70.27,-1.0,,0.0,0.0,3.0,0,7,2.0,113.0,0.0,0,1,1,0,0.0,42.0,3.3333333333333335,0.0,73.0,3.2,0.0,72.0,143.0,3.3333333333333335,2.8,0.0,0.0,5.0
2024,8,3,3,15.0,3.0,78,Finished,+7.585,sainz,SAI,55,Carlos,Sainz,Spanish,ferrari,Ferrari,Italian,Monaco Grand Prix,2024-05-26,monaco,Circuit de Monaco,Monaco,3.0,70.518,70.518,-1.0,,0.0,0.0,3.0,0,7,5.0,93.0,1.0,0,0,1,0,0.0,30.0,5.0,0.0,70.0,3.8,0.0,72.0,143.0,3.3333333333333335,2.8,0.0,2.0,5.0
2024,8,19,R,0.0,19.0,0,Retired,,hulkenberg,HUL,27,Nico,Hülkenberg,German,haas,Haas F1 Team,American,Monaco Grand Prix,2024-05-26,monaco,Circuit de Monaco,Monaco,14.0,71.44,,-1.0,,0.0,0.0,3.0,0,7,13.0,6.0,0.0,1,0,0,0,5.0,1.0,10.666666666666666,0.3333333333333333,3.0,10.4,0.4,1.0,4.0,10.666666666666666,10.4,0.5,0.0,17.0
2024,8,20,R,0.0,20.0,0,Retired,,kevin_magnussen,MAG,20,Kevin,Magnussen,Danish,haas,Haas F1 Team,American,Monaco Grand Prix,2024-05-26,monaco,Circuit de Monaco,Monaco,15.0,71.725,,-1.0,,0.0,0.0,3.0,0,7,16.0,1.0,0.0,1,0,0,0,5.0,0.0,15.666666666666666,0.3333333333333333,1.0,14.0,0.6,1.0,4.0,10.666666666666666,10.4,0.5,1.0,19.5
2024,8,4,4,12.0,4.0,78,Finished,+8.650,norris,NOR,1,Lando,Norris,British,mclaren,McLaren,British,Monaco Grand Prix,2024-05-26,monaco,Circuit de Monaco,Monaco,4.0,70.542,70.542,-1.0,,0.0,0.0,3.0,0,7,4.0,101.0,1.0,0,0,0,0,0.0,61.0,1.6666666666666667,0.0,86.0,2.6,0.0,77.0,118.0,1.6666666666666667,2.6,0.0,2.0,7.5
2024,8,2,2,18.0,2.0,78,Finished,+7.152,piastri,PIA,81,Oscar,Piastri,Australian,mclaren,McLaren,British,Monaco Grand Prix,2024-05-26,monaco,Circuit de Monaco,Monaco,2.0,70.424,70.424,-1.0,,0.0,0.0,3.0,0,7,6.0,53.0,0.0,0,0,1,0,0.0,16.0,8.333333333333334,0.0,32.0,7.4,0.0,77.0,118.0,1.6666666666666667,2.6,0.0,0.0,10.0
2024,8,7,7,7.0,7.0,78,Finished,+14.908,hamilton,HAM,44,Lewis,Hamilton,British,mercedes,Mercedes,German,Monaco Grand Prix,2024-05-26,monaco,Circuit de Monaco,Monaco,7.0,70.621,70.621,-1.0,,0.0,0.0,3.0,0,7,8.0,35.0,0.0,0,0,0,0,0.0,18.0,7.0,0.0,20.0,9.6,0.2,37.0,45.0,6.0,8.4,0.2,2.0,6.0
2024,8,5,5,10.0,5.0,78,Finished,+13.309,russell,RUS,63,George,Russell,British,mercedes,Mercedes,German,Monaco Grand Prix,2024-05-26,monaco,Circuit de Monaco,Monaco,5.0,70.543,70.543,-1.0,,0.0,0.0,3.0,0,7,7.0,44.0,0.0,0,0,0,0,0.0,19.0,7.0,0.0,25.0,9.0,0.2,37.0,45.0,6.0,8.4,0.2,0.0,5.0
2024,8,12,12,0.0,12.0,76,Lapped,+4.264,ricciardo,RIC,3,Daniel,Ricciardo,Australian,rb,RB F1 Team,Italian,Monaco Grand Prix,2024-05-26,monaco,Circuit de Monaco,Monaco,12.0,71.482,,-1.0,,0.0,0.0,3.0,0,7,14.0,5.0,0.0,1,0,0,0,0.0,0.0,15.333333333333334,0.6666666666666666,0.0,15.4,0.8,7.0,14.0,11.666666666666666,10.4,0.7,4.0,13.0
2024,8,8,8,4.0,8.0,77,Lapped,+39.487,tsunoda,TSU,22,Yuki,Tsunoda,Japanese,rb,RB F1 Team,Italian,Monaco Grand Prix,2024-05-26,monaco,Circuit de Monaco,Monaco,8.0,70.858,70.858,-1.0,,0.0,0.0,3.0,0,7,10.0,15.0,0.0,1,0,0,0,0.0,7.0,12.0,0.6666666666666666,14.0,10.6,0.6,7.0,14.0,11.666666666666666,10.4,0.7,0.0,16.0
2024,8,6,6,8.0,6.0,78,Finished,+13.853,max_verstappen,VER,3,Max,Verstappen,Dutch,red_bull,Red Bull,Austrian,Monaco Grand Prix,2024-05-26,monaco,Circuit de Monaco,Monaco,6.0,70.56700000000001,70.56700000000001,-1.0,,0.0,0.0,3.0,0,7,1.0,161.0,5.0,0,0,0,0,0.0,68.0,1.3333333333333333,0.0,94.0,4.8,0.2,99.0,153.0,1.3333333333333333,2.0,0.1,0.0,2.0
2024,8,18,R,0.0,16.0,0,Retired,,perez,PER,11,Sergio,Pérez,Mexican,red_bull,Red Bull,Austrian,Monaco Grand Prix,2024-05-26,monaco,Circuit de Monaco,Monaco,16.0,72.06,,-1.0,,0.0,0.0,3.0,0,7,3.0,107.0,0.0,1,0,0,0,0.0,31.0,5.0,0.0,59.0,4.4,0.0,99.0,153.0,1.3333333333333333,2.0,0.1,10.0,8.5
2024,8,13,13,0.0,17.0,76,Lapped,+4.488,bottas,BOT,77,Valtteri,Bottas,Finnish,sauber,Sauber,Swiss,Monaco Grand Prix,2024-05-26,monaco,Circuit de Monaco,Monaco,17.0,72.512,,-1.0,,0.0,0.0,3.0,0,7,20.0,0.0,0.0,1,0,0,0,0.0,0.0,18.0,0.6666666666666666,0.0,16.4,0.8,0.0,0.0,14.333333333333334,14.2,0.7,0.0,10.0
2024,8,16,16,0.0,18.0,76,Lapped,+55.260,zhou,ZHO,24,Guanyu,Zhou,Chinese,sauber,Sauber,Swiss,Monaco Grand Prix,2024-05-26,monaco,Circuit de Monaco,Monaco,18.0,73.028,,-1.0,,0.0,0.0,3.0,0,7,18.0,0.0,0.0,1,0,0,0,0.0,0.0,14.333333333333334,0.3333333333333333,0.0,15.2,0.6,0.0,0.0,14.333333333333334,14.2,0.7,1.0,14.5
2024,8,9,9,2.0,9.0,77,Lapped,+54.052,albon,ALB,23,Alexander,Albon,Thai,williams,Williams,British,Monaco Grand Prix,2024-05-26,monaco,Circuit de Monaco,Monaco,9.0,70.94800000000001,70.94800000000001,-1.0,,0.0,0.0,3.0,0,7,17.0,0.0,0.0,1,0,0,0,0.0,0.0,16.666666666666668,0.3333333333333333,0.0,16.2,0.6,0.0,0.0,15.666666666666666,15.0,0.7,0.0,16.0
2024,8,15,15,0.0,15.0,76,Lapped,+9.026,sargeant,SAR,2,Logan,Sargeant,American,williams,Williams,British,Monaco Grand Prix,2024-05-26,monaco,Circuit de Monaco,Monaco,15.0,72.02,,-1.0,,0.0,0.0,3.0,0,7,21.0,0.0,0.0,1,0,0,0,0.0,0.0,18.0,0.6666666666666666,0.0,17.0,0.8,0.0,0.0,15.666666666666666,15.0,0.7,6.0,18.0
2024,9,9,9,2.0,15.0,70,Finished,+30.021,gasly,GAS,10,Pierre,Gasly,French,alpine,Alpine F1 Team,French,Canadian Grand Prix,2024-06-09,villeneuve,Circuit Gilles Villeneuve,Canada,15.0,72.94,,-1.0,,4.4,4.4,61.0,1,8,18.0,1.0,0.0,0,0,0,0,0.0,1.0,12.666666666666666,0.6666666666666666,1.0,13.4,0.6,2.0,2.0,11.333333333333334,12.0,0.6,0.0,13.0
2024,9,10,10,1.0,18.0,70,Finished,+30.313,ocon,OCO,31,Esteban,Ocon,French,alpine,Alpine F1 Team,French,Canadian Grand Prix,2024-06-09,villeneuve,Circuit Gilles Villeneuve,Canada,18.0,73.435,,-1.0,,4.4,4.4,61.0,1,8,16.0,1.0,0.0,0,0,0,0,0.0,1.0,13.666666666666666,0.6666666666666666,1.0,13.4,0.6,2.0,2.0,11.333333333333334,12.0,0.6,3.0,7.0
2024,9,6,6,8.0,6.0,70,Finished,+17.510,alonso,ALO,14,Fernando,Alonso,Spanish,aston_martin,Aston Martin,British,Canadian Grand Prix,2024-06-09,villeneuve,Circuit Gilles Villeneuve,Canada,6.0,72.228,72.228,-1.0,,4.4,4.4,61.0,1,8,9.0,33.0,0.0,0,0,0,0,0.0,2.0,13.0,0.6666666666666666,17.0,10.4,0.4,4.0,19.0,9.666666666666666,8.4,0.4,0.0,5.5
2024,9,7,7,6.0,9.0,70,Finished,+23.625,stroll,STR,18,Lance,Stroll,Canadian,aston_martin,Aston Martin,British,Canadian Grand Prix,2024-06-09,villeneuve,Circuit Gilles Villeneuve,Canada,9.0,72.701,72.701,-1.0,,4.4,4.4,61.0,1,8,11.0,11.0,0.0,0,0,0,0,0.0,2.0,13.333333333333334,0.3333333333333333,2.0,13.4,0.4,4.0,19.0,9.666666666666666,8.4,0.4,3.0,9.5
2024,9,19,R,0.0,11.0,40,Retired,,leclerc,LEC,16,Charles,Leclerc,Monegasque,ferrari,Ferrari,Italian,Canadian Grand Prix,2024-06-09,villeneuve,Circuit Gilles Villeneuve,Canada,11.0,72.691,,-1.0,,4.4,4.4,61.0,1,8,2.0,138.0,1.0,1,0,0,0,0.0,55.0,2.3333333333333335,0.0,79.0,3.0,0.0,90.0,139.0,2.3333333333333335,2.8,0.0,0.0,4.5
2024,9,16,R,0.0,12.0,52,Retired,,sainz,SAI,55,Carlos,Sainz,Spanish,ferrari,Ferrari,Italian,Canadian Grand Prix,2024-06-09,villeneuve,Circuit Gilles Villeneuve,Canada,12.0,72.728,,-1.0,,4.4,4.4,61.0,1,8,4.0,108.0,1.0,1,0,0,0,0.0,35.0,4.333333333333333,0.0,60.0,4.2,0.0,90.0,139.0,2.3333333333333335,2.8,0.0,1.0,3.5
2024,9,11,11,0.0,17.0,70,Finished,+30.824,hulkenberg,HUL,27,Nico,Hülkenberg,German,haas,Haas F1 Team,American,Canadian Grand Prix,2024-06-09,villeneuve,Circuit Gilles Villeneuve,Canada,19.0,73.978,,-1.0,,4.4,4.4,61.0,1,8,13.0,6.0,0.0,0,0,0,0,-2.0,0.0,13.666666666666666,0.6666666666666666,1.0,12.4,0.6,0.0,1.0,13.666666666666666,12.4,0.6,5.0,15.0
2024,9,12,12,0.0,14.0,70,Finished,+31.253,kevin_magnussen,MAG,20,Kevin,Magnussen,Danish,haas,Haas F1 Team,American,Canadian Grand Prix,2024-06-09,villeneuve,Circuit Gilles Villeneuve,Canada,14.0,72.916,,-1.0,,4.4,4.4,61.0,1,8,17.0,1.0,0.0,0,0,0,0,0.0,0.0,17.0,0.6666666666666666,0.0,16.0,0.6,0.0,1.0,13.666666666666666,12.4,0.6,0.0,17.0
2024,9,2,2,18.0,3.0,70,Finished,+3.879,norris,NOR,1,Lando,Norris,British,mclaren,McLaren,British,Canadian Grand Prix,2024-06-09,villeneuve,Circuit Gilles Villeneuve,Canada,3.0,72.021,72.021,-1.0,,4.4,4.4,61.0,1,8,3.0,113.0,1.0,0,0,1,0,0.0,55.0,2.3333333333333335,0.0,83.0,2.8,0.0,85.0,121.0,1.6666666666666667,2.4,0.0,0.0,14.0
2024,9,5,5,10.0,4.0,70,Finished,+10.199,piastri,PIA,81,Oscar,Piastri,Australian,mclaren,McLaren,British,Canadian Grand Prix,2024-06-09,villeneuve,Circuit Gilles Villeneuve,Canada,4.0,72.103,72.103,-1.0,,4.4,4.4,61.0,1,8,6.0,71.0,0.0,0,0,0,0,0.0,30.0,6.333333333333333,0.0,38.0,7.0,0.0,85.0,121.0,1.6666666666666667,2.4,0.0,1.0,11.0
2024,9,4,4,13.0,7.0,70,Finished,+4.915,hamilton,HAM,44,Lewis,Hamilton,British,mercedes,Mercedes,German,Canadian Grand Prix,2024-06-09,villeneuve,Circuit Gilles Villeneuve,Canada,7.0,72.28,72.28,-1.0,,4.4,4.4,61.0,1,8,8.0,42.0,0.0,0,0,0,0,0.0,23.0,6.333333333333333,0.0,27.0,7.4,0.0,44.0,62.0,5.666666666666667,6.0,0.0,6.0,3.0
2024,9,3,3,15.0,1.0,70,Finished,+4.317,russell,RUS,63,George,Russell,British,mercedes,Mercedes,German,Canadian Grand Prix,2024-06-09,villeneuve,Circuit Gilles Villeneuve,Canada,1.0,72.0,72.0,-1.0,,4.4,4.4,61.0,1,8,7.0,54.0,0.0,0,0,1,0,0.0,21.0,6.666666666666667,0.0,35.0,6.6,0.0,44.0,62.0,5.666666666666667,6.0,0.0,0.0,11.5
2024,9,8,8,4.0,5.0,70,Finished,+28.672,ricciardo,RIC,3,Daniel,Ricciardo,Australian,rb,RB F1 Team,Italian,Canadian Grand Prix,2024-06-09,villeneuve,Circuit Gilles Villeneuve,Canada,5.0,72.178,72.178,-1.0,,4.4,4.4,61.0,1,8,14.0,5.0,0.0,0,0,0,0,0.0,0.0,13.333333333333334,0.6666666666666666,0.0,15.4,0.8,11.0,12.0,8.333333333333334,10.6,0.8,0.0,11.0
2024,9,14,14,0.0,8.0,70,Finished,+52.694,tsunoda,TSU,22,Yuki,Tsunoda,Japanese,rb,RB F1 Team,Italian,Canadian Grand Prix,2024-06-09,villeneuve,Circuit Gilles Villeneuve,Canada,8.0,72.414,72.414,-1.0,,4.4,4.4,61.0,1,8,10.0,19.0,0.0,0,0,0,0,0.0,11.0,8.333333333333334,0.6666666666666666,12.0,10.8,0.8,11.0,12.0,8.333333333333334,10.6,0.8,3.0,16.0
2024,9,1,1,25.0,2.0,70,Finished,1:45:47.927,max_verstappen,VER,3,Max,Verstappen,Dutch,red_bull,Red Bull,Austrian,Canadian Grand Prix,2024-06-09,villeneuve,Circuit Gilles Villeneuve,Canada,2.0,72.0,72.0,-1.0,,4.4,4.4,61.0,1,8,1.0,169.0,5.0,0,1,1,0,0.0,51.0,3.0,0.0,102.0,2.2,0.0,67.0,151.0,3.0,2.2,0.1,0.0,1.0
2024,9,18,R,0.0,16.0,51,Retired,,perez,PER,11,Sergio,Pérez,Mexican,red_bull,Red Bull,Austrian,Canadian Grand Prix,2024-06-09,villeneuve,Circuit Gilles Villeneuve,Canada,16.0,73.326,,-1.0,,4.4,4.4,61.0,1,8,5.0,107.0,0.0,1,0,0,0,0.0,16.0,10.0,0.3333333333333333,49.0,7.0,0.2,67.0,151.0,3.0,2.2,0.1,14.0,13.0
2024,9,13,13,0.0,19.0,70,Finished,+40.487,bottas,BOT,77,Valtteri,Bottas,Finnish,sauber,Sauber,Swiss,Canadian Grand Prix,2024-06-09,villeneuve,Circuit Gilles Villeneuve,Canada,17.0,73.366,,-1.0,,4.4,4.4,61.0,1,8,20.0,0.0,0.0,0,0,0,0,2.0,0.0,15.666666666666666,0.6666666666666666,0.0,16.2,0.8,0.0,0.0,14.0,14.0,0.7,0.0,8.5
2024,9,15,15,0.0,20.0,69,Lapped,+53.528,zhou,ZHO,24,Guanyu,Zhou,Chinese,sauber,Sauber,Swiss,Canadian Grand Prix,2024-06-09,villeneuve,Circuit Gilles Villeneuve,Canada,20.0,74.292,,-1.0,,4.4,4.4,61.0,1,8,19.0,0.0,0.0,1,0,0,0,0.0,0.0,15.0,0.6666666666666666,0.0,15.4,0.6,0.0,0.0,14.0,14.0,0.7,3.0,12.0
2024,9,17,R,0.0,10.0,52,Retired,,albon,ALB,23,Alexander,Albon,Thai,williams,Williams,British,Canadian Grand Prix,2024-06-09,villeneuve,Circuit Gilles Villeneuve,Canada,10.0,72.79599999999999,72.79599999999999,-1.0,,4.4,4.4,61.0,1,8,15.0,2.0,0.0,1,0,0,0,0.0,2.0,15.666666666666666,0.6666666666666666,2.0,15.8,0.6,2.0,2.0,14.666666666666666,14.6,0.7,0.0,10.0
2024,9,20,R,0.0,13.0,23,Retired,,sargeant,SAR,2,Logan,Sargeant,American,williams,Williams,British,Canadian Grand Prix,2024-06-09,villeneuve,Circuit Gilles Villeneuve,Canada,13.0,72.736,,-1.0,,4.4,4.4,61.0,1,8,21.0,0.0,0.0,1,0,0,0,0.0,0.0,17.333333333333332,1.0,0.0,17.2,0.8,2.0,2.0,14.666666666666666,14.6,0.7,3.0,20.0
2024,10,9,9,2.0,7.0,66,Finished,+1:02.025,gasly,GAS,10,Pierre,Gasly,French,alpine,Alpine F1 Team,French,Spanish Grand Prix,2024-06-23,catalunya,Circuit de Barcelona-Catalunya,Spain,7.0,71.857,71.857,-1.0,,2.8,2.8,53.0,1,9,15.0,3.0,0.0,0,0,0,0,0.0,3.0,11.666666666666666,0.6666666666666666,3.0,12.0,0.4,4.0,5.0,11.0,10.8,0.4,0.0,11.5
2024,10,10,10,1.0,8.0,66,Finished,+1:11.889,ocon,OCO,31,Esteban,Ocon,French,alpine,Alpine F1 Team,French,Spanish Grand Prix,2024-06-23,catalunya,Circuit de Barcelona-Catalunya,Spain,9.0,72.125,72.125,-1.0,,2.8,2.8,53.0,1,9,17.0,2.0,0.0,0,0,0,0,-1.0,1.0,13.666666666666666,0.6666666666666666,2.0,12.4,0.4,4.0,5.0,11.0,10.8,0.4,2.0,7.5
2024,10,12,12,0.0,10.0,65,Lapped,+9.497,alonso,ALO,14,Fernando,Alonso,Spanish,aston_martin,Aston Martin,British,Spanish Grand Prix,2024-06-23,catalunya,Circuit de Barcelona-Catalunya,Spain,11.0,72.128,,-1.0,,2.8,2.8,53.0,1,9,9.0,41.0,0.0,1,0,0,0,-1.0,8.0,12.0,0.6666666666666666,17.0,10.4,0.4,16.0,25.0,8.666666666666666,8.4,0.3,0.0,8.0
2024,10,14,14,0.0,14.0,65,Lapped,+25.252,stroll,STR,18,Lance,Stroll,Canadian,aston_martin,Aston Martin,British,Spanish Grand Prix,2024-06-23,catalunya,Circuit de Barcelona-Catalunya,Spain,14.0,72.372,,-1.0,,2.8,2.8,53.0,1,9,11.0,17.0,0.0,1,0,0,0,0.0,8.0,10.0,0.3333333333333333,8.0,12.4,0.2,16.0,25.0,8.666666666666666,8.4,0.3,3.0,10.5
2024,10,5,5,10.0,5.0,66,Finished,+22.709,leclerc,LEC,16,Charles,Leclerc,Monegasque,ferrari,Ferrari,Italian,Spanish Grand Prix,2024-06-23,catalunya,Circuit de Barcelona-Catalunya,Spain,5.0,71.731,71.731,-1.0,,2.8,2.8,53.0,1,9,2.0,138.0,1.0,0,0,0,0,0.0,40.0,7.666666666666667,0.3333333333333333,67.0,6.0,0.2,65.0,112.0,6.666666666666667,5.4,0.2,0.0,15.5
2024,10,6,6,8.0,6.0,66,Finished,+31.028,sainz,SAI,55,Carlos,Sainz,Spanish,ferrari,Ferrari,Italian,Spanish Grand Prix,2024-06-23,catalunya,Circuit de Barcelona-Catalunya,Spain,6.0,71.736,71.736,-1.0,,2.8,2.8,53.0,1,9,4.0,108.0,1.0,0,0,0,0,0.0,25.0,8.0,0.3333333333333333,45.0,6.8,0.2,65.0,112.0,6.666666666666667,5.4,0.2,1.0,4.5
2024,10,11,11,0.0,13.0,66,Finished,+1:19.215,hulkenberg,HUL,27,Nico,Hülkenberg,German,haas,Haas F1 Team,American,Spanish Grand Prix,2024-06-23,catalunya,Circuit de Barcelona-Catalunya,Spain,13.0,72.31,,-1.0,,2.8,2.8,53.0,1,9,14.0,6.0,0.0,0,0,0,0,0.0,0.0,13.666666666666666,0.6666666666666666,1.0,12.4,0.4,0.0,1.0,13.666666666666666,12.4,0.4,0.0,15.0
2024,10,17,17,0.0,16.0,65,Lapped,+54.788,kevin_magnussen,MAG,20,Kevin,Magnussen,Danish,haas,Haas F1 Team,American,Spanish Grand Prix,2024-06-23,catalunya,Circuit de Barcelona-Catalunya,Spain,16.0,72.937,,-1.0,,2.8,2.8,53.0,1,9,18.0,1.0,0.0,1,0,0,0,0.0,0.0,14.666666666666666,0.6666666666666666,0.0,15.8,0.4,0.0,1.0,13.666666666666666,12.4,0.4,3.0,17.5
2024,10,2,2,19.0,1.0,66,Finished,+2.219,norris,NOR,1,Lando,Norris,British,mclaren,McLaren,British,Spanish Grand Prix,2024-06-23,catalunya,Circuit de Barcelona-Catalunya,Spain,1.0,71.383,71.383,-1.0,,2.8,2.8,53.0,1,9,3.0,131.0,1.0,0,0,1,0,0.0,48.0,2.6666666666666665,0.0,91.0,2.2,0.0,88.0,135.0,2.0,1.8,0.0,0.0,12.5
2024,10,7,7,6.0,9.0,66,Finished,+33.760,piastri,PIA,81,Oscar,Piastri,Australian,mclaren,McLaren,British,Spanish Grand Prix,2024-06-23,catalunya,Circuit de Barcelona-Catalunya,Spain,10.0,72.011,,-1.0,,2.8,2.8,53.0,1,9,6.0,81.0,0.0,0,0,0,0,-1.0,40.0,3.6666666666666665,0.0,44.0,6.4,0.0,88.0,135.0,2.0,1.8,0.0,9.0,13.0
2024,10,3,3,15.0,3.0,66,Finished,+17.790,hamilton,HAM,44,Lewis,Hamilton,British,mercedes,Mercedes,German,Spanish Grand Prix,2024-06-23,catalunya,Circuit de Barcelona-Catalunya,Spain,3.0,71.701,71.701,-1.0,,2.8,2.8,53.0,1,9,8.0,55.0,0.0,0,0,1,0,0.0,28.0,5.666666666666667,0.0,38.0,6.4,0.0,60.0,82.0,4.666666666666667,5.2,0.0,0.0,3.5
2024,10,4,4,12.0,4.0,66,Finished,+22.320,russell,RUS,63,George,Russell,British,mercedes,Mercedes,German,Spanish Grand Prix,2024-06-23,catalunya,Circuit de Barcelona-Catalunya,Spain,4.0,71.703,71.703,-1.0,,2.8,2.8,53.0,1,9,7.0,69.0,0.0,0,0,0,0,0.0,32.0,5.0,0.0,44.0,5.8,0.0,60.0,82.0,4.666666666666667,5.2,0.0,1.0,3.0
2024,10,15,15,0.0,18.0,65,Lapped,+44.050,ricciardo,RIC,3,Daniel,Ricciardo,Australian,rb,RB F1 Team,Italian,Spanish Grand Prix,2024-06-23,catalunya,Circuit de Barcelona-Catalunya,Spain,18.0,73.075,,-1.0,,2.8,2.8,53.0,1,9,12.0,9.0,0.0,1,0,0,0,0.0,4.0,11.0,0.6666666666666666,4.0,13.2,0.6,9.0,15.0,8.666666666666666,10.2,0.6,1.0,12.0
2024,10,19,19,0.0,17.0,65,Lapped,+1:08.904,tsunoda,TSU,22,Yuki,Tsunoda,Japanese,rb,RB F1 Team,Italian,Spanish Grand Prix,2024-06-23,catalunya,Circuit de Barcelona-Catalunya,Spain,17.0,72.985,,-1.0,,2.8,2.8,53.0,1,9,10.0,19.0,0.0,1,0,0,0,0.0,5.0,10.666666666666666,0.6666666666666666,11.0,11.6,0.6,9.0,15.0,8.666666666666666,10.2,0.6,0.0,11.0
2024,10,1,1,25.0,2.0,66,Finished,1:28:20.227,max_verstappen,VER,3,Max,Verstappen,Dutch,red_bull,Red Bull,Austrian,Spanish Grand Prix,2024-06-23,catalunya,Circuit de Barcelona-Catalunya,Spain,2.0,71.403,71.403,-1.0,,2.8,2.8,53.0,1,9,1.0,194.0,6.0,0,1,1,0,0.0,58.0,2.6666666666666665,0.0,101.0,2.2,0.0,62.0,132.0,2.6666666666666665,2.2,0.2,0.0,1.0
2024,10,8,8,4.0,11.0,66,Finished,+59.524,perez,PER,11,Sergio,Pérez,Mexican,red_bull,Red Bull,Austrian,Spanish Grand Prix,2024-06-23,catalunya,Circuit de Barcelona-Catalunya,Spain,8.0,72.061,72.061,-1.0,,2.8,2.8,53.0,1,9,5.0,107.0,0.0,0,0,0,0,3.0,4.0,14.666666666666666,0.6666666666666666,31.0,10.2,0.4,62.0,132.0,2.6666666666666665,2.2,0.2,6.0,3.0
2024,10,16,16,0.0,12.0,65,Lapped,+53.313,bottas,BOT,77,Valtteri,Bottas,Finnish,sauber,Sauber,Swiss,Spanish Grand Prix,2024-06-23,catalunya,Circuit de Barcelona-Catalunya,Spain,12.0,72.227,,-1.0,,2.8,2.8,53.0,1,9,20.0,0.0,0.0,1,0,0,0,0.0,0.0,14.666666666666666,0.6666666666666666,0.0,16.0,0.6,0.0,0.0,13.666666666666666,13.8,0.6,0.0,12.5
2024,10,13,13,0.0,15.0,65,Lapped,+15.476,zhou,ZHO,24,Guanyu,Zhou,Chinese,sauber,Sauber,Swiss,Spanish Grand Prix,2024-06-23,catalunya,Circuit de Barcelona-Catalunya,Spain,15.0,72.738,,-1.0,,2.8,2.8,53.0,1,9,19.0,0.0,0.0,1,0,0,0,0.0,0.0,15.333333333333334,1.0,0.0,14.8,0.6,0.0,0.0,13.666666666666666,13.8,0.6,3.0,14.0
2024,10,18,18,0.0,20.0,65,Lapped,+58.149,albon,ALB,23,Alexander,Albon,Thai,williams,Williams,British,Spanish Grand Prix,2024-06-23,catalunya,Circuit de Barcelona-Catalunya,Spain,19.0,73.153,,-1.0,,2.8,2.8,53.0,1,9,16.0,2.0,0.0,1,0,0,0,1.0,2.0,15.333333333333334,1.0,2.0,15.2,0.6,2.0,2.0,14.333333333333334,14.6,0.7,0.0,17.0
2024,10,20,20,0.0,19.0,64,Lapped,+4.866,sargeant,SAR,2,Logan,Sargeant,American,williams,Williams,British,Spanish Grand Prix,2024-06-23,catalunya,Circuit de Barcelona-Catalunya,Spain,20.0,73.509,,-1.0,,2.8,2.8,53.0,1,9,21.0,0.0,0.0,1,0,0,0,-1.0,0.0,17.333333333333332,1.0,0.0,17.8,0.8,2.0,2.0,14.333333333333334,14.6,0.7,1.0,20.0
2024,11,10,10,1.0,13.0,71,Finished,+1:01.766,gasly,GAS,10,Pierre,Gasly,French,alpine,Alpine F1 Team,French,Austrian Grand Prix,2024-06-30,red_bull_ring,Red Bull Ring,Austria,13.0,65.359,,12.0,0.0,0.0,0.0,3.0,0,10,15.0,5.0,0.0,0,0,0,1,0.0,5.0,9.333333333333334,0.3333333333333333,5.0,11.2,0.4,7.0,8.0,9.333333333333334,10.4,0.4,3.0,12.5
2024,11,12,12,0.0,10.0,71,Finished,+1:08.325,ocon,OCO,31,Esteban,Ocon,French,alpine,Alpine F1 Team,French,Austrian Grand Prix,2024-06-30,red_bull_ring,Red Bull Ring,Austria,10.0,65.883,65.883,11.0,0.0,0.0,0.0,3.0,0,10,16.0,3.0,0.0,0,0,0,1,0.0,2.0,12.333333333333334,0.3333333333333333,3.0,12.2,0.4,7.0,8.0,9.333333333333334,10.4,0.4,0.0,9.5
2024,11,18,18,0.0,15.0,70,Lapped,+47.660,alonso,ALO,14,Fernando,Alonso,Spanish,aston_martin,Aston Martin,British,Austrian Grand Prix,2024-06-30,red_bull_ring,Red Bull Ring,Austria,15.0,65.639,,15.0,0.0,0.0,0.0,3.0,0,10,9.0,41.0,0.0,1,0,0,1,0.0,8.0,9.666666666666666,0.6666666666666666,10.0,11.4,0.6,14.0,18.0,9.666666666666666,9.4,0.5,0.0,7.5
2024,11,13,13,0.0,17.0,70,Lapped,+10.234,stroll,STR,18,Lance,Stroll,Canadian,aston_martin,Aston Martin,British,Austrian Grand Prix,2024-06-30,red_bull_ring,Red Bull Ring,Austria,17.0,65.819,,10.0,0.0,0.0,0.0,3.0,0,10,11.0,17.0,0.0,1,0,0,1,0.0,6.0,11.666666666666666,0.6666666666666666,8.0,12.2,0.4,14.0,18.0,9.666666666666666,9.4,0.5,2.0,11.0
2024,11,11,11,0.0,6.0,71,Finished,+1:07.056,leclerc,LEC,16,Charles,Leclerc,Monegasque,ferrari,Ferrari,Italian,Austrian Grand Prix,2024-06-30,red_bull_ring,Red Bull Ring,Austria,6.0,65.044,65.044,7.0,2.0,0.0,0.0,3.0,0,10,3.0,148.0,1.0,0,0,0,1,0.0,35.0,8.333333333333334,0.3333333333333333,65.0,6.2,0.2,58.0,108.0,7.333333333333333,5.6,0.2,2.0,1.5
2024,11,3,3,15.0,4.0,71,Finished,+4.533,sainz,SAI,55,Carlos,Sainz,Spanish,ferrari,Ferrari,Italian,Austrian Grand Prix,2024-06-30,red_bull_ring,Red Bull Ring,Austria,4.0,64.851,64.851,5.0,4.0,0.0,0.0,3.0,0,10,4.0,116.0,1.0,0,0,1,1,0.0,23.0,8.333333333333334,0.3333333333333333,43.0,7.0,0.2,58.0,108.0,7.333333333333333,5.6,0.2,0.0,12.0
2024,11,6,6,8.0,9.0,71,Finished,+54.088,hulkenberg,HUL,27,Nico,Hülkenberg,German,haas,Haas F1 Team,American,Austrian Grand Prix,2024-06-30,red_bull_ring,Red Bull Ring,Austria,9.0,65.385,65.385,19.0,0.0,0.0,0.0,3.0,0,10,14.0,6.0,0.0,0,0,0,1,0.0,0.0,13.666666666666666,0.3333333333333333,0.0,12.6,0.4,0.0,0.0,13.666666666666666,12.6,0.5,0.0,20.0
2024,11,8,8,4.0,12.0,71,Finished,+1:00.355,kevin_magnussen,MAG,20,Kevin,Magnussen,Danish,haas,Haas F1 Team,American,Austrian Grand Prix,2024-06-30,red_bull_ring,Red Bull Ring,Austria,12.0,65.347,,9.0,0.0,0.0,0.0,3.0,0,10,18.0,1.0,0.0,0,0,0,1,0.0,0.0,16.333333333333332,0.6666666666666666,0.0,16.0,0.6,0.0,0.0,13.666666666666666,12.6,0.5,3.0,13.0
2024,11,20,20,0.0,2.0,64,Lapped,,norris,NOR,1,Lando,Norris,British,mclaren,McLaren,British,Austrian Grand Prix,2024-06-30,red_bull_ring,Red Bull Ring,Austria,2.0,64.718,64.718,3.0,6.0,0.0,0.0,3.0,0,10,2.0,150.0,1.0,1,0,0,1,0.0,49.0,2.6666666666666665,0.0,92.0,2.2,0.0,83.0,138.0,2.0,1.8,0.0,0.0,5.5
2024,11,2,2,18.0,7.0,71,Finished,+1.906,piastri,PIA,81,Oscar,Piastri,Australian,mclaren,McLaren,British,Austrian Grand Prix,2024-06-30,red_bull_ring,Red Bull Ring,Austria,7.0,65.048,65.048,2.0,7.0,0.0,0.0,3.0,0,10,6.0,87.0,0.0,0,0,1,1,0.0,34.0,4.666666666666667,0.0,46.0,6.2,0.0,83.0,138.0,2.0,1.8,0.0,5.0,16.0
2024,11,4,4,12.0,5.0,71,Finished,+23.142,hamilton,HAM,44,Lewis,Hamilton,British,mercedes,Mercedes,German,Austrian Grand Prix,2024-06-30,red_bull_ring,Red Bull Ring,Austria,5.0,64.903,64.903,6.0,3.0,0.0,0.0,3.0,0,10,8.0,70.0,0.0,0,0,0,1,0.0,35.0,4.666666666666667,0.0,51.0,5.2,0.0,72.0,99.0,3.6666666666666665,4.6,0.0,2.0,5.5
2024,11,1,1,25.0,3.0,71,Finished,1:24:22.798,russell,RUS,63,George,Russell,British,mercedes,Mercedes,German,Austrian Grand Prix,2024-06-30,red_bull_ring,Red Bull Ring,Austria,3.0,64.84,64.84,4.0,5.0,0.0,0.0,3.0,0,10,7.0,81.0,0.0,0,1,1,1,0.0,37.0,4.0,0.0,48.0,5.4,0.0,72.0,99.0,3.6666666666666665,4.6,0.0,0.0,5.5
2024,11,9,9,2.0,11.0,71,Finished,+1:01.169,ricciardo,RIC,3,Daniel,Ricciardo,Australian,rb,RB F1 Team,Italian,Austrian Grand Prix,2024-06-30,red_bull_ring,Red Bull Ring,Austria,11.0,65.289,,14.0,0.0,0.0,0.0,3.0,0,10,12.0,9.0,0.0,0,0,0,1,0.0,4.0,11.666666666666666,0.6666666666666666,4.0,12.6,0.6,8.0,15.0,10.333333333333334,9.6,0.6,0.0,9.0
2024,11,14,14,0.0,14.0,70,Lapped,+13.145,tsunoda,TSU,22,Yuki,Tsunoda,Japanese,rb,RB F1 Team,Italian,Austrian Grand Prix,2024-06-30,red_bull_ring,Red Bull Ring,Austria,14.0,65.412,,13.0,0.0,0.0,0.0,3.0,0,10,10.0,19.0,0.0,1,0,0,1,0.0,4.0,13.666666666666666,0.6666666666666666,11.0,11.6,0.6,8.0,15.0,10.333333333333334,9.6,0.6,3.0,17.5
2024,11,5,5,10.0,1.0,71,Finished,+37.253,max_verstappen,VER,3,Max,Verstappen,Dutch,red_bull,Red Bull,Austrian,Austrian Grand Prix,2024-06-30,red_bull_ring,Red Bull Ring,Austria,1.0,64.314,64.314,1.0,8.0,0.0,0.0,3.0,0,10,1.0,219.0,7.0,0,0,0,1,0.0,58.0,2.6666666666666665,0.0,101.0,2.2,0.0,62.0,121.0,2.6666666666666665,2.2,0.2,0.0,1.5
2024,11,7,7,6.0,8.0,71,Finished,+54.672,perez,PER,11,Sergio,Pérez,Mexican,red_bull,Red Bull,Austrian,Austrian Grand Prix,2024-06-30,red_bull_ring,Red Bull Ring,Austria,8.0,65.202,65.202,8.0,1.0,0.0,0.0,3.0,0,10,5.0,111.0,0.0,0,0,0,1,0.0,4.0,14.666666666666666,0.6666666666666666,20.0,11.2,0.4,62.0,121.0,2.6666666666666665,2.2,0.2,7.0,11.5
2024,11,16,16,0.0,18.0,70,Lapped,+19.375,bottas,BOT,77,Valtteri,Bottas,Finnish,sauber,Sauber,Swiss,Austrian Grand Prix,2024-06-30,red_bull_ring,Red Bull Ring,Austria,18.0,65.847,,18.0,0.0,0.0,0.0,3.0,0,10,20.0,0.0,0.0,1,0,0,1,0.0,0.0,14.0,0.6666666666666666,0.0,15.2,0.6,0.0,0.0,13.0,13.6,0.7,0.0,13.0
2024,11,17,17,0.0,20.0,70,Lapped,+44.882,zhou,ZHO,24,Guanyu,Zhou,Chinese,sauber,Sauber,Swiss,Austrian Grand Prix,2024-06-30,red_bull_ring,Red Bull Ring,Austria,20.0,66.061,,20.0,0.0,0.0,0.0,3.0,0,10,19.0,0.0,0.0,1,0,0,1,0.0,0.0,14.666666666666666,1.0,0.0,14.6,0.8,0.0,0.0,13.0,13.6,0.7,2.0,13.0
2024,11,15,15,0.0,16.0,70,Lapped,+15.866,albon,ALB,23,Alexander,Albon,Thai,williams,Williams,British,Austrian Grand Prix,2024-06-30,red_bull_ring,Red Bull Ring,Austria,16.0,65.736,,17.0,0.0,0.0,0.0,3.0,0,10,17.0,2.0,0.0,1,0,0,1,0.0,2.0,14.666666666666666,1.0,2.0,16.4,0.8,2.0,2.0,14.666666666666666,15.8,0.9,0.0,11.5
2024,11,19,19,0.0,19.0,69,Lapped,+6.309,sargeant,SAR,2,Logan,Sargeant,American,williams,Williams,British,Austrian Grand Prix,2024-06-30,red_bull_ring,Red Bull Ring,Austria,19.0,65.856,,16.0,0.0,0.0,0.0,3.0,0,10,21.0,0.0,0.0,1,0,0,1,0.0,0.0,18.333333333333332,1.0,0.0,18.4,1.0,2.0,2.0,14.666666666666666,15.8,0.9,3.0,13.0
2024,12,20,W,0.0,19.0,0,Did not start,,gasly,GAS,10,Pierre,Gasly,French,alpine,Alpine F1 Team,French,British Grand Prix,2024-07-07,silverstone,Silverstone Circuit,UK,20.0,99.804,,-1.0,,2.0,2.0,53.0,1,11,15.0,6.0,0.0,1,0,0,0,-1.0,5.0,9.333333333333334,0.0,6.0,10.8,0.4,7.0,8.0,9.333333333333334,10.4,0.4,2.0,17.0
2024,12,16,16,0.0,18.0,50,Lapped,+10.682,ocon,OCO,31,Esteban,Ocon,French,alpine,Alpine F1 Team,French,British Grand Prix,2024-07-07,silverstone,Silverstone Circuit,UK,18.0,94.557,,-1.0,,2.0,2.0,53.0,1,11,17.0,3.0,0.0,1,0,0,0,0.0,2.0,10.666666666666666,0.0,2.0,12.6,0.4,7.0,8.0,9.333333333333334,10.4,0.4,0.0,17.5
2024,12,8,8,4.0,10.0,52,Finished,+1:03.577,alonso,ALO,14,Fernando,Alonso,Spanish,aston_martin,Aston Martin,British,British Grand Prix,2024-07-07,silverstone,Silverstone Circuit,UK,10.0,86.917,86.917,-1.0,,2.0,2.0,53.0,1,11,9.0,41.0,0.0,0,0,0,0,0.0,8.0,12.0,0.6666666666666666,8.0,13.2,0.8,14.0,16.0,10.333333333333334,10.2,0.7,2.0,6.0
2024,12,7,7,6.0,8.0,52,Finished,+56.569,stroll,STR,18,Lance,Stroll,Canadian,aston_martin,Aston Martin,British,British Grand Prix,2024-07-07,silverstone,Silverstone Circuit,UK,8.0,86.58500000000001,86.58500000000001,-1.0,,2.0,2.0,53.0,1,11,11.0,17.0,0.0,0,0,0,0,0.0,6.0,11.333333333333334,0.6666666666666666,8.0,11.4,0.6,14.0,16.0,10.333333333333334,10.2,0.7,0.0,12.5
2024,12,14,14,0.0,11.0,51,Lapped,+40.473,leclerc,LEC,16,Charles,Leclerc,Monegasque,ferrari,Ferrari,Italian,British Grand Prix,2024-07-07,silverstone,Silverstone Circuit,UK,11.0,87.09700000000001,,-1.0,,2.0,2.0,53.0,1,11,3.0,150.0,1.0,1,0,0,0,0.0,10.0,11.666666666666666,0.3333333333333333,50.0,7.8,0.2,33.0,98.0,8.0,5.6,0.2,4.0,6.5
2024,12,5,5,11.0,7.0,52,Finished,+47.318,sainz,SAI,55,Carlos,Sainz,Spanish,ferrari,Ferrari,Italian,British Grand Prix,2024-07-07,silverstone,Silverstone Circuit,UK,7.0,86.509,86.509,-1.0,,2.0,2.0,53.0,1,11,4.0,135.0,1.0,0,0,0,0,0.0,23.0,8.333333333333334,0.3333333333333333,48.0,6.6,0.2,33.0,98.0,8.0,5.6,0.2,0.0,5.5
2024,12,6,6,8.0,6.0,52,Finished,+55.722,hulkenberg,HUL,27,Nico,Hülkenberg,German,haas,Haas F1 Team,American,British Grand Prix,2024-07-07,silverstone,Silverstone Circuit,UK,6.0,86.338,86.338,-1.0,,2.0,2.0,53.0,1,11,12.0,14.0,0.0,0,0,0,0,0.0,8.0,9.333333333333334,0.0,8.0,11.6,0.4,12.0,12.0,9.333333333333334,11.6,0.5,0.0,13.0
2024,12,12,12,0.0,17.0,52,Finished,+1:30.153,kevin_magnussen,MAG,20,Kevin,Magnussen,Danish,haas,Haas F1 Team,American,British Grand Prix,2024-07-07,silverstone,Silverstone Circuit,UK,17.0,92.905,,-1.0,,2.0,2.0,53.0,1,11,16.0,5.0,0.0,0,0,0,0,0.0,4.0,12.333333333333334,0.3333333333333333,4.0,13.8,0.6,12.0,12.0,9.333333333333334,11.6,0.5,11.0,14.5
2024,12,3,3,15.0,3.0,52,Finished,+7.547,norris,NOR,1,Lando,Norris,British,mclaren,McLaren,British,British Grand Prix,2024-07-07,silverstone,Silverstone Circuit,UK,3.0,86.03,86.03,-1.0,,2.0,2.0,53.0,1,11,2.0,156.0,1.0,0,0,1,0,0.0,37.0,8.0,0.3333333333333333,67.0,6.0,0.2,71.0,131.0,2.0,2.0,0.1,0.0,4.0
2024,12,4,4,12.0,5.0,52,Finished,+12.429,piastri,PIA,81,Oscar,Piastri,Australian,mclaren,McLaren,British,British Grand Prix,2024-07-07,silverstone,Silverstone Circuit,UK,5.0,86.237,86.237,-1.0,,2.0,2.0,53.0,1,11,6.0,112.0,0.0,0,0,0,0,0.0,34.0,4.666666666666667,0.0,64.0,4.0,0.0,71.0,131.0,2.0,2.0,0.1,2.0,4.0
2024,12,1,1,25.0,2.0,52,Finished,1:22:27.059,hamilton,HAM,44,Lewis,Hamilton,British,mercedes,Mercedes,German,British Grand Prix,2024-07-07,silverstone,Silverstone Circuit,UK,2.0,85.99,85.99,-1.0,,2.0,2.0,53.0,1,11,8.0,85.0,0.0,0,1,1,0,0.0,40.0,3.6666666666666665,0.0,55.0,4.8,0.0,92.0,124.0,2.3333333333333335,3.6,0.0,1.0,3.0
2024,12,19,R,0.0,1.0,33,Retired,,russell,RUS,63,George,Russell,British,mercedes,Mercedes,German,British Grand Prix,2024-07-07,silverstone,Silverstone Circuit,UK,1.0,85.819,85.819,-1.0,,2.0,2.0,53.0,1,11,7.0,111.0,1.0,1,0,0,0,0.0,52.0,2.6666666666666665,0.0,69.0,4.0,0.0,92.0,124.0,2.3333333333333335,3.6,0.0,0.0,11.5
2024,12,13,13,0.0,15.0,51,Lapped,+9.937,ricciardo,RIC,3,Daniel,Ricciardo,Australian,rb,RB F1 Team,Italian,British Grand Prix,2024-07-07,silverstone,Silverstone Circuit,UK,15.0,87.949,,-1.0,,2.0,2.0,53.0,1,11,13.0,11.0,0.0,1,0,0,0,0.0,6.0,10.666666666666666,0.3333333333333333,6.0,11.4,0.6,6.0,11.0,10.666666666666666,10.0,0.7,2.0,13.0
2024,12,10,10,1.0,13.0,52,Finished,+1:19.303,tsunoda,TSU,22,Yuki,Tsunoda,Japanese,rb,RB F1 Team,Italian,British Grand Prix,2024-07-07,silverstone,Silverstone Circuit,UK,13.0,87.269,,-1.0,,2.0,2.0,53.0,1,11,10.0,19.0,0.0,0,0,0,0,0.0,0.0,15.666666666666666,0.6666666666666666,5.0,13.0,0.8,6.0,11.0,10.666666666666666,10.0,0.7,0.0,15.0
2024,12,2,2,18.0,4.0,52,Finished,+1.465,max_verstappen,VER,3,Max,Verstappen,Dutch,red_bull,Red Bull,Austrian,British Grand Prix,2024-07-07,silverstone,Silverstone Circuit,UK,4.0,86.203,86.203,-1.0,,2.0,2.0,53.0,1,11,1.0,237.0,7.0,0,0,1,0,0.0,60.0,2.3333333333333335,0.0,93.0,2.8,0.0,70.0,107.0,2.3333333333333335,2.8,0.2,0.0,4.0
2024,12,17,17,0.0,20.0,50,Lapped,+18.005,perez,PER,11,Sergio,Pérez,Mexican,red_bull,Red Bull,Austrian,British Grand Prix,2024-07-07,silverstone,Silverstone Circuit,UK,19.0,98.348,,-1.0,,2.0,2.0,53.0,1,11,5.0,118.0,0.0,1,0,0,0,1.0,10.0,11.0,0.3333333333333333,14.0,11.8,0.4,70.0,107.0,2.3333333333333335,2.8,0.2,15.0,4.0
2024,12,15,15,0.0,16.0,51,Lapped,+41.821,bottas,BOT,77,Valtteri,Bottas,Finnish,sauber,Sauber,Swiss,British Grand Prix,2024-07-07,silverstone,Silverstone Circuit,UK,16.0,92.431,,-1.0,,2.0,2.0,53.0,1,11,20.0,0.0,0.0,1,0,0,0,0.0,0.0,15.0,0.6666666666666666,0.0,15.2,0.8,0.0,0.0,14.0,14.0,0.9,2.0,14.5
2024,12,18,18,0.0,14.0,50,Lapped,+54.476,zhou,ZHO,24,Guanyu,Zhou,Chinese,sauber,Sauber,Swiss,British Grand Prix,2024-07-07,silverstone,Silverstone Circuit,UK,14.0,87.867,,-1.0,,2.0,2.0,53.0,1,11,19.0,0.0,0.0,1,0,0,0,0.0,0.0,15.0,1.0,0.0,15.2,1.0,0.0,0.0,14.0,14.0,0.9,0.0,17.0
2024,12,9,9,2.0,9.0,52,Finished,+1:08.387,albon,ALB,23,Alexander,Albon,Thai,williams,Williams,British,British Grand Prix,2024-07-07,silverstone,Silverstone Circuit,UK,9.0,86.64,86.64,-1.0,,2.0,2.0,53.0,1,11,18.0,2.0,0.0,0,0,0,0,0.0,0.0,16.666666666666668,1.0,2.0,15.8,1.0,0.0,2.0,16.666666666666668,15.2,1.0,0.0,14.0
2024,12,11,11,0.0,12.0,52,Finished,+1:28.960,sargeant,SAR,2,Logan,Sargeant,American,williams,Williams,British,British Grand Prix,2024-07-07,silverstone,Silverstone Circuit,UK,12.0,87.175,,-1.0,,2.0,2.0,53.0,1,11,21.0,0.0,0.0,0,0,0,0,0.0,0.0,19.666666666666668,1.0,0.0,18.2,1.0,0.0,2.0,16.666666666666668,15.2,1.0,3.0,11.0
2024,13,20,R,0.0,20.0,33,Retired,,gasly,GAS,10,Pierre,Gasly,French,alpine,Alpine F1 Team,French,Hungarian Grand Prix,2024-07-21,hungaroring,Hungaroring,Hungary,20.0,78.166,,-1.0,,0.2,0.2,51.0,0,12,15.0,6.0,0.0,1,0,0,0,0.0,3.0,13.0,0.3333333333333333,6.0,11.6,0.4,4.0,8.0,11.666666666666666,10.8,0.4,1.0,16.0
2024,13,18,18,0.0,19.0,69,Lapped,+1:00.929,ocon,OCO,31,Esteban,Ocon,French,alpine,Alpine F1 Team,French,Hungarian Grand Prix,2024-07-21,hungaroring,Hungaroring,Hungary,19.0,78.049,,-1.0,,0.2,0.2,51.0,0,12,18.0,3.0,0.0,1,0,0,0,0.0,1.0,12.666666666666666,0.3333333333333333,2.0,13.0,0.4,4.0,8.0,11.666666666666666,10.8,0.4,0.0,14.0
2024,13,11,11,0.0,7.0,70,Finished,+1:22.460,alonso,ALO,14,Fernando,Alonso,Spanish,aston_martin,Aston Martin,British,Hungarian Grand Prix,2024-07-21,hungaroring,Hungaroring,Hungary,7.0,76.043,76.043,-1.0,,0.2,0.2,51.0,0,12,9.0,45.0,0.0,0,0,0,0,0.0,4.0,12.666666666666666,0.6666666666666666,12.0,11.0,0.6,10.0,24.0,10.666666666666666,9.8,0.6,0.0,8.5
2024,13,10,10,1.0,8.0,70,Finished,+1:17.976,stroll,STR,18,Lance,Stroll,Canadian,aston_martin,Aston Martin,British,Hungarian Grand Prix,2024-07-21,hungaroring,Hungaroring,Hungary,8.0,76.244,76.244,-1.0,,0.2,0.2,51.0,0,12,10.0,23.0,0.0,0,0,0,0,0.0,6.0,11.333333333333334,0.6666666666666666,12.0,11.0,0.6,10.0,24.0,10.666666666666666,9.8,0.6,1.0,10.5
2024,13,4,4,12.0,6.0,70,Finished,+19.686,leclerc,LEC,16,Charles,Leclerc,Monegasque,ferrari,Ferrari,Italian,Hungarian Grand Prix,2024-07-21,hungaroring,Hungaroring,Hungary,6.0,75.905,75.905,-1.0,,0.2,0.2,51.0,0,12,3.0,150.0,1.0,0,0,0,0,0.0,10.0,10.0,0.3333333333333333,35.0,10.0,0.4,44.0,84.0,4.333333333333333,6.0,0.3,2.0,6.5
2024,13,6,6,8.0,4.0,70,Finished,+23.073,sainz,SAI,55,Carlos,Sainz,Spanish,ferrari,Ferrari,Italian,Hungarian Grand Prix,2024-07-21,hungaroring,Hungaroring,Hungary,4.0,75.696,75.696,-1.0,,0.2,0.2,51.0,0,12,4.0,146.0,1.0,0,0,0,0,0.0,34.0,4.666666666666667,0.0,49.0,6.6,0.2,44.0,84.0,4.333333333333333,6.0,0.3,0.0,6.0
2024,13,13,13,0.0,11.0,69,Lapped,+33.184,hulkenberg,HUL,27,Nico,Hülkenberg,German,haas,Haas F1 Team,American,Hungarian Grand Prix,2024-07-21,hungaroring,Hungaroring,Hungary,11.0,76.31700000000001,,-1.0,,0.2,0.2,51.0,0,12,11.0,22.0,0.0,1,0,0,0,0.0,16.0,7.666666666666667,0.0,16.0,10.6,0.2,20.0,20.0,7.666666666666667,10.6,0.3,0.0,14.0
2024,13,15,15,0.0,15.0,69,Lapped,+45.302,kevin_magnussen,MAG,20,Kevin,Magnussen,Danish,haas,Haas F1 Team,American,Hungarian Grand Prix,2024-07-21,hungaroring,Hungaroring,Hungary,15.0,76.548,,-1.0,,0.2,0.2,51.0,0,12,16.0,5.0,0.0,1,0,0,0,0.0,4.0,12.333333333333334,0.3333333333333333,4.0,13.8,0.4,20.0,20.0,7.666666666666667,10.6,0.3,4.0,16.5
2024,13,2,2,18.0,1.0,70,Finished,+2.141,norris,NOR,1,Lando,Norris,British,mclaren,McLaren,British,Hungarian Grand Prix,2024-07-21,hungaroring,Hungaroring,Hungary,1.0,75.227,75.227,-1.0,,0.2,0.2,51.0,0,12,2.0,171.0,1.0,0,0,1,0,0.0,34.0,8.333333333333334,0.3333333333333333,64.0,6.2,0.2,70.0,128.0,2.3333333333333335,2.2,0.1,0.0,4.5
2024,13,1,1,25.0,2.0,70,Finished,1:38:01.989,piastri,PIA,81,Oscar,Piastri,Australian,mclaren,McLaren,British,Hungarian Grand Prix,2024-07-21,hungaroring,Hungaroring,Hungary,2.0,75.249,75.249,-1.0,,0.2,0.2,51.0,0,12,5.0,124.0,0.0,0,1,1,0,0.0,36.0,4.333333333333333,0.0,64.0,4.0,0.0,70.0,128.0,2.3333333333333335,2.2,0.1,1.0,5.0
2024,13,3,3,15.0,5.0,70,Finished,+14.880,hamilton,HAM,44,Lewis,Hamilton,British,mercedes,Mercedes,German,Hungarian Grand Prix,2024-07-21,hungaroring,Hungaroring,Hungary,5.0,75.854,75.854,-1.0,,0.2,0.2,51.0,0,12,8.0,110.0,1.0,0,0,1,0,0.0,52.0,2.6666666666666665,0.0,72.0,3.8,0.0,89.0,134.0,1.6666666666666667,2.6,0.1,0.0,3.0
2024,13,8,8,5.0,17.0,70,Finished,+42.368,russell,RUS,63,George,Russell,British,mercedes,Mercedes,German,Hungarian Grand Prix,2024-07-21,hungaroring,Hungaroring,Hungary,17.0,77.968,,-1.0,,0.2,0.2,51.0,0,12,7.0,111.0,1.0,0,0,0,0,0.0,37.0,8.0,0.3333333333333333,62.0,6.4,0.2,89.0,134.0,1.6666666666666667,2.6,0.1,12.0,4.5
2024,13,12,12,0.0,9.0,69,Lapped,+17.924,ricciardo,RIC,3,Daniel,Ricciardo,Australian,rb,RB F1 Team,Italian,Hungarian Grand Prix,2024-07-21,hungaroring,Hungaroring,Hungary,9.0,76.447,76.447,-1.0,,0.2,0.2,51.0,0,12,13.0,11.0,0.0,1,0,0,0,0.0,2.0,12.333333333333334,0.6666666666666666,6.0,11.4,0.6,3.0,11.0,11.333333333333334,10.0,0.6,0.0,14.0
2024,13,9,9,2.0,10.0,70,Finished,+1:17.259,tsunoda,TSU,22,Yuki,Tsunoda,Japanese,rb,RB F1 Team,Italian,Hungarian Grand Prix,2024-07-21,hungaroring,Hungaroring,Hungary,10.0,76.477,76.477,-1.0,,0.2,0.2,51.0,0,12,12.0,20.0,0.0,0,0,0,0,0.0,1.0,14.333333333333334,0.6666666666666666,5.0,13.0,0.6,3.0,11.0,11.333333333333334,10.0,0.6,1.0,17.0
2024,13,5,5,10.0,3.0,70,Finished,+21.349,max_verstappen,VER,3,Max,Verstappen,Dutch,red_bull,Red Bull,Austrian,Hungarian Grand Prix,2024-07-21,hungaroring,Hungaroring,Hungary,3.0,75.273,75.273,-1.0,,0.2,0.2,51.0,0,12,1.0,255.0,7.0,0,0,0,0,0.0,53.0,2.6666666666666665,0.0,86.0,3.0,0.0,63.0,96.0,2.6666666666666665,3.0,0.3,0.0,1.0
2024,13,7,7,6.0,16.0,70,Finished,+39.792,perez,PER,11,Sergio,Pérez,Mexican,red_bull,Red Bull,Austrian,Hungarian Grand Prix,2024-07-21,hungaroring,Hungaroring,Hungary,16.0,77.886,,-1.0,,0.2,0.2,51.0,0,12,6.0,118.0,0.0,0,0,0,0,0.0,10.0,10.666666666666666,0.3333333333333333,10.0,13.6,0.6,63.0,96.0,2.6666666666666665,3.0,0.3,13.0,4.0
2024,13,16,16,0.0,12.0,69,Lapped,+45.409,bottas,BOT,77,Valtteri,Bottas,Finnish,sauber,Sauber,Swiss,Hungarian Grand Prix,2024-07-21,hungaroring,Hungaroring,Hungary,12.0,76.384,,-1.0,,0.2,0.2,51.0,0,12,21.0,0.0,0.0,1,0,0,0,0.0,0.0,15.666666666666666,1.0,0.0,14.6,0.8,0.0,0.0,14.666666666666666,14.0,0.9,0.0,16.0
2024,13,19,19,0.0,18.0,69,Lapped,+1:03.598,zhou,ZHO,24,Guanyu,Zhou,Chinese,sauber,Sauber,Swiss,Hungarian Grand Prix,2024-07-21,hungaroring,Hungaroring,Hungary,18.0,78.037,,-1.0,,0.2,0.2,51.0,0,12,19.0,0.0,0.0,1,0,0,0,0.0,0.0,16.0,1.0,0.0,15.8,1.0,0.0,0.0,14.666666666666666,14.0,0.9,6.0,14.5
2024,13,14,14,0.0,13.0,69,Lapped,+36.769,albon,ALB,23,Alexander,Albon,Thai,williams,Williams,British,Hungarian Grand Prix,2024-07-21,hungaroring,Hungaroring,Hungary,13.0,76.429,,-1.0,,0.2,0.2,51.0,0,12,17.0,4.0,0.0,1,0,0,0,0.0,2.0,14.0,0.6666666666666666,4.0,13.6,0.8,2.0,4.0,14.0,13.6,0.8,0.0,14.0
2024,13,17,17,0.0,14.0,69,Lapped,+52.591,sargeant,SAR,2,Logan,Sargeant,American,williams,Williams,British,Hungarian Grand Prix,2024-07-21,hungaroring,Hungaroring,Hungary,14.0,76.543,,-1.0,,0.2,0.2,51.0,0,12,20.0,0.0,0.0,1,0,0,0,0.0,0.0,16.666666666666668,0.6666666666666666,0.0,17.0,0.8,2.0,4.0,14.0,13.6,0.8,1.0,18.0
2024,14,13,13,0.0,12.0,44,Finished,+1:03.839,gasly,GAS,10,Pierre,Gasly,French,alpine,Alpine F1 Team,French,Belgian Grand Prix,2024-07-28,spa,Circuit de Spa-Francorchamps,Belgium,12.0,114.63499999999999,,-1.0,,0.0,0.0,3.0,0,13,15.0,6.0,0.0,0,0,0,0,0.0,1.0,16.666666666666668,0.6666666666666666,5.0,13.6,0.4,1.0,7.0,14.666666666666666,12.4,0.4,2.0,10.0
2024,14,9,9,2.0,9.0,44,Finished,+52.026,ocon,OCO,31,Esteban,Ocon,French,alpine,Alpine F1 Team,French,Belgian Grand Prix,2024-07-28,spa,Circuit de Spa-Francorchamps,Belgium,10.0,114.81,114.81,-1.0,,0.0,0.0,3.0,0,13,18.0,3.0,0.0,0,0,0,0,-1.0,0.0,15.333333333333334,0.6666666666666666,2.0,13.2,0.4,1.0,7.0,14.666666666666666,12.4,0.4,0.0,7.5
2024,14,8,8,4.0,8.0,44,Finished,+49.437,alonso,ALO,14,Fernando,Alonso,Spanish,aston_martin,Aston Martin,British,Belgian Grand Prix,2024-07-28,spa,Circuit de Spa-Francorchamps,Belgium,9.0,114.765,114.765,-1.0,,0.0,0.0,3.0,0,13,9.0,45.0,0.0,0,0,0,0,-1.0,4.0,12.333333333333334,0.3333333333333333,12.0,11.0,0.4,11.0,25.0,10.0,9.6,0.4,0.0,5.0
2024,14,11,11,0.0,15.0,44,Finished,+1:02.485,stroll,STR,18,Lance,Stroll,Canadian,aston_martin,Aston Martin,British,Belgian Grand Prix,2024-07-28,spa,Circuit de Spa-Francorchamps,Belgium,15.0,115.71600000000001,,-1.0,,0.0,0.0,3.0,0,13,10.0,24.0,0.0,0,0,0,0,0.0,7.0,10.0,0.3333333333333333,13.0,10.2,0.4,11.0,25.0,10.0,9.6,0.4,6.0,10.0
2024,14,3,3,15.0,1.0,44,Finished,+8.023,leclerc,LEC,16,Charles,Leclerc,Monegasque,ferrari,Ferrari,Italian,Belgian Grand Prix,2024-07-28,spa,Circuit de Spa-Francorchamps,Belgium,2.0,113.75399999999999,113.75399999999999,-1.0,,0.0,0.0,3.0,0,13,3.0,162.0,1.0,0,0,1,0,-1.0,12.0,9.666666666666666,0.3333333333333333,22.0,10.6,0.4,46.0,64.0,4.0,6.6,0.3,0.0,4.5
2024,14,6,6,8.0,7.0,44,Finished,+19.269,sainz,SAI,55,Carlos,Sainz,Spanish,ferrari,Ferrari,Italian,Belgian Grand Prix,2024-07-28,spa,Circuit de Spa-Francorchamps,Belgium,8.0,114.477,114.477,-1.0,,0.0,0.0,3.0,0,13,4.0,154.0,1.0,0,0,0,0,-1.0,34.0,4.666666666666667,0.0,42.0,7.2,0.2,46.0,64.0,4.0,6.6,0.3,6.0,11.0
2024,14,18,18,0.0,16.0,44,Finished,+1:28.307,hulkenberg,HUL,27,Nico,Hülkenberg,German,haas,Haas F1 Team,American,Belgian Grand Prix,2024-07-28,spa,Circuit de Spa-Francorchamps,Belgium,16.0,116.30799999999999,,-1.0,,0.0,0.0,3.0,0,13,11.0,22.0,0.0,0,0,0,0,0.0,16.0,8.333333333333334,0.3333333333333333,16.0,9.4,0.2,20.0,20.0,8.333333333333334,9.4,0.3,0.0,18.0
2024,14,14,14,0.0,17.0,44,Finished,+1:06.105,kevin_magnussen,MAG,20,Kevin,Magnussen,Danish,haas,Haas F1 Team,American,Belgian Grand Prix,2024-07-28,spa,Circuit de Spa-Francorchamps,Belgium,17.0,116.5,,-1.0,,0.0,0.0,3.0,0,13,16.0,5.0,0.0,0,0,0,0,0.0,4.0,11.666666666666666,0.3333333333333333,4.0,12.8,0.4,20.0,20.0,8.333333333333334,9.4,0.3,1.0,15.5
2024,14,5,5,10.0,4.0,44,Finished,+9.324,norris,NOR,1,Lando,Norris,British,mclaren,McLaren,British,Belgian Grand Prix,2024-07-28,spa,Circuit de Spa-Francorchamps,Belgium,5.0,113.981,113.981,-1.0,,0.0,0.0,3.0,0,13,2.0,189.0,1.0,0,0,0,0,-1.0,33.0,8.333333333333334,0.3333333333333333,70.0,5.8,0.2,88.0,141.0,2.0,2.0,0.1,0.0,9.5
2024,14,2,2,18.0,5.0,44,Finished,+0.647,piastri,PIA,81,Oscar,Piastri,Australian,mclaren,McLaren,British,Belgian Grand Prix,2024-07-28,spa,Circuit de Spa-Francorchamps,Belgium,6.0,114.027,114.027,-1.0,,0.0,0.0,3.0,0,13,5.0,149.0,1.0,0,0,1,0,-1.0,55.0,2.3333333333333335,0.0,71.0,3.8,0.0,88.0,141.0,2.0,2.0,0.1,1.0,20.0
2024,14,1,1,25.0,3.0,44,Finished,1:19:57.566,hamilton,HAM,44,Lewis,Hamilton,British,mercedes,Mercedes,German,Belgian Grand Prix,2024-07-28,spa,Circuit de Spa-Francorchamps,Belgium,4.0,113.83500000000001,113.83500000000001,-1.0,,0.0,0.0,3.0,0,13,6.0,125.0,1.0,0,1,1,0,-1.0,52.0,2.6666666666666665,0.0,80.0,3.0,0.0,82.0,137.0,1.6666666666666667,2.2,0.1,0.0,12.0
2024,14,20,20,0.0,6.0,44,Disqualified,,russell,RUS,63,George,Russell,British,mercedes,Mercedes,German,Belgian Grand Prix,2024-07-28,spa,Circuit de Spa-Francorchamps,Belgium,7.0,114.184,114.184,-1.0,,0.0,0.0,3.0,0,13,8.0,116.0,1.0,1,0,0,0,-1.0,30.0,9.333333333333334,0.3333333333333333,57.0,7.0,0.2,82.0,137.0,1.6666666666666667,2.2,0.1,3.0,5.0
2024,14,10,10,1.0,13.0,44,Finished,+54.400,ricciardo,RIC,3,Daniel,Ricciardo,Australian,rb,RB F1 Team,Italian,Belgian Grand Prix,2024-07-28,spa,Circuit de Spa-Francorchamps,Belgium,13.0,114.682,,-1.0,,0.0,0.0,3.0,0,13,13.0,11.0,0.0,0,0,0,0,0.0,2.0,11.333333333333334,0.6666666666666666,6.0,11.4,0.6,5.0,9.0,9.333333333333334,10.2,0.5,0.0,15.5
2024,14,16,16,0.0,20.0,44,Finished,+1:16.211,tsunoda,TSU,22,Yuki,Tsunoda,Japanese,rb,RB F1 Team,Italian,Belgian Grand Prix,2024-07-28,spa,Circuit de Spa-Francorchamps,Belgium,18.0,116.593,,-1.0,,0.0,0.0,3.0,0,13,12.0,22.0,0.0,0,0,0,0,2.0,3.0,11.0,0.3333333333333333,3.0,13.2,0.4,5.0,9.0,9.333333333333334,10.2,0.5,5.0,11.5
2024,14,4,4,12.0,11.0,44,Finished,+8.700,max_verstappen,VER,3,Max,Verstappen,Dutch,red_bull,Red Bull,Austrian,Belgian Grand Prix,2024-07-28,spa,Circuit de Spa-Francorchamps,Belgium,1.0,113.15899999999999,113.15899999999999,-1.0,,0.0,0.0,3.0,0,13,1.0,265.0,7.0,0,0,0,0,10.0,38.0,4.0,0.0,88.0,2.8,0.0,50.0,104.0,4.0,2.8,0.2,0.0,1.0
2024,14,7,7,7.0,2.0,44,Finished,+42.669,perez,PER,11,Sergio,Pérez,Mexican,red_bull,Red Bull,Austrian,Belgian Grand Prix,2024-07-28,spa,Circuit de Spa-Francorchamps,Belgium,3.0,113.765,113.765,-1.0,,0.0,0.0,3.0,0,13,7.0,124.0,0.0,0,0,0,0,-1.0,12.0,10.333333333333334,0.3333333333333333,16.0,11.4,0.4,50.0,104.0,4.0,2.8,0.2,2.0,2.0
2024,14,15,15,0.0,14.0,44,Finished,+1:10.112,bottas,BOT,77,Valtteri,Bottas,Finnish,sauber,Sauber,Swiss,Belgian Grand Prix,2024-07-28,spa,Circuit de Spa-Francorchamps,Belgium,14.0,114.76400000000001,,-1.0,,0.0,0.0,3.0,0,13,21.0,0.0,0.0,0,0,0,0,0.0,0.0,15.666666666666666,1.0,0.0,15.2,0.8,0.0,0.0,15.666666666666666,14.6,0.9,0.0,15.5
2024,14,19,R,0.0,19.0,5,Retired,,zhou,ZHO,24,Guanyu,Zhou,Chinese,sauber,Sauber,Swiss,Belgian Grand Prix,2024-07-28,spa,Circuit de Spa-Francorchamps,Belgium,20.0,117.775,,-1.0,,0.0,0.0,3.0,0,13,19.0,0.0,0.0,1,0,0,0,-1.0,0.0,18.0,1.0,0.0,16.4,1.0,0.0,0.0,15.666666666666666,14.6,0.9,6.0,13.5
2024,14,12,12,0.0,10.0,44,Finished,+1:03.125,albon,ALB,23,Alexander,Albon,Thai,williams,Williams,British,Belgian Grand Prix,2024-07-28,spa,Circuit de Spa-Francorchamps,Belgium,11.0,114.473,,-1.0,,0.0,0.0,3.0,0,13,17.0,4.0,0.0,0,0,0,0,-1.0,2.0,12.666666666666666,0.6666666666666666,2.0,14.6,0.8,2.0,2.0,12.666666666666666,14.6,0.8,0.0,12.0
2024,14,17,17,0.0,18.0,44,Finished,+1:25.531,sargeant,SAR,2,Logan,Sargeant,American,williams,Williams,British,Belgian Grand Prix,2024-07-28,spa,Circuit de Spa-Francorchamps,Belgium,19.0,117.22999999999999,,-1.0,,0.0,0.0,3.0,0,13,20.0,0.0,0.0,0,0,0,0,-1.0,0.0,15.666666666666666,0.6666666666666666,0.0,17.4,0.8,2.0,2.0,12.666666666666666,14.6,0.8,8.0,17.0
2024,15,9,9,2.0,9.0,71,Lapped,+8.604,gasly,GAS,10,Pierre,Gasly,French,alpine,Alpine F1 Team,French,Dutch Grand Prix,2024-08-25,zandvoort,Circuit Park Zandvoort,Netherlands,9.0,70.977,70.977,-1.0,,5.6,5.6,63.0,1,14,15.0,6.0,0.0,1,0,0,0,0.0,0.0,17.666666666666668,0.6666666666666666,3.0,14.4,0.4,2.0,6.0,14.333333333333334,12.4,0.4,0.0,7.0
2024,15,15,15,0.0,15.0,71,Lapped,+46.878,ocon,OCO,31,Esteban,Ocon,French,alpine,Alpine F1 Team,French,Dutch Grand Prix,2024-08-25,zandvoort,Circuit Park Zandvoort,Netherlands,16.0,71.995,,-1.0,,5.6,5.6,63.0,1,14,17.0,5.0,0.0,1,0,0,0,-1.0,2.0,14.333333333333334,0.6666666666666666,3.0,13.0,0.4,2.0,6.0,14.333333333333334,12.4,0.4,7.0,9.5
2024,15,10,10,1.0,7.0,71,Lapped,+13.533,alonso,ALO,14,Fernando,Alonso,Spanish,aston_martin,Aston Martin,British,Dutch Grand Prix,2024-08-25,zandvoort,Circuit Park Zandvoort,Netherlands,7.0,70.633,70.633,-1.0,,5.6,5.6,63.0,1,14,9.0,49.0,0.0,1,0,0,0,0.0,8.0,9.0,0.0,8.0,11.4,0.4,15.0,15.0,8.333333333333334,10.0,0.4,0.0,4.0
2024,15,13,13,0.0,8.0,71,Lapped,+25.712,stroll,STR,18,Lance,Stroll,Canadian,aston_martin,Aston Martin,British,Dutch Grand Prix,2024-08-25,zandvoort,Circuit Park Zandvoort,Netherlands,8.0,70.857,70.857,-1.0,,5.6,5.6,63.0,1,14,10.0,24.0,0.0,1,0,0,0,0.0,7.0,9.333333333333334,0.0,7.0,11.0,0.4,15.0,15.0,8.333333333333334,10.0,0.4,1.0,10.5
2024,15,3,3,15.0,6.0,72,Finished,+25.439,leclerc,LEC,16,Charles,Leclerc,Monegasque,ferrari,Ferrari,Italian,Dutch Grand Prix,2024-08-25,zandvoort,Circuit Park Zandvoort,Netherlands,6.0,70.582,70.582,-1.0,,5.6,5.6,63.0,1,14,3.0,177.0,1.0,0,0,1,0,0.0,27.0,7.0,0.3333333333333333,37.0,7.4,0.2,54.0,87.0,4.0,4.0,0.1,0.0,11.0
2024,15,5,5,10.0,10.0,72,Finished,+32.137,sainz,SAI,55,Carlos,Sainz,Spanish,ferrari,Ferrari,Italian,Dutch Grand Prix,2024-08-25,zandvoort,Circuit Park Zandvoort,Netherlands,10.0,70.914,,-1.0,,5.6,5.6,63.0,1,14,5.0,162.0,1.0,0,0,0,0,0.0,27.0,5.666666666666667,0.0,50.0,5.2,0.0,54.0,87.0,4.0,4.0,0.1,4.0,6.5
2024,15,11,11,0.0,12.0,71,Lapped,+19.214,hulkenberg,HUL,27,Nico,Hülkenberg,German,haas,Haas F1 Team,American,Dutch Grand Prix,2024-08-25,zandvoort,Circuit Park Zandvoort,Netherlands,13.0,71.215,,-1.0,,5.6,5.6,63.0,1,14,11.0,22.0,0.0,1,0,0,0,-1.0,8.0,12.333333333333334,0.3333333333333333,16.0,10.8,0.2,8.0,20.0,11.0,10.0,0.3,0.0,12.0
2024,15,18,18,0.0,20.0,71,Lapped,+1:05.707,kevin_magnussen,MAG,20,Kevin,Magnussen,Danish,haas,Haas F1 Team,American,Dutch Grand Prix,2024-08-25,zandvoort,Circuit Park Zandvoort,Netherlands,14.0,71.295,,-1.0,,5.6,5.6,63.0,1,14,16.0,5.0,0.0,1,0,0,0,6.0,0.0,13.666666666666666,0.3333333333333333,4.0,13.2,0.4,8.0,20.0,11.0,10.0,0.3,1.0,15.5
2024,15,1,1,26.0,1.0,72,Finished,1:30:45.519,norris,NOR,1,Lando,Norris,British,mclaren,McLaren,British,Dutch Grand Prix,2024-08-25,zandvoort,Circuit Park Zandvoort,Netherlands,1.0,69.673,69.673,-1.0,,5.6,5.6,63.0,1,14,2.0,199.0,1.0,0,1,1,0,0.0,43.0,3.3333333333333335,0.0,62.0,6.4,0.2,98.0,141.0,2.0,2.0,0.1,0.0,7.0
2024,15,4,4,12.0,3.0,72,Finished,+27.337,piastri,PIA,81,Oscar,Piastri,Australian,mclaren,McLaren,British,Dutch Grand Prix,2024-08-25,zandvoort,Circuit Park Zandvoort,Netherlands,3.0,70.172,70.172,-1.0,,5.6,5.6,63.0,1,14,4.0,167.0,1.0,0,0,0,0,0.0,55.0,2.3333333333333335,0.0,79.0,3.2,0.0,98.0,141.0,2.0,2.0,0.1,2.0,9.0
2024,15,8,8,4.0,14.0,72,Finished,+49.599,hamilton,HAM,44,Lewis,Hamilton,British,mercedes,Mercedes,German,Dutch Grand Prix,2024-08-25,zandvoort,Circuit Park Zandvoort,Netherlands,11.0,70.94800000000001,,-1.0,,5.6,5.6,63.0,1,14,6.0,150.0,2.0,0,0,0,0,3.0,65.0,1.6666666666666667,0.0,92.0,2.4,0.0,70.0,134.0,1.6666666666666667,1.8,0.2,7.0,5.0
2024,15,7,7,6.0,4.0,72,Finished,+44.617,russell,RUS,63,George,Russell,British,mercedes,Mercedes,German,Dutch Grand Prix,2024-08-25,zandvoort,Circuit Park Zandvoort,Netherlands,4.0,70.244,70.244,-1.0,,5.6,5.6,63.0,1,14,8.0,116.0,1.0,0,0,0,0,0.0,5.0,15.666666666666666,0.6666666666666666,42.0,10.4,0.4,70.0,134.0,1.6666666666666667,1.8,0.2,0.0,9.5
2024,15,12,12,0.0,13.0,71,Lapped,+21.067,ricciardo,RIC,3,Daniel,Ricciardo,Australian,rb,RB F1 Team,Italian,Dutch Grand Prix,2024-08-25,zandvoort,Circuit Park Zandvoort,Netherlands,15.0,71.943,,-1.0,,5.6,5.6,63.0,1,14,13.0,12.0,0.0,1,0,0,0,-2.0,1.0,11.666666666666666,0.6666666666666666,3.0,11.8,0.6,4.0,6.0,9.666666666666666,10.6,0.5,3.0,17.0
2024,15,17,17,0.0,11.0,71,Lapped,+1:05.146,tsunoda,TSU,22,Yuki,Tsunoda,Japanese,rb,RB F1 Team,Italian,Dutch Grand Prix,2024-08-25,zandvoort,Circuit Park Zandvoort,Netherlands,12.0,70.955,,-1.0,,5.6,5.6,63.0,1,14,12.0,22.0,0.0,1,0,0,0,-1.0,3.0,11.666666666666666,0.0,3.0,13.6,0.4,4.0,6.0,9.666666666666666,10.6,0.5,0.0,17.5
2024,15,2,2,18.0,2.0,72,Finished,+22.896,max_verstappen,VER,3,Max,Verstappen,Dutch,red_bull,Red Bull,Austrian,Dutch Grand Prix,2024-08-25,zandvoort,Circuit Park Zandvoort,Netherlands,2.0,70.029,70.029,-1.0,,5.6,5.6,63.0,1,14,1.0,277.0,7.0,0,0,1,0,0.0,40.0,3.6666666666666665,0.0,75.0,3.4,0.0,53.0,98.0,3.6666666666666665,3.4,0.1,0.0,1.0
2024,15,6,6,8.0,5.0,72,Finished,+39.542,perez,PER,11,Sergio,Pérez,Mexican,red_bull,Red Bull,Austrian,Dutch Grand Prix,2024-08-25,zandvoort,Circuit Park Zandvoort,Netherlands,5.0,70.416,70.416,-1.0,,5.6,5.6,63.0,1,14,7.0,131.0,0.0,0,0,0,0,0.0,13.0,10.333333333333334,0.3333333333333333,23.0,9.2,0.2,53.0,98.0,3.6666666666666665,3.4,0.1,3.0,4.5
2024,15,19,19,0.0,16.0,70,Lapped,+3.248,bottas,BOT,77,Valtteri,Bottas,Finnish,sauber,Sauber,Swiss,Dutch Grand Prix,2024-08-25,zandvoort,Circuit Park Zandvoort,Netherlands,17.0,72.168,,-1.0,,5.6,5.6,63.0,1,14,21.0,0.0,0.0,1,0,0,0,-1.0,0.0,15.333333333333334,0.6666666666666666,0.0,15.6,0.8,0.0,0.0,15.333333333333334,15.0,0.9,0.0,16.5
2024,15,20,20,0.0,17.0,70,Lapped,+36.019,zhou,ZHO,24,Guanyu,Zhou,Chinese,sauber,Sauber,Swiss,Dutch Grand Prix,2024-08-25,zandvoort,Circuit Park Zandvoort,Netherlands,18.0,73.261,,-1.0,,5.6,5.6,63.0,1,14,19.0,0.0,0.0,1,0,0,0,-1.0,0.0,18.666666666666668,1.0,0.0,17.2,1.0,0.0,0.0,15.333333333333334,15.0,0.9,1.0,17.0
2024,15,14,14,0.0,19.0,71,Lapped,+40.711,albon,ALB,23,Alexander,Albon,Thai,williams,Williams,British,Dutch Grand Prix,2024-08-25,zandvoort,Circuit Park Zandvoort,Netherlands,10.0,70.653,70.653,-1.0,,5.6,5.6,63.0,1,14,18.0,4.0,0.0,1,0,0,0,9.0,2.0,11.666666666666666,0.3333333333333333,2.0,13.6,0.6,2.0,2.0,11.666666666666666,13.6,0.6,0.0,10.0
2024,15,16,16,0.0,18.0,71,Lapped,+1:04.539,sargeant,SAR,2,Logan,Sargeant,American,williams,Williams,British,Dutch Grand Prix,2024-08-25,zandvoort,Circuit Park Zandvoort,Netherlands,20.0,,,-1.0,,5.6,5.6,63.0,1,14,20.0,0.0,0.0,1,0,0,0,-2.0,0.0,15.0,0.3333333333333333,0.0,16.8,0.6,2.0,2.0,11.666666666666666,13.6,0.6,10.0,20.0
2024,16,15,15,0.0,14.0,52,Lapped,+18.344,gasly,GAS,10,Pierre,Gasly,French,alpine,Alpine F1 Team,French,Italian Grand Prix,2024-09-01,monza,Autodromo Nazionale di Monza,Italy,14.0,80.738,,-1.0,,19.1,19.1,65.0,1,15,14.0,8.0,0.0,1,0,0,0,0.0,2.0,14.0,0.6666666666666666,3.0,14.4,0.6,4.0,5.0,12.0,12.4,0.6,0.0,11.5
2024,16,14,14,0.0,15.0,52,Lapped,+12.659,ocon,OCO,31,Esteban,Ocon,French,alpine,Alpine F1 Team,French,Italian Grand Prix,2024-09-01,monza,Autodromo Nazionale di Monza,Italy,15.0,80.76599999999999,,-1.0,,19.1,19.1,65.0,1,15,17.0,5.0,0.0,1,0,0,0,0.0,2.0,14.0,0.6666666666666666,2.0,14.0,0.6,4.0,5.0,12.0,12.4,0.6,1.0,15.0
2024,16,11,11,0.0,11.0,53,Finished,+1:08.495,alonso,ALO,14,Fernando,Alonso,Spanish,aston_martin,Aston Martin,British,Italian Grand Prix,2024-09-01,monza,Autodromo Nazionale di Monza,Italy,11.0,80.42099999999999,,-1.0,,19.1,19.1,65.0,1,15,9.0,50.0,0.0,0,0,0,0,0.0,5.0,9.666666666666666,0.3333333333333333,9.0,11.0,0.4,6.0,16.0,9.333333333333334,9.6,0.4,0.0,14.0
2024,16,19,19,0.0,17.0,52,Lapped,+43.508,stroll,STR,18,Lance,Stroll,Canadian,aston_martin,Aston Martin,British,Italian Grand Prix,2024-09-01,monza,Autodromo Nazionale di Monza,Italy,17.0,81.013,,-1.0,,19.1,19.1,65.0,1,15,10.0,24.0,0.0,1,0,0,0,0.0,1.0,11.333333333333334,0.3333333333333333,7.0,10.8,0.4,6.0,16.0,9.333333333333334,9.6,0.4,6.0,17.0
2024,16,1,1,25.0,4.0,53,Finished,1:14:40.727,leclerc,LEC,16,Charles,Leclerc,Monegasque,ferrari,Ferrari,Italian,Italian Grand Prix,2024-09-01,monza,Autodromo Nazionale di Monza,Italy,4.0,79.461,79.461,-1.0,,19.1,19.1,65.0,1,15,3.0,192.0,1.0,0,1,1,0,0.0,42.0,3.3333333333333335,0.0,42.0,7.0,0.2,68.0,94.0,3.3333333333333335,3.6,0.1,0.0,3.0
2024,16,4,4,12.0,5.0,53,Finished,+15.621,sainz,SAI,55,Carlos,Sainz,Spanish,ferrari,Ferrari,Italian,Italian Grand Prix,2024-09-01,monza,Autodromo Nazionale di Monza,Italy,5.0,79.467,79.467,-1.0,,19.1,19.1,65.0,1,15,5.0,172.0,1.0,0,0,0,0,0.0,26.0,5.666666666666667,0.0,52.0,5.0,0.0,68.0,94.0,3.3333333333333335,3.6,0.1,1.0,3.5
2024,16,17,17,0.0,10.0,52,Lapped,+30.870,hulkenberg,HUL,27,Nico,Hülkenberg,German,haas,Haas F1 Team,American,Italian Grand Prix,2024-09-01,monza,Autodromo Nazionale di Monza,Italy,10.0,80.339,80.339,-1.0,,19.1,19.1,65.0,1,15,11.0,22.0,0.0,1,0,0,0,0.0,0.0,14.0,0.6666666666666666,16.0,10.8,0.4,0.0,20.0,12.666666666666666,10.0,0.4,0.0,17.0
2024,16,10,10,1.0,13.0,53,Finished,+1:08.302,kevin_magnussen,MAG,20,Kevin,Magnussen,Danish,haas,Haas F1 Team,American,Italian Grand Prix,2024-09-01,monza,Autodromo Nazionale di Monza,Italy,13.0,80.69800000000001,,-1.0,,19.1,19.1,65.0,1,15,16.0,5.0,0.0,0,0,0,0,0.0,0.0,15.666666666666666,0.6666666666666666,4.0,13.4,0.4,0.0,20.0,12.666666666666666,10.0,0.4,3.0,17.0
2024,16,3,3,16.0,1.0,53,Finished,+6.153,norris,NOR,1,Lando,Norris,British,mclaren,McLaren,British,Italian Grand Prix,2024-09-01,monza,Autodromo Nazionale di Monza,Italy,1.0,79.327,79.327,-1.0,,19.1,19.1,65.0,1,15,2.0,225.0,2.0,0,0,1,0,0.0,54.0,2.6666666666666665,0.0,69.0,6.2,0.2,109.0,154.0,1.3333333333333333,1.8,0.1,0.0,7.5
2024,16,2,2,18.0,2.0,53,Finished,+2.664,piastri,PIA,81,Oscar,Piastri,Australian,mclaren,McLaren,British,Italian Grand Prix,2024-09-01,monza,Autodromo Nazionale di Monza,Italy,2.0,79.436,79.436,-1.0,,19.1,19.1,65.0,1,15,4.0,179.0,1.0,0,0,1,0,0.0,55.0,2.3333333333333335,0.0,85.0,2.6,0.0,109.0,154.0,1.3333333333333333,1.8,0.1,1.0,12.0
2024,16,5,5,10.0,6.0,53,Finished,+22.820,hamilton,HAM,44,Lewis,Hamilton,British,mercedes,Mercedes,German,Italian Grand Prix,2024-09-01,monza,Autodromo Nazionale di Monza,Italy,6.0,79.513,79.513,-1.0,,19.1,19.1,65.0,1,15,6.0,154.0,2.0,0,0,0,0,0.0,44.0,4.0,0.0,81.0,3.4,0.0,55.0,117.0,3.6666666666666665,2.6,0.2,3.0,5.5
2024,16,7,7,6.0,3.0,53,Finished,+39.715,russell,RUS,63,George,Russell,British,mercedes,Mercedes,German,Italian Grand Prix,2024-09-01,monza,Autodromo Nazionale di Monza,Italy,3.0,79.44,79.44,-1.0,,19.1,19.1,65.0,1,15,8.0,122.0,1.0,0,0,0,0,0.0,11.0,11.666666666666666,0.3333333333333333,36.0,11.0,0.4,55.0,117.0,3.6666666666666665,2.6,0.2,0.0,4.0
2024,16,13,13,0.0,12.0,53,Finished,+1:33.452,ricciardo,RIC,3,Daniel,Ricciardo,Australian,rb,RB F1 Team,Italian,Italian Grand Prix,2024-09-01,monza,Autodromo Nazionale di Monza,Italy,12.0,80.479,,-1.0,,19.1,19.1,65.0,1,15,13.0,12.0,0.0,0,0,0,0,0.0,1.0,11.333333333333334,0.6666666666666666,3.0,11.2,0.6,3.0,6.0,10.333333333333334,10.0,0.5,0.0,17.0
2024,16,20,R,0.0,16.0,7,Retired,,tsunoda,TSU,22,Yuki,Tsunoda,Japanese,rb,RB F1 Team,Italian,Italian Grand Prix,2024-09-01,monza,Autodromo Nazionale di Monza,Italy,16.0,80.945,,-1.0,,19.1,19.1,65.0,1,15,12.0,22.0,0.0,1,0,0,0,0.0,2.0,14.0,0.3333333333333333,3.0,13.2,0.4,3.0,6.0,10.333333333333334,10.0,0.5,4.0,17.0
2024,16,6,6,8.0,7.0,53,Finished,+37.932,max_verstappen,VER,3,Max,Verstappen,Dutch,red_bull,Red Bull,Austrian,Italian Grand Prix,2024-09-01,monza,Autodromo Nazionale di Monza,Italy,7.0,80.02199999999999,80.02199999999999,-1.0,,19.1,19.1,65.0,1,15,1.0,295.0,7.0,0,0,0,0,0.0,40.0,3.6666666666666665,0.0,68.0,3.6,0.0,61.0,95.0,3.6666666666666665,3.6,0.1,0.0,1.0
2024,16,8,8,4.0,8.0,53,Finished,+54.148,perez,PER,11,Sergio,Pérez,Mexican,red_bull,Red Bull,Austrian,Italian Grand Prix,2024-09-01,monza,Autodromo Nazionale di Monza,Italy,8.0,80.062,80.062,-1.0,,19.1,19.1,65.0,1,15,7.0,139.0,0.0,0,0,0,0,0.0,21.0,6.666666666666667,0.0,27.0,8.8,0.2,61.0,95.0,3.6666666666666665,3.6,0.1,1.0,4.0
2024,16,16,16,0.0,19.0,52,Lapped,+27.211,bottas,BOT,77,Valtteri,Bottas,Finnish,sauber,Sauber,Swiss,Italian Grand Prix,2024-09-01,monza,Autodromo Nazionale di Monza,Italy,19.0,81.101,,-1.0,,19.1,19.1,65.0,1,15,21.0,0.0,0.0,1,0,0,0,0.0,0.0,16.666666666666668,0.6666666666666666,0.0,16.2,0.8,0.0,0.0,16.666666666666668,16.2,0.9,0.0,11.5
2024,16,18,18,0.0,20.0,52,Lapped,+40.055,zhou,ZHO,24,Guanyu,Zhou,Chinese,sauber,Sauber,Swiss,Italian Grand Prix,2024-09-01,monza,Autodromo Nazionale di Monza,Italy,20.0,81.445,,-1.0,,19.1,19.1,65.0,1,15,19.0,0.0,0.0,1,0,0,0,0.0,0.0,19.333333333333332,1.0,0.0,18.6,1.0,0.0,0.0,16.666666666666668,16.2,0.9,1.0,12.0
2024,16,9,9,2.0,9.0,53,Finished,+1:07.456,albon,ALB,23,Alexander,Albon,Thai,williams,Williams,British,Italian Grand Prix,2024-09-01,monza,Autodromo Nazionale di Monza,Italy,9.0,80.299,80.299,-1.0,,19.1,19.1,65.0,1,15,18.0,4.0,0.0,0,0,0,0,0.0,0.0,13.333333333333334,0.6666666666666666,2.0,12.8,0.6,0.0,2.0,13.333333333333334,12.8,0.6,0.0,7.0
2024,16,12,12,0.0,18.0,53,Finished,+1:21.308,colapinto,COL,43,Franco,Colapinto,Argentine,williams,Williams,British,Italian Grand Prix,2024-09-01,monza,Autodromo Nazionale di Monza,Italy,18.0,81.061,,-1.0,,19.1,19.1,65.0,1,15,,,,0,0,0,0,0.0,,,,,,,0.0,2.0,13.333333333333334,12.8,0.6,9.0,
2024,17,12,12,0.0,18.0,51,Finished,+1:57.189,gasly,GAS,10,Pierre,Gasly,French,alpine,Alpine F1 Team,French,Azerbaijan Grand Prix,2024-09-15,baku,Baku City Circuit,Azerbaijan,15.0,103.179,,-1.0,,0.0,0.0,3.0,0,16,14.0,8.0,0.0,0,0,0,0,3.0,2.0,12.333333333333334,0.6666666666666666,2.0,15.4,0.8,4.0,4.0,10.666666666666666,13.2,0.8,0.0,9.5
2024,17,15,15,0.0,20.0,50,Lapped,+21.344,ocon,OCO,31,Esteban,Ocon,French,alpine,Alpine F1 Team,French,Azerbaijan Grand Prix,2024-09-15,baku,Baku City Circuit,Azerbaijan,19.0,104.50399999999999,,-1.0,,0.0,0.0,3.0,0,16,18.0,5.0,0.0,1,0,0,0,1.0,2.0,12.666666666666666,0.6666666666666666,2.0,14.4,0.8,4.0,4.0,10.666666666666666,13.2,0.8,4.0,12.5
2024,17,6,6,8.0,7.0,51,Finished,+1:25.468,alonso,ALO,14,Fernando,Alonso,Spanish,aston_martin,Aston Martin,British,Azerbaijan Grand Prix,2024-09-15,baku,Baku City Circuit,Azerbaijan,8.0,102.369,102.369,-1.0,,0.0,0.0,3.0,0,16,9.0,50.0,0.0,0,0,0,0,-1.0,5.0,9.666666666666666,0.3333333333333333,9.0,9.6,0.2,5.0,16.0,9.666666666666666,9.2,0.3,0.0,5.5
2024,17,19,19,0.0,13.0,45,Retired,,stroll,STR,18,Lance,Stroll,Canadian,aston_martin,Aston Martin,British,Azerbaijan Grand Prix,2024-09-15,baku,Baku City Circuit,Azerbaijan,14.0,103.404,,-1.0,,0.0,0.0,3.0,0,16,10.0,24.0,0.0,1,0,0,0,-1.0,0.0,14.333333333333334,0.6666666666666666,7.0,12.0,0.4,5.0,16.0,9.666666666666666,9.2,0.3,6.0,11.5
2024,17,2,2,18.0,1.0,51,Finished,+10.910,leclerc,LEC,16,Charles,Leclerc,Monegasque,ferrari,Ferrari,Italian,Azerbaijan Grand Prix,2024-09-15,baku,Baku City Circuit,Azerbaijan,1.0,101.36500000000001,101.36500000000001,-1.0,,0.0,0.0,3.0,0,16,3.0,217.0,2.0,0,0,1,0,0.0,55.0,2.3333333333333335,0.0,67.0,5.0,0.2,85.0,116.0,2.3333333333333335,3.2,0.1,0.0,11.0
2024,17,18,18,0.0,3.0,49,Retired,,sainz,SAI,55,Carlos,Sainz,Spanish,ferrari,Ferrari,Italian,Azerbaijan Grand Prix,2024-09-15,baku,Baku City Circuit,Azerbaijan,3.0,101.805,101.805,-1.0,,0.0,0.0,3.0,0,16,5.0,184.0,1.0,1,0,0,0,0.0,30.0,5.0,0.0,49.0,5.2,0.0,85.0,116.0,2.3333333333333335,3.2,0.1,2.0,12.5
2024,17,10,10,1.0,10.0,51,Finished,+1:33.127,bearman,BEA,87,Oliver,Bearman,British,haas,Haas F1 Team,American,Azerbaijan Grand Prix,2024-09-15,baku,Baku City Circuit,Azerbaijan,11.0,102.968,,-1.0,,0.0,0.0,3.0,0,16,15.0,6.0,0.0,0,0,0,0,-1.0,6.0,7.0,0.0,6.0,7.0,0.0,1.0,9.0,11.666666666666666,10.8,0.5,0.0,
2024,17,11,11,0.0,12.0,51,Finished,+1:33.465,hulkenberg,HUL,27,Nico,Hülkenberg,German,haas,Haas F1 Team,American,Azerbaijan Grand Prix,2024-09-15,baku,Baku City Circuit,Azerbaijan,13.0,103.191,,-1.0,,0.0,0.0,3.0,0,16,11.0,22.0,0.0,0,0,0,0,-1.0,0.0,15.333333333333334,0.6666666666666666,8.0,13.0,0.6,1.0,9.0,11.666666666666666,10.8,0.5,2.0,17.0
2024,17,4,4,13.0,15.0,51,Finished,+36.143,norris,NOR,1,Lando,Norris,British,mclaren,McLaren,British,Azerbaijan Grand Prix,2024-09-15,baku,Baku City Circuit,Azerbaijan,16.0,103.60900000000001,,-1.0,,0.0,0.0,3.0,0,16,2.0,241.0,2.0,0,0,0,0,-1.0,52.0,3.0,0.0,85.0,2.8,0.0,100.0,170.0,1.6666666666666667,1.8,0.0,14.0,9.0
2024,17,1,1,25.0,2.0,51,Finished,1:32:58.007,piastri,PIA,81,Oscar,Piastri,Australian,mclaren,McLaren,British,Azerbaijan Grand Prix,2024-09-15,baku,Baku City Circuit,Azerbaijan,2.0,101.686,101.686,-1.0,,0.0,0.0,3.0,0,16,4.0,197.0,1.0,0,1,1,0,0.0,48.0,2.6666666666666665,0.0,85.0,2.6,0.0,100.0,170.0,1.6666666666666667,1.8,0.0,0.0,11.0
2024,17,9,9,2.0,19.0,51,Finished,+1:32.401,hamilton,HAM,44,Lewis,Hamilton,British,mercedes,Mercedes,German,Azerbaijan Grand Prix,2024-09-15,baku,Baku City Circuit,Azerbaijan,7.0,102.289,102.289,-1.0,,0.0,0.0,3.0,0,16,6.0,164.0,2.0,0,0,0,0,12.0,39.0,4.666666666666667,0.0,79.0,3.6,0.0,51.0,96.0,4.333333333333333,3.4,0.2,2.0,5.0
2024,17,3,3,15.0,5.0,51,Finished,+31.328,russell,RUS,63,George,Russell,British,mercedes,Mercedes,German,Azerbaijan Grand Prix,2024-09-15,baku,Baku City Circuit,Azerbaijan,5.0,101.874,101.874,-1.0,,0.0,0.0,3.0,0,16,8.0,128.0,1.0,0,0,1,0,0.0,12.0,11.333333333333334,0.3333333333333333,17.0,12.2,0.4,51.0,96.0,4.333333333333333,3.4,0.2,0.0,5.5
2024,17,13,13,0.0,14.0,51,Finished,+2:26.907,ricciardo,RIC,3,Daniel,Ricciardo,Australian,rb,RB F1 Team,Italian,Azerbaijan Grand Prix,2024-09-15,baku,Baku City Circuit,Azerbaijan,15.0,103.547,,-1.0,,0.0,0.0,3.0,0,16,13.0,12.0,0.0,0,0,0,0,-1.0,1.0,11.666666666666666,0.3333333333333333,1.0,12.0,0.6,1.0,4.0,11.666666666666666,10.8,0.5,3.0,8.0
2024,17,20,R,0.0,11.0,14,Retired,,tsunoda,TSU,22,Yuki,Tsunoda,Japanese,rb,RB F1 Team,Italian,Azerbaijan Grand Prix,2024-09-15,baku,Baku City Circuit,Azerbaijan,12.0,103.035,,-1.0,,0.0,0.0,3.0,0,16,12.0,22.0,0.0,1,0,0,0,-1.0,0.0,17.666666666666668,0.6666666666666666,3.0,14.4,0.4,1.0,4.0,11.666666666666666,10.8,0.5,0.0,11.5
2024,17,5,5,10.0,6.0,51,Finished,+1:17.098,max_verstappen,VER,3,Max,Verstappen,Dutch,red_bull,Red Bull,Austrian,Azerbaijan Grand Prix,2024-09-15,baku,Baku City Circuit,Azerbaijan,6.0,102.023,102.023,-1.0,,0.0,0.0,3.0,0,16,1.0,303.0,7.0,0,0,0,0,0.0,38.0,4.0,0.0,66.0,3.8,0.0,57.0,91.0,4.0,3.8,0.1,2.0,1.5
2024,17,17,17,0.0,4.0,49,Retired,,perez,PER,11,Sergio,Pérez,Mexican,red_bull,Red Bull,Austrian,Azerbaijan Grand Prix,2024-09-15,baku,Baku City Circuit,Azerbaijan,4.0,101.813,101.813,-1.0,,0.0,0.0,3.0,0,16,7.0,143.0,0.0,1,0,0,0,0.0,19.0,7.0,0.0,25.0,9.0,0.2,57.0,91.0,4.0,3.8,0.1,0.0,1.5
2024,17,16,16,0.0,16.0,50,Lapped,+25.395,bottas,BOT,77,Valtteri,Bottas,Finnish,sauber,Sauber,Swiss,Azerbaijan Grand Prix,2024-09-15,baku,Baku City Circuit,Azerbaijan,17.0,103.618,,-1.0,,0.0,0.0,3.0,0,16,22.0,0.0,0.0,1,0,0,0,-1.0,0.0,16.666666666666668,0.6666666666666666,0.0,16.2,0.8,0.0,0.0,16.666666666666668,16.2,0.9,0.0,14.5
2024,17,14,14,0.0,17.0,51,Finished,+2:28.841,zhou,ZHO,24,Guanyu,Zhou,Chinese,sauber,Sauber,Swiss,Azerbaijan Grand Prix,2024-09-15,baku,Baku City Circuit,Azerbaijan,18.0,104.24600000000001,,-1.0,,0.0,0.0,3.0,0,16,19.0,0.0,0.0,0,0,0,0,-1.0,0.0,19.0,1.0,0.0,18.8,1.0,0.0,0.0,16.666666666666668,16.2,0.9,1.0,18.5
2024,17,7,7,6.0,9.0,51,Finished,+1:27.396,albon,ALB,23,Alexander,Albon,Thai,williams,Williams,British,Azerbaijan Grand Prix,2024-09-15,baku,Baku City Circuit,Azerbaijan,10.0,102.85900000000001,102.85900000000001,-1.0,,0.0,0.0,3.0,0,16,17.0,6.0,0.0,0,0,0,0,-1.0,2.0,11.666666666666666,0.3333333333333333,4.0,11.6,0.4,2.0,4.0,11.666666666666666,11.6,0.4,1.0,12.0
2024,17,8,8,4.0,8.0,51,Finished,+1:29.541,colapinto,COL,43,Franco,Colapinto,Argentine,williams,Williams,British,Azerbaijan Grand Prix,2024-09-15,baku,Baku City Circuit,Azerbaijan,9.0,102.53,102.53,-1.0,,0.0,0.0,3.0,0,16,21.0,0.0,0.0,0,0,0,0,-1.0,0.0,12.0,0.0,0.0,12.0,0.0,2.0,4.0,11.666666666666666,11.6,0.4,0.0,
2024,18,17,17,0.0,18.0,61,Lapped,+59.059,gasly,GAS,10,Pierre,Gasly,French,alpine,Alpine F1 Team,French,Singapore Grand Prix,2024-09-22,marina_bay,Marina Bay Street Circuit,Singapore,18.0,91.312,,-1.0,,0.0,0.0,3.0,0,17,15.0,8.0,0.0,1,0,0,0,0.0,2.0,12.0,0.6666666666666666,2.0,13.8,0.6,2.0,4.0,11.666666666666666,12.4,0.7,3.0,8.0
2024,18,13,13,0.0,15.0,61,Lapped,+44.005,ocon,OCO,31,Esteban,Ocon,French,alpine,Alpine F1 Team,French,Singapore Grand Prix,2024-09-22,marina_bay,Marina Bay Street Circuit,Singapore,15.0,90.769,,-1.0,,0.0,0.0,3.0,0,17,18.0,5.0,0.0,1,0,0,0,0.0,0.0,14.666666666666666,1.0,2.0,14.2,0.8,2.0,4.0,11.666666666666666,12.4,0.7,0.0,17.0
2024,18,8,8,4.0,7.0,61,Lapped,+0.873,alonso,ALO,14,Fernando,Alonso,Spanish,aston_martin,Aston Martin,British,Singapore Grand Prix,2024-09-22,marina_bay,Marina Bay Street Circuit,Singapore,7.0,90.214,90.214,-1.0,,0.0,0.0,3.0,0,17,9.0,58.0,0.0,1,0,0,0,0.0,9.0,9.0,0.3333333333333333,13.0,9.2,0.2,9.0,14.0,9.0,9.0,0.4,0.0,16.5
2024,18,14,14,0.0,17.0,61,Lapped,+47.571,stroll,STR,18,Lance,Stroll,Canadian,aston_martin,Aston Martin,British,Singapore Grand Prix,2024-09-22,marina_bay,Marina Bay Street Circuit,Singapore,17.0,91.094,,-1.0,,0.0,0.0,3.0,0,17,10.0,24.0,0.0,1,0,0,0,0.0,0.0,17.0,1.0,1.0,14.4,0.6,9.0,14.0,9.0,9.0,0.4,10.0,13.0
2024,18,5,5,10.0,9.0,62,Finished,+1:02.430,leclerc,LEC,16,Charles,Leclerc,Monegasque,ferrari,Ferrari,Italian,Singapore Grand Prix,2024-09-22,marina_bay,Marina Bay Street Circuit,Singapore,9.0,89.747,,-1.0,,0.0,0.0,3.0,0,17,3.0,235.0,2.0,0,0,0,0,0.0,58.0,2.0,0.0,85.0,2.6,0.0,80.0,123.0,2.0,2.6,0.1,0.0,3.0
2024,18,7,7,6.0,10.0,62,Finished,+1:36.039,sainz,SAI,55,Carlos,Sainz,Spanish,ferrari,Ferrari,Italian,Singapore Grand Prix,2024-09-22,marina_bay,Marina Bay Street Circuit,Singapore,10.0,90.108,,-1.0,,0.0,0.0,3.0,0,17,5.0,184.0,1.0,0,0,0,0,0.0,22.0,9.0,0.3333333333333333,38.0,7.8,0.2,80.0,123.0,2.0,2.6,0.1,1.0,2.0
2024,18,9,9,2.0,6.0,61,Lapped,+3.140,hulkenberg,HUL,27,Nico,Hülkenberg,German,haas,Haas F1 Team,American,Singapore Grand Prix,2024-09-22,marina_bay,Marina Bay Street Circuit,Singapore,6.0,90.115,90.115,-1.0,,0.0,0.0,3.0,0,17,11.0,22.0,0.0,1,0,0,0,0.0,0.0,13.0,0.6666666666666666,0.0,14.0,0.6,2.0,2.0,10.333333333333334,11.6,0.5,0.0,13.0
2024,18,19,19,0.0,14.0,57,Retired,,kevin_magnussen,MAG,20,Kevin,Magnussen,Danish,haas,Haas F1 Team,American,Singapore Grand Prix,2024-09-22,marina_bay,Marina Bay Street Circuit,Singapore,14.0,90.65299999999999,,-1.0,,0.0,0.0,3.0,0,17,17.0,6.0,0.0,1,0,0,0,0.0,1.0,14.0,0.3333333333333333,1.0,13.8,0.4,2.0,2.0,10.333333333333334,11.6,0.5,8.0,11.0
2024,18,1,1,25.0,1.0,62,Finished,1:40:52.571,norris,NOR,1,Lando,Norris,British,mclaren,McLaren,British,Singapore Grand Prix,2024-09-22,marina_bay,Marina Bay Street Circuit,Singapore,1.0,89.525,89.525,-1.0,,0.0,0.0,3.0,0,17,2.0,254.0,2.0,0,1,1,0,0.0,55.0,2.6666666666666665,0.0,83.0,3.0,0.0,110.0,181.0,1.3333333333333333,1.4,0.0,0.0,3.0
2024,18,3,3,15.0,5.0,62,Finished,+41.823,piastri,PIA,81,Oscar,Piastri,Australian,mclaren,McLaren,British,Singapore Grand Prix,2024-09-22,marina_bay,Marina Bay Street Circuit,Singapore,5.0,89.953,89.953,-1.0,,0.0,0.0,3.0,0,17,4.0,222.0,2.0,0,0,1,0,0.0,55.0,2.3333333333333335,0.0,98.0,2.0,0.0,110.0,181.0,1.3333333333333333,1.4,0.0,4.0,7.0
2024,18,6,6,8.0,3.0,62,Finished,+1:25.248,hamilton,HAM,44,Lewis,Hamilton,British,mercedes,Mercedes,German,Singapore Grand Prix,2024-09-22,marina_bay,Marina Bay Street Circuit,Singapore,3.0,89.84100000000001,89.84100000000001,-1.0,,0.0,0.0,3.0,0,17,6.0,166.0,2.0,0,0,0,0,0.0,16.0,7.333333333333333,0.0,56.0,5.2,0.0,43.0,88.0,5.0,3.8,0.1,0.0,6.0
2024,18,4,4,12.0,4.0,62,Finished,+1:01.040,russell,RUS,63,George,Russell,British,mercedes,Mercedes,German,Singapore Grand Prix,2024-09-22,marina_bay,Marina Bay Street Circuit,Singapore,4.0,89.867,89.867,-1.0,,0.0,0.0,3.0,0,17,7.0,143.0,1.0,0,0,0,0,0.0,27.0,5.666666666666667,0.0,32.0,9.0,0.2,43.0,88.0,5.0,3.8,0.1,1.0,15.0
2024,18,18,18,0.0,16.0,61,Lapped,+1:29.796,ricciardo,RIC,3,Daniel,Ricciardo,Australian,rb,RB F1 Team,Italian,Singapore Grand Prix,2024-09-22,marina_bay,Marina Bay Street Circuit,Singapore,16.0,91.08500000000001,,-1.0,,0.0,0.0,3.0,0,17,14.0,12.0,0.0,1,0,0,0,0.0,0.0,12.666666666666666,0.3333333333333333,1.0,12.0,0.4,0.0,3.0,12.666666666666666,11.4,0.5,8.0,5.0
2024,18,12,12,0.0,8.0,61,Lapped,+8.792,tsunoda,TSU,22,Yuki,Tsunoda,Japanese,rb,RB F1 Team,Italian,Singapore Grand Prix,2024-09-22,marina_bay,Marina Bay Street Circuit,Singapore,8.0,90.354,90.354,-1.0,,0.0,0.0,3.0,0,17,12.0,22.0,0.0,1,0,0,0,0.0,0.0,19.0,1.0,2.0,16.4,0.6,0.0,3.0,12.666666666666666,11.4,0.5,0.0,17.0
2024,18,2,2,18.0,2.0,62,Finished,+20.945,max_verstappen,VER,3,Max,Verstappen,Dutch,red_bull,Red Bull,Austrian,Singapore Grand Prix,2024-09-22,marina_bay,Marina Bay Street Circuit,Singapore,2.0,89.72800000000001,89.72800000000001,-1.0,,0.0,0.0,3.0,0,17,1.0,313.0,7.0,0,0,1,0,0.0,36.0,4.333333333333333,0.0,58.0,4.4,0.0,48.0,83.0,4.333333333333333,4.4,0.1,0.0,6.0
2024,18,10,10,1.0,13.0,61,Lapped,+4.624,perez,PER,11,Sergio,Pérez,Mexican,red_bull,Red Bull,Austrian,Singapore Grand Prix,2024-09-22,marina_bay,Marina Bay Street Circuit,Singapore,13.0,90.57900000000001,,-1.0,,0.0,0.0,3.0,0,17,8.0,143.0,0.0,1,0,0,0,0.0,12.0,10.333333333333334,0.3333333333333333,25.0,9.0,0.2,48.0,83.0,4.333333333333333,4.4,0.1,11.0,4.5
2024,18,16,16,0.0,19.0,61,Lapped,+57.829,bottas,BOT,77,Valtteri,Bottas,Finnish,sauber,Sauber,Swiss,Singapore Grand Prix,2024-09-22,marina_bay,Marina Bay Street Circuit,Singapore,19.0,91.572,,-1.0,,0.0,0.0,3.0,0,17,22.0,0.0,0.0,1,0,0,0,0.0,0.0,17.0,1.0,0.0,16.4,0.8,0.0,0.0,16.333333333333332,16.0,0.8,0.0,14.0
2024,18,15,15,0.0,20.0,61,Lapped,+57.220,zhou,ZHO,24,Guanyu,Zhou,Chinese,sauber,Sauber,Swiss,Singapore Grand Prix,2024-09-22,marina_bay,Marina Bay Street Circuit,Singapore,20.0,92.054,,-1.0,,0.0,0.0,3.0,0,17,20.0,0.0,0.0,1,0,0,0,0.0,0.0,17.333333333333332,0.6666666666666666,0.0,18.0,0.8,0.0,0.0,16.333333333333332,16.0,0.8,1.0,16.0
2024,18,20,R,0.0,11.0,15,Retired,,albon,ALB,23,Alexander,Albon,Thai,williams,Williams,British,Singapore Grand Prix,2024-09-22,marina_bay,Marina Bay Street Circuit,Singapore,11.0,90.474,,-1.0,,0.0,0.0,3.0,0,17,13.0,12.0,0.0,1,0,0,0,0.0,8.0,10.0,0.3333333333333333,8.0,11.2,0.4,12.0,12.0,10.0,11.2,0.4,0.0,14.0
2024,18,11,11,0.0,12.0,61,Lapped,+6.284,colapinto,COL,43,Franco,Colapinto,Argentine,williams,Williams,British,Singapore Grand Prix,2024-09-22,marina_bay,Marina Bay Street Circuit,Singapore,12.0,90.481,,-1.0,,0.0,0.0,3.0,0,17,19.0,4.0,0.0,1,0,0,0,0.0,4.0,10.0,0.0,4.0,10.0,0.0,12.0,12.0,10.0,11.2,0.4,1.0,
2024,19,12,12,0.0,6.0,56,Finished,+1:30.558,gasly,GAS,10,Pierre,Gasly,French,alpine,Alpine F1 Team,French,United States Grand Prix,2024-10-20,americas,Circuit of the Americas,USA,7.0,93.018,93.018,14.0,0.0,0.0,0.0,0.0,0,18,15.0,8.0,0.0,0,0,0,1,-1.0,0.0,14.666666666666666,0.6666666666666666,2.0,13.2,0.6,0.0,4.0,13.0,11.4,0.7,0.0,10.0
2024,19,18,18,0.0,12.0,55,Lapped,+42.112,ocon,OCO,31,Esteban,Ocon,French,alpine,Alpine F1 Team,French,United States Grand Prix,2024-10-20,americas,Circuit of the Americas,USA,13.0,93.59700000000001,,15.0,0.0,0.0,0.0,0.0,0,18,18.0,5.0,0.0,1,0,0,1,-1.0,0.0,14.0,1.0,2.0,13.2,0.8,0.0,4.0,13.0,11.4,0.7,6.0,14.5
2024,19,13,13,0.0,7.0,55,Lapped,+1.726,alonso,ALO,14,Fernando,Alonso,Spanish,aston_martin,Aston Martin,British,United States Grand Prix,2024-10-20,americas,Circuit of the Americas,USA,8.0,93.309,93.309,18.0,0.0,0.0,0.0,0.0,0,18,9.0,62.0,0.0,1,0,0,1,-1.0,12.0,8.333333333333334,0.3333333333333333,17.0,8.6,0.4,12.0,17.0,8.333333333333334,8.6,0.6,0.0,11.5
2024,19,15,15,0.0,13.0,55,Lapped,+16.983,stroll,STR,18,Lance,Stroll,Canadian,aston_martin,Aston Martin,British,United States Grand Prix,2024-10-20,americas,Circuit of the Americas,USA,14.0,93.759,,13.0,0.0,0.0,0.0,0.0,0,18,11.0,24.0,0.0,1,0,0,1,-1.0,0.0,17.333333333333332,1.0,0.0,15.2,0.8,12.0,17.0,8.333333333333334,8.6,0.6,6.0,12.5
2024,19,1,1,25.0,4.0,56,Finished,1:35:09.639,leclerc,LEC,16,Charles,Leclerc,Monegasque,ferrari,Ferrari,Italian,United States Grand Prix,2024-10-20,americas,Circuit of the Americas,USA,4.0,92.74000000000001,92.74000000000001,4.0,5.0,0.0,0.0,0.0,0,18,3.0,245.0,2.0,0,1,1,1,0.0,53.0,2.6666666666666665,0.0,83.0,2.8,0.0,71.0,119.0,2.6666666666666665,2.8,0.1,1.0,11.5
2024,19,2,2,18.0,3.0,56,Finished,+8.562,sainz,SAI,55,Carlos,Sainz,Spanish,ferrari,Ferrari,Italian,United States Grand Prix,2024-10-20,americas,Circuit of the Americas,USA,3.0,92.652,92.652,2.0,7.0,0.0,0.0,0.0,0,18,5.0,190.0,1.0,0,0,1,1,0.0,18.0,9.666666666666666,0.3333333333333333,36.0,8.0,0.2,71.0,119.0,2.6666666666666665,2.8,0.1,0.0,11.5
2024,19,8,8,4.0,11.0,56,Finished,+1:02.957,hulkenberg,HUL,27,Nico,Hülkenberg,German,haas,Haas F1 Team,American,United States Grand Prix,2024-10-20,americas,Circuit of the Americas,USA,12.0,93.544,,8.0,1.0,0.0,0.0,0.0,0,18,10.0,24.0,0.0,0,0,0,1,-1.0,2.0,12.333333333333334,0.6666666666666666,2.0,13.2,0.6,4.0,4.0,9.666666666666666,10.8,0.5,3.0,11.0
2024,19,11,11,0.0,8.0,56,Finished,+1:19.782,kevin_magnussen,MAG,20,Kevin,Magnussen,Danish,haas,Haas F1 Team,American,United States Grand Prix,2024-10-20,americas,Circuit of the Americas,USA,9.0,93.481,93.481,7.0,2.0,0.0,0.0,0.0,0,18,17.0,6.0,0.0,0,0,0,1,-1.0,1.0,15.666666666666666,0.6666666666666666,1.0,15.2,0.6,4.0,4.0,9.666666666666666,10.8,0.5,0.0,11.5
2024,19,4,4,12.0,1.0,56,Finished,+20.354,norris,NOR,1,Lando,Norris,British,mclaren,McLaren,British,United States Grand Prix,2024-10-20,americas,Circuit of the Americas,USA,1.0,92.33,92.33,3.0,6.0,0.0,0.0,0.0,0,18,2.0,279.0,3.0,0,0,0,1,0.0,54.0,2.6666666666666665,0.0,90.0,2.8,0.0,112.0,178.0,1.3333333333333333,1.4,0.0,0.0,4.0
2024,19,5,5,10.0,5.0,56,Finished,+21.921,piastri,PIA,81,Oscar,Piastri,Australian,mclaren,McLaren,British,United States Grand Prix,2024-10-20,americas,Circuit of the Americas,USA,5.0,92.95,92.95,10.0,0.0,0.0,0.0,0.0,0,18,4.0,237.0,2.0,0,0,0,1,0.0,58.0,2.0,0.0,88.0,2.4,0.0,112.0,178.0,1.3333333333333333,1.4,0.0,4.0,17.0
2024,19,20,R,0.0,17.0,1,Retired,,hamilton,HAM,44,Lewis,Hamilton,British,mercedes,Mercedes,German,United States Grand Prix,2024-10-20,americas,Circuit of the Americas,USA,19.0,94.154,,6.0,3.0,0.0,0.0,0.0,0,18,6.0,174.0,2.0,1,0,0,1,-2.0,20.0,6.666666666666667,0.0,49.0,5.8,0.0,53.0,88.0,4.0,4.0,0.1,13.0,10.5
2024,19,6,6,8.0,20.0,56,Finished,+56.295,russell,RUS,63,George,Russell,British,mercedes,Mercedes,German,United States Grand Prix,2024-10-20,americas,Circuit of the Americas,USA,6.0,92.97399999999999,92.97399999999999,5.0,4.0,0.0,0.0,0.0,0,18,7.0,155.0,1.0,0,0,0,1,14.0,33.0,4.666666666666667,0.0,39.0,8.2,0.2,53.0,88.0,4.0,4.0,0.1,0.0,5.0
2024,19,9,9,2.0,19.0,56,Finished,+1:10.563,lawson,LAW,30,Liam,Lawson,New Zealander,rb,RB F1 Team,Italian,United States Grand Prix,2024-10-20,americas,Circuit of the Americas,USA,15.0,93.339,,16.0,0.0,0.0,0.0,0.0,0,18,,,,0,0,0,1,4.0,2.0,12.333333333333334,0.6666666666666666,2.0,12.2,0.4,0.0,1.0,12.666666666666666,12.0,0.6,4.0,
2024,19,14,14,0.0,10.0,55,Lapped,+8.212,tsunoda,TSU,22,Yuki,Tsunoda,Japanese,rb,RB F1 Team,Italian,United States Grand Prix,2024-10-20,americas,Circuit of the Americas,USA,11.0,93.506,,11.0,0.0,0.0,0.0,0.0,0,18,12.0,22.0,0.0,1,0,0,1,-1.0,0.0,17.333333333333332,1.0,0.0,17.0,0.8,0.0,1.0,12.666666666666666,12.0,0.6,0.0,9.0
2024,19,3,3,15.0,2.0,56,Finished,+19.412,max_verstappen,VER,3,Max,Verstappen,Dutch,red_bull,Red Bull,Austrian,United States Grand Prix,2024-10-20,americas,Circuit of the Americas,USA,2.0,92.36099999999999,92.36099999999999,1.0,8.0,0.0,0.0,0.0,0,18,1.0,331.0,7.0,0,0,1,1,0.0,36.0,4.333333333333333,0.0,66.0,3.8,0.0,41.0,86.0,4.333333333333333,3.8,0.2,0.0,1.0
2024,19,7,7,6.0,9.0,56,Finished,+59.072,perez,PER,11,Sergio,Pérez,Mexican,red_bull,Red Bull,Austrian,United States Grand Prix,2024-10-20,americas,Circuit of the Americas,USA,10.0,93.02000000000001,,9.0,0.0,0.0,0.0,0.0,0,18,8.0,144.0,0.0,0,0,0,1,-1.0,5.0,11.666666666666666,0.6666666666666666,20.0,9.6,0.4,41.0,86.0,4.333333333333333,3.8,0.2,8.0,4.0
2024,19,17,17,0.0,16.0,55,Lapped,+34.333,bottas,BOT,77,Valtteri,Bottas,Finnish,sauber,Sauber,Swiss,United States Grand Prix,2024-10-20,americas,Circuit of the Americas,USA,18.0,94.152,,20.0,0.0,0.0,0.0,0.0,0,18,22.0,0.0,0.0,1,0,0,1,-2.0,0.0,16.0,1.0,0.0,16.4,0.8,0.0,0.0,15.0,15.8,0.8,0.0,15.5
2024,19,19,19,0.0,18.0,55,Lapped,+49.240,zhou,ZHO,24,Guanyu,Zhou,Chinese,sauber,Sauber,Swiss,United States Grand Prix,2024-10-20,americas,Circuit of the Americas,USA,20.0,94.22800000000001,,19.0,0.0,0.0,0.0,0.0,0,18,20.0,0.0,0.0,1,0,0,1,-2.0,0.0,15.666666666666666,0.6666666666666666,0.0,17.2,0.8,0.0,0.0,15.0,15.8,0.8,2.0,12.5
2024,19,16,16,0.0,14.0,55,Lapped,+18.092,albon,ALB,23,Alexander,Albon,Thai,williams,Williams,British,United States Grand Prix,2024-10-20,americas,Circuit of the Americas,USA,16.0,94.051,,17.0,0.0,0.0,0.0,0.0,0,18,13.0,12.0,0.0,1,0,0,1,-2.0,8.0,12.0,0.3333333333333333,8.0,12.4,0.4,12.0,12.0,9.0,10.6,0.4,0.0,11.0
2024,19,10,10,1.0,15.0,56,Finished,+1:11.979,colapinto,COL,43,Franco,Colapinto,Argentine,williams,Williams,British,United States Grand Prix,2024-10-20,americas,Circuit of the Americas,USA,17.0,94.062,,12.0,0.0,0.0,0.0,0.0,0,18,19.0,4.0,0.0,0,0,0,1,-2.0,4.0,10.333333333333334,0.3333333333333333,4.0,10.333333333333334,0.3333333333333333,12.0,12.0,9.0,10.6,0.4,1.0,
2024,20,10,10,1.0,8.0,70,Lapped,+18.587,gasly,GAS,10,Pierre,Gasly,French,alpine,Alpine F1 Team,French,Mexico City Grand Prix,2024-10-27,rodriguez,Autódromo Hermanos Rodríguez,Mexico,8.0,76.892,76.892,-1.0,,1.8,1.8,61.0,1,19,16.0,8.0,0.0,1,0,0,0,0.0,0.0,13.666666666666666,0.3333333333333333,2.0,13.0,0.6,0.0,2.0,12.333333333333334,12.0,0.8,0.0,11.0
2024,20,13,13,0.0,,70,Lapped,+39.663,ocon,OCO,31,Esteban,Ocon,French,alpine,Alpine F1 Team,French,Mexico City Grand Prix,2024-10-27,rodriguez,Autódromo Hermanos Rodríguez,Mexico,19.0,77.617,,-1.0,,1.8,1.8,61.0,1,19,19.0,5.0,0.0,1,0,0,0,,0.0,15.333333333333334,1.0,0.0,15.0,1.0,0.0,2.0,12.333333333333334,12.0,0.8,11.0,9.0
2024,20,18,R,0.0,13.0,15,Retired,,alonso,ALO,14,Fernando,Alonso,Spanish,aston_martin,Aston Martin,British,Mexico City Grand Prix,2024-10-27,rodriguez,Autódromo Hermanos Rodríguez,Mexico,13.0,77.168,,-1.0,,1.8,1.8,61.0,1,19,9.0,62.0,0.0,1,0,0,0,0.0,12.0,9.0,0.6666666666666666,13.0,9.6,0.6,12.0,13.0,9.0,9.6,0.8,0.0,18.5
2024,20,11,11,0.0,14.0,70,Lapped,+25.072,stroll,STR,18,Lance,Stroll,Canadian,aston_martin,Aston Martin,British,Mexico City Grand Prix,2024-10-27,rodriguez,Autódromo Hermanos Rodríguez,Mexico,14.0,77.294,,-1.0,,1.8,1.8,61.0,1,19,11.0,24.0,0.0,1,0,0,0,0.0,0.0,16.0,1.0,0.0,16.0,1.0,12.0,13.0,9.0,9.6,0.8,1.0,16.0
2024,20,3,3,16.0,4.0,71,Finished,+34.387,leclerc,LEC,16,Charles,Leclerc,Monegasque,ferrari,Ferrari,Italian,Mexico City Grand Prix,2024-10-27,rodriguez,Autódromo Hermanos Rodríguez,Mexico,4.0,76.265,76.265,-1.0,,1.8,1.8,61.0,1,19,3.0,275.0,3.0,0,0,1,0,0.0,53.0,2.6666666666666665,0.0,93.0,2.4,0.0,77.0,139.0,2.6666666666666665,2.4,0.1,3.0,4.5
2024,20,1,1,25.0,1.0,71,Finished,1:40:55.800,sainz,SAI,55,Carlos,Sainz,Spanish,ferrari,Ferrari,Italian,Mexico City Grand Prix,2024-10-27,rodriguez,Autódromo Hermanos Rodríguez,Mexico,1.0,75.946,75.946,-1.0,,1.8,1.8,61.0,1,19,5.0,215.0,1.0,0,1,1,0,0.0,24.0,9.0,0.3333333333333333,46.0,7.2,0.2,77.0,139.0,2.6666666666666665,2.4,0.1,0.0,4.5
2024,20,9,9,2.0,10.0,70,Lapped,+2.720,hulkenberg,HUL,27,Nico,Hülkenberg,German,haas,Haas F1 Team,American,Mexico City Grand Prix,2024-10-27,rodriguez,Autódromo Hermanos Rodríguez,Mexico,10.0,77.365,77.365,-1.0,,1.8,1.8,61.0,1,19,10.0,29.0,0.0,1,0,0,0,0.0,6.0,9.333333333333334,0.3333333333333333,6.0,11.2,0.6,7.0,8.0,9.0,9.6,0.5,3.0,13.0
2024,20,7,7,6.0,7.0,71,Finished,+1:03.642,kevin_magnussen,MAG,20,Kevin,Magnussen,Danish,haas,Haas F1 Team,American,Mexico City Grand Prix,2024-10-27,rodriguez,Autódromo Hermanos Rodríguez,Mexico,7.0,76.886,76.886,-1.0,,1.8,1.8,61.0,1,19,15.0,8.0,0.0,0,0,0,0,0.0,1.0,13.333333333333334,0.3333333333333333,1.0,14.4,0.4,7.0,8.0,9.0,9.6,0.5,0.0,18.0
2024,20,2,2,18.0,3.0,71,Finished,+4.705,norris,NOR,1,Lando,Norris,British,mclaren,McLaren,British,Mexico City Grand Prix,2024-10-27,rodriguez,Autódromo Hermanos Rodríguez,Mexico,3.0,76.26,76.26,-1.0,,1.8,1.8,61.0,1,19,2.0,297.0,3.0,0,0,1,0,0.0,50.0,3.0,0.0,92.0,2.6,0.0,100.0,172.0,2.0,1.8,0.0,0.0,7.0
2024,20,8,8,4.0,17.0,71,Finished,+1:04.928,piastri,PIA,81,Oscar,Piastri,Australian,mclaren,McLaren,British,Mexico City Grand Prix,2024-10-27,rodriguez,Autódromo Hermanos Rodríguez,Mexico,17.0,77.59700000000001,,-1.0,,1.8,1.8,61.0,1,19,4.0,247.0,2.0,0,0,0,0,0.0,50.0,3.0,0.0,80.0,3.0,0.0,100.0,172.0,2.0,1.8,0.0,14.0,8.0
2024,20,4,4,12.0,6.0,71,Finished,+44.780,hamilton,HAM,44,Lewis,Hamilton,British,mercedes,Mercedes,German,Mexico City Grand Prix,2024-10-27,rodriguez,Autódromo Hermanos Rodríguez,Mexico,6.0,76.651,76.651,-1.0,,1.8,1.8,61.0,1,19,6.0,177.0,2.0,0,0,0,0,0.0,10.0,11.666666666666666,0.3333333333333333,24.0,9.6,0.2,45.0,71.0,4.333333333333333,5.0,0.1,1.0,2.0
2024,20,5,5,10.0,5.0,71,Finished,+48.536,russell,RUS,63,George,Russell,British,mercedes,Mercedes,German,Mexico City Grand Prix,2024-10-27,rodriguez,Autódromo Hermanos Rodríguez,Mexico,5.0,76.356,76.356,-1.0,,1.8,1.8,61.0,1,19,7.0,167.0,1.0,0,0,0,0,0.0,35.0,4.333333333333333,0.0,47.0,5.4,0.0,45.0,71.0,4.333333333333333,5.0,0.1,0.0,5.0
2024,20,16,16,0.0,12.0,70,Lapped,+1:04.466,lawson,LAW,30,Liam,Lawson,New Zealander,rb,RB F1 Team,Italian,Mexico City Grand Prix,2024-10-27,rodriguez,Autódromo Hermanos Rodríguez,Mexico,12.0,77.162,,-1.0,,1.8,1.8,61.0,1,19,20.0,2.0,0.0,1,0,0,0,0.0,2.0,12.333333333333334,0.6666666666666666,4.0,11.4,0.4,2.0,2.0,11.333333333333334,11.8,0.7,1.0,
2024,20,20,R,0.0,11.0,0,Retired,,tsunoda,TSU,22,Yuki,Tsunoda,Japanese,rb,RB F1 Team,Italian,Mexico City Grand Prix,2024-10-27,rodriguez,Autódromo Hermanos Rodríguez,Mexico,11.0,77.129,,-1.0,,1.8,1.8,61.0,1,19,12.0,22.0,0.0,1,0,0,0,0.0,0.0,15.333333333333334,1.0,0.0,16.6,1.0,2.0,2.0,11.333333333333334,11.8,0.7,0.0,16.0
2024,20,6,6,8.0,2.0,71,Finished,+59.558,max_verstappen,VER,3,Max,Verstappen,Dutch,red_bull,Red Bull,Austrian,Mexico City Grand Prix,2024-10-27,rodriguez,Autódromo Hermanos Rodríguez,Mexico,2.0,76.17099999999999,76.17099999999999,-1.0,,1.8,1.8,61.0,1,19,1.0,354.0,7.0,0,0,0,0,0.0,43.0,3.3333333333333335,0.0,69.0,3.6,0.0,50.0,88.0,3.3333333333333335,3.6,0.2,0.0,1.0
2024,20,17,17,0.0,18.0,70,Lapped,+1:13.284,perez,PER,11,Sergio,Pérez,Mexican,red_bull,Red Bull,Austrian,Mexico City Grand Prix,2024-10-27,rodriguez,Autódromo Hermanos Rodríguez,Mexico,18.0,77.611,,-1.0,,1.8,1.8,61.0,1,19,8.0,150.0,0.0,1,0,0,0,0.0,7.0,11.333333333333334,0.6666666666666666,19.0,9.6,0.4,50.0,88.0,3.3333333333333335,3.6,0.2,16.0,11.5
2024,20,14,14,0.0,15.0,70,Lapped,+42.227,bottas,BOT,77,Valtteri,Bottas,Finnish,sauber,Sauber,Swiss,Mexico City Grand Prix,2024-10-27,rodriguez,Autódromo Hermanos Rodríguez,Mexico,15.0,77.81700000000001,,-1.0,,1.8,1.8,61.0,1,19,23.0,0.0,0.0,1,0,0,0,0.0,0.0,16.333333333333332,1.0,0.0,16.8,1.0,0.0,0.0,15.333333333333334,16.2,0.9,0.0,12.5
2024,20,15,15,0.0,19.0,70,Lapped,+1:01.722,zhou,ZHO,24,Guanyu,Zhou,Chinese,sauber,Sauber,Swiss,Mexico City Grand Prix,2024-10-27,rodriguez,Autódromo Hermanos Rodríguez,Mexico,20.0,78.072,,-1.0,,1.8,1.8,61.0,1,19,21.0,0.0,0.0,1,0,0,0,-1.0,0.0,16.0,0.6666666666666666,0.0,17.2,0.8,0.0,0.0,15.333333333333334,16.2,0.9,5.0,13.5
2024,20,19,R,0.0,9.0,0,Retired,,albon,ALB,23,Alexander,Albon,Thai,williams,Williams,British,Mexico City Grand Prix,2024-10-27,rodriguez,Autódromo Hermanos Rodríguez,Mexico,9.0,77.065,77.065,-1.0,,1.8,1.8,61.0,1,19,13.0,12.0,0.0,1,0,0,0,0.0,6.0,14.333333333333334,0.6666666666666666,8.0,13.2,0.6,11.0,13.0,9.333333333333334,10.2,0.5,0.0,10.5
2024,20,12,12,0.0,16.0,70,Lapped,+37.497,colapinto,COL,43,Franco,Colapinto,Argentine,williams,Williams,British,Mexico City Grand Prix,2024-10-27,rodriguez,Autódromo Hermanos Rodríguez,Mexico,16.0,77.55799999999999,,-1.0,,1.8,1.8,61.0,1,19,18.0,5.0,0.0,1,0,0,0,0.0,5.0,9.666666666666666,0.3333333333333333,5.0,10.25,0.25,11.0,13.0,9.333333333333334,10.2,0.5,7.0,
2024,21,3,3,15.0,13.0,69,Finished,+22.532,gasly,GAS,10,Pierre,Gasly,French,alpine,Alpine F1 Team,French,São Paulo Grand Prix,2024-11-03,interlagos,Autódromo José Carlos Pace,Brazil,15.0,89.614,,7.0,2.0,16.6,16.6,63.0,1,20,16.0,9.0,0.0,0,0,1,1,-2.0,1.0,13.0,0.6666666666666666,1.0,13.2,0.6,1.0,1.0,11.666666666666666,12.2,0.8,11.0,10.5
2024,21,2,2,18.0,4.0,69,Finished,+19.477,ocon,OCO,31,Esteban,Ocon,French,alpine,Alpine F1 Team,French,São Paulo Grand Prix,2024-11-03,interlagos,Autódromo José Carlos Pace,Brazil,4.0,84.475,84.475,13.0,0.0,16.6,16.6,63.0,1,20,19.0,5.0,0.0,0,0,1,1,0.0,0.0,14.666666666666666,1.0,0.0,14.6,1.0,1.0,1.0,11.666666666666666,12.2,0.8,0.0,9.0
2024,21,14,14,0.0,9.0,69,Finished,+1:18.049,alonso,ALO,14,Fernando,Alonso,Spanish,aston_martin,Aston Martin,British,São Paulo Grand Prix,2024-11-03,interlagos,Autódromo José Carlos Pace,Brazil,9.0,88.998,88.998,18.0,0.0,16.6,16.6,63.0,1,20,9.0,62.0,0.0,0,0,0,1,0.0,4.0,13.0,1.0,12.0,11.2,0.6,4.0,12.0,10.666666666666666,9.8,0.8,0.0,4.0
2024,21,19,W,0.0,10.0,0,Did not start,,stroll,STR,18,Lance,Stroll,Canadian,aston_martin,Aston Martin,British,São Paulo Grand Prix,2024-11-03,interlagos,Autódromo José Carlos Pace,Brazil,10.0,86.334,,19.0,0.0,16.6,16.6,63.0,1,20,11.0,24.0,0.0,1,0,0,1,0.0,0.0,13.333333333333334,1.0,0.0,15.6,1.0,4.0,12.0,10.666666666666666,9.8,0.8,1.0,7.5
2024,21,5,5,10.0,6.0,69,Finished,+30.177,leclerc,LEC,16,Charles,Leclerc,Monegasque,ferrari,Ferrari,Italian,São Paulo Grand Prix,2024-11-03,interlagos,Autódromo José Carlos Pace,Brazil,6.0,84.525,84.525,3.0,6.0,16.6,16.6,63.0,1,20,3.0,291.0,3.0,0,0,0,1,0.0,51.0,3.0,0.0,94.0,2.4,0.0,100.0,155.0,2.3333333333333335,2.0,0.1,0.0,12.0
2024,21,16,R,0.0,20.0,38,Retired,,sainz,SAI,55,Carlos,Sainz,Spanish,ferrari,Ferrari,Italian,São Paulo Grand Prix,2024-11-03,interlagos,Autódromo José Carlos Pace,Brazil,14.0,89.406,,5.0,4.0,16.6,16.6,63.0,1,20,5.0,240.0,2.0,1,0,0,1,6.0,49.0,3.3333333333333335,0.0,61.0,6.4,0.2,100.0,155.0,2.3333333333333335,2.0,0.1,8.0,4.5
2024,21,12,12,0.0,15.0,69,Finished,+57.085,bearman,BEA,87,Oliver,Bearman,British,haas,Haas F1 Team,American,São Paulo Grand Prix,2024-11-03,interlagos,Autódromo José Carlos Pace,Brazil,17.0,91.229,,14.0,0.0,16.6,16.6,63.0,1,20,17.0,7.0,0.0,0,0,0,1,-2.0,7.0,8.5,0.0,7.0,8.5,0.0,14.0,16.0,8.0,8.8,0.4,0.0,
2024,21,20,D,0.0,18.0,0,Disqualified,,hulkenberg,HUL,27,Nico,Hülkenberg,German,haas,Haas F1 Team,American,São Paulo Grand Prix,2024-11-03,interlagos,Autódromo José Carlos Pace,Brazil,19.0,91.623,,20.0,0.0,16.6,16.6,63.0,1,20,10.0,31.0,0.0,1,0,0,1,-1.0,8.0,8.666666666666666,0.6666666666666666,8.0,10.8,0.6,14.0,16.0,8.0,8.8,0.4,2.0,12.0
2024,21,6,6,8.0,1.0,69,Finished,+31.372,norris,NOR,1,Lando,Norris,British,mclaren,McLaren,British,São Paulo Grand Prix,2024-11-03,interlagos,Autódromo José Carlos Pace,Brazil,1.0,83.405,83.405,1.0,8.0,16.6,16.6,63.0,1,20,2.0,315.0,3.0,0,0,0,1,0.0,55.0,2.3333333333333335,0.0,84.0,2.8,0.0,84.0,156.0,2.3333333333333335,2.0,0.0,0.0,10.0
2024,21,8,8,4.0,8.0,69,Finished,+44.943,piastri,PIA,81,Oscar,Piastri,Australian,mclaren,McLaren,British,São Paulo Grand Prix,2024-11-03,interlagos,Autódromo José Carlos Pace,Brazil,8.0,84.686,84.686,2.0,7.0,16.6,16.6,63.0,1,20,4.0,251.0,2.0,0,0,0,1,0.0,29.0,5.333333333333333,0.0,72.0,3.8,0.0,84.0,156.0,2.3333333333333335,2.0,0.0,7.0,14.0
2024,21,10,10,1.0,14.0,69,Finished,+50.753,hamilton,HAM,44,Lewis,Hamilton,British,mercedes,Mercedes,German,São Paulo Grand Prix,2024-11-03,interlagos,Autódromo José Carlos Pace,Brazil,16.0,91.15,,11.0,0.0,16.6,16.6,63.0,1,20,6.0,189.0,2.0,0,0,0,1,-2.0,20.0,10.0,0.3333333333333333,32.0,8.8,0.2,50.0,83.0,4.666666666666667,4.4,0.1,14.0,5.0
2024,21,4,4,12.0,2.0,69,Finished,+23.265,russell,RUS,63,George,Russell,British,mercedes,Mercedes,German,São Paulo Grand Prix,2024-11-03,interlagos,Autódromo José Carlos Pace,Brazil,2.0,83.578,83.578,6.0,3.0,16.6,16.6,63.0,1,20,7.0,177.0,1.0,0,0,0,1,0.0,30.0,5.0,0.0,51.0,5.0,0.0,50.0,83.0,4.666666666666667,4.4,0.1,0.0,8.0
2024,21,9,9,2.0,5.0,69,Finished,+50.452,lawson,LAW,30,Liam,Lawson,New Zealander,rb,RB F1 Team,Italian,São Paulo Grand Prix,2024-11-03,interlagos,Autódromo José Carlos Pace,Brazil,5.0,84.48400000000001,84.48400000000001,9.0,0.0,16.6,16.6,63.0,1,20,20.0,2.0,0.0,0,0,0,1,0.0,2.0,14.0,0.6666666666666666,4.0,12.4,0.6,2.0,2.0,12.333333333333334,12.6,0.7,2.0,
2024,21,7,7,6.0,3.0,69,Finished,+42.056,tsunoda,TSU,22,Yuki,Tsunoda,Japanese,rb,RB F1 Team,Italian,São Paulo Grand Prix,2024-11-03,interlagos,Autódromo José Carlos Pace,Brazil,3.0,84.111,84.111,15.0,0.0,16.6,16.6,63.0,1,20,12.0,22.0,0.0,0,0,0,1,0.0,0.0,15.333333333333334,1.0,0.0,17.2,1.0,2.0,2.0,12.333333333333334,12.6,0.7,0.0,13.0
2024,21,1,1,26.0,17.0,69,Finished,2:06:54.430,max_verstappen,VER,3,Max,Verstappen,Dutch,red_bull,Red Bull,Austrian,São Paulo Grand Prix,2024-11-03,interlagos,Autódromo José Carlos Pace,Brazil,12.0,87.771,,4.0,5.0,16.6,16.6,63.0,1,20,1.0,362.0,7.0,0,1,1,1,5.0,41.0,3.6666666666666665,0.0,59.0,4.4,0.0,48.0,70.0,3.6666666666666665,4.4,0.3,0.0,3.5
2024,21,11,11,0.0,12.0,69,Finished,+51.531,perez,PER,11,Sergio,Pérez,Mexican,red_bull,Red Bull,Austrian,São Paulo Grand Prix,2024-11-03,interlagos,Autódromo José Carlos Pace,Brazil,13.0,88.158,,8.0,1.0,16.6,16.6,63.0,1,20,8.0,150.0,0.0,0,0,0,1,-1.0,7.0,11.333333333333334,0.6666666666666666,11.0,11.8,0.6,48.0,70.0,3.6666666666666665,4.4,0.3,1.0,5.5
2024,21,13,13,0.0,11.0,69,Finished,+1:03.588,bottas,BOT,77,Valtteri,Bottas,Finnish,sauber,Sauber,Swiss,São Paulo Grand Prix,2024-11-03,interlagos,Autódromo José Carlos Pace,Brazil,11.0,86.47200000000001,,16.0,0.0,16.6,16.6,63.0,1,20,23.0,0.0,0.0,0,0,0,1,0.0,0.0,15.666666666666666,1.0,0.0,15.8,1.0,0.0,0.0,15.333333333333334,15.2,0.9,0.0,12.5
2024,21,15,15,0.0,19.0,69,Finished,+1:19.649,zhou,ZHO,24,Guanyu,Zhou,Chinese,sauber,Sauber,Swiss,São Paulo Grand Prix,2024-11-03,interlagos,Autódromo José Carlos Pace,Brazil,20.0,92.263,,17.0,0.0,16.6,16.6,63.0,1,20,21.0,0.0,0.0,0,0,0,1,-1.0,0.0,16.333333333333332,1.0,0.0,16.2,0.8,0.0,0.0,15.333333333333334,15.2,0.9,9.0,14.5
2024,21,18,W,0.0,7.0,0,Did not start,,albon,ALB,23,Alexander,Albon,Thai,williams,Williams,British,São Paulo Grand Prix,2024-11-03,interlagos,Autódromo José Carlos Pace,Brazil,7.0,84.657,84.657,10.0,0.0,16.6,16.6,63.0,1,20,14.0,12.0,0.0,1,0,0,1,0.0,0.0,18.333333333333332,1.0,8.0,14.2,0.6,1.0,13.0,11.0,9.8,0.5,0.0,17.0
2024,21,17,R,0.0,16.0,30,Retired,,colapinto,COL,43,Franco,Colapinto,Argentine,williams,Williams,British,São Paulo Grand Prix,2024-11-03,interlagos,Autódromo José Carlos Pace,Brazil,18.0,91.27,,12.0,0.0,16.6,16.6,63.0,1,20,18.0,5.0,0.0,1,0,0,1,-2.0,1.0,11.0,0.6666666666666666,5.0,10.6,0.4,1.0,13.0,11.0,9.8,0.5,11.0,
2024,22,20,R,0.0,3.0,15,Retired,,gasly,GAS,10,Pierre,Gasly,French,alpine,Alpine F1 Team,French,Las Vegas Grand Prix,2024-11-23,vegas,Las Vegas Strip Street Circuit,USA,3.0,92.664,92.664,-1.0,,0.0,0.0,3.0,0,21,12.0,26.0,0.0,1,0,0,0,0.0,16.0,8.333333333333334,0.3333333333333333,16.0,10.8,0.4,34.0,34.0,8.0,9.8,0.6,0.0,11.0
2024,22,17,17,0.0,11.0,49,Lapped,+2.060,ocon,OCO,31,Esteban,Ocon,French,alpine,Alpine F1 Team,French,Las Vegas Grand Prix,2024-11-23,vegas,Las Vegas Strip Street Circuit,USA,11.0,93.221,,-1.0,,0.0,0.0,3.0,0,21,14.0,23.0,0.0,1,0,0,0,0.0,18.0,11.0,0.6666666666666666,18.0,12.2,0.8,34.0,34.0,8.0,9.8,0.6,8.0,4.0
2024,22,11,11,0.0,16.0,50,Finished,+1:09.195,alonso,ALO,14,Fernando,Alonso,Spanish,aston_martin,Aston Martin,British,Las Vegas Grand Prix,2024-11-23,vegas,Las Vegas Strip Street Circuit,USA,17.0,94.25800000000001,,-1.0,,0.0,0.0,3.0,0,21,9.0,62.0,0.0,0,0,0,0,-1.0,0.0,15.0,0.6666666666666666,12.0,11.8,0.6,0.0,12.0,12.666666666666666,10.4,0.8,0.0,9.0
2024,22,15,15,0.0,18.0,50,Finished,+1:24.102,stroll,STR,18,Lance,Stroll,Canadian,aston_martin,Aston Martin,British,Las Vegas Grand Prix,2024-11-23,vegas,Las Vegas Strip Street Circuit,USA,20.0,94.48400000000001,,-1.0,,0.0,0.0,3.0,0,21,13.0,24.0,0.0,0,0,0,0,-2.0,0.0,15.0,1.0,0.0,15.6,1.0,0.0,12.0,12.666666666666666,10.4,0.8,3.0,5.0
2024,22,4,4,12.0,4.0,50,Finished,+14.283,leclerc,LEC,16,Charles,Leclerc,Monegasque,ferrari,Ferrari,Italian,Las Vegas Grand Prix,2024-11-23,vegas,Las Vegas Strip Street Circuit,USA,4.0,92.783,92.783,-1.0,,0.0,0.0,3.0,0,21,3.0,307.0,3.0,0,0,0,0,0.0,51.0,3.0,0.0,79.0,3.2,0.0,94.0,128.0,2.3333333333333335,2.8,0.2,2.0,2.0
2024,22,3,3,15.0,2.0,50,Finished,+11.906,sainz,SAI,55,Carlos,Sainz,Spanish,ferrari,Ferrari,Italian,Las Vegas Grand Prix,2024-11-23,vegas,Las Vegas Strip Street Circuit,USA,2.0,92.41,92.41,-1.0,,0.0,0.0,3.0,0,21,5.0,244.0,2.0,0,0,1,0,0.0,43.0,6.333333333333333,0.3333333333333333,49.0,8.8,0.4,94.0,128.0,2.3333333333333335,2.8,0.2,0.0,6.0
2024,22,8,8,4.0,9.0,50,Finished,+59.808,hulkenberg,HUL,27,Nico,Hülkenberg,German,haas,Haas F1 Team,American,Las Vegas Grand Prix,2024-11-23,vegas,Las Vegas Strip Street Circuit,USA,9.0,93.062,93.062,-1.0,,0.0,0.0,3.0,0,21,10.0,31.0,0.0,0,0,0,0,0.0,6.0,12.333333333333334,0.6666666666666666,8.0,11.4,0.6,12.0,15.0,9.0,9.2,0.4,0.0,19.0
2024,22,12,12,0.0,12.0,50,Finished,+1:09.803,kevin_magnussen,MAG,20,Kevin,Magnussen,Danish,haas,Haas F1 Team,American,Las Vegas Grand Prix,2024-11-23,vegas,Las Vegas Strip Street Circuit,USA,12.0,93.297,,-1.0,,0.0,0.0,3.0,0,21,15.0,14.0,0.0,0,0,0,0,0.0,6.0,12.333333333333334,0.3333333333333333,7.0,13.0,0.4,12.0,15.0,9.0,9.2,0.4,3.0,13.0
2024,22,6,6,9.0,6.0,50,Finished,+43.385,norris,NOR,1,Lando,Norris,British,mclaren,McLaren,British,Las Vegas Grand Prix,2024-11-23,vegas,Las Vegas Strip Street Circuit,USA,6.0,93.00800000000001,93.00800000000001,-1.0,,0.0,0.0,3.0,0,21,2.0,331.0,3.0,0,0,0,0,0.0,38.0,4.0,0.0,76.0,3.4,0.0,56.0,134.0,4.0,2.8,0.0,0.0,20.0
2024,22,7,7,6.0,8.0,50,Finished,+51.365,piastri,PIA,81,Oscar,Piastri,Australian,mclaren,McLaren,British,Las Vegas Grand Prix,2024-11-23,vegas,Las Vegas Strip Street Circuit,USA,8.0,93.033,93.033,-1.0,,0.0,0.0,3.0,0,21,4.0,262.0,2.0,0,0,0,0,0.0,18.0,7.0,0.0,58.0,5.0,0.0,56.0,134.0,4.0,2.8,0.0,2.0,10.0
2024,22,2,2,18.0,10.0,50,Finished,+7.313,hamilton,HAM,44,Lewis,Hamilton,British,mercedes,Mercedes,German,Las Vegas Grand Prix,2024-11-23,vegas,Las Vegas Strip Street Circuit,USA,10.0,108.106,108.106,-1.0,,0.0,0.0,3.0,0,21,7.0,190.0,2.0,0,0,1,0,0.0,13.0,11.333333333333334,0.3333333333333333,23.0,9.8,0.2,43.0,80.0,4.666666666666667,4.2,0.1,9.0,7.0
2024,22,1,1,25.0,1.0,50,Finished,1:22:05.969,russell,RUS,63,George,Russell,British,mercedes,Mercedes,German,Las Vegas Grand Prix,2024-11-23,vegas,Las Vegas Strip Street Circuit,USA,1.0,92.312,92.312,-1.0,,0.0,0.0,3.0,0,21,6.0,192.0,1.0,0,1,1,0,0.0,30.0,5.0,0.0,57.0,4.4,0.0,43.0,80.0,4.666666666666667,4.2,0.1,0.0,8.0
2024,22,16,16,0.0,14.0,50,Finished,+1:31.005,lawson,LAW,30,Liam,Lawson,New Zealander,rb,RB F1 Team,Italian,Las Vegas Grand Prix,2024-11-23,vegas,Las Vegas Strip Street Circuit,USA,15.0,94.257,,-1.0,,0.0,0.0,3.0,0,21,20.0,4.0,0.0,0,0,0,0,-1.0,4.0,11.333333333333334,0.3333333333333333,4.0,12.4,0.6,10.0,10.0,10.666666666666666,11.4,0.6,8.0,
2024,22,9,9,2.0,7.0,50,Finished,+1:02.808,tsunoda,TSU,22,Yuki,Tsunoda,Japanese,rb,RB F1 Team,Italian,Las Vegas Grand Prix,2024-11-23,vegas,Las Vegas Strip Street Circuit,USA,7.0,93.029,93.029,-1.0,,0.0,0.0,3.0,0,21,11.0,28.0,0.0,0,0,0,0,0.0,6.0,13.666666666666666,0.6666666666666666,6.0,14.6,0.8,10.0,10.0,10.666666666666666,11.4,0.6,0.0,18.0
2024,22,5,5,10.0,5.0,50,Finished,+16.582,max_verstappen,VER,3,Max,Verstappen,Dutch,red_bull,Red Bull,Austrian,Las Vegas Grand Prix,2024-11-23,vegas,Las Vegas Strip Street Circuit,USA,5.0,92.797,92.797,-1.0,,0.0,0.0,3.0,0,21,1.0,393.0,8.0,0,0,0,0,0.0,49.0,3.3333333333333335,0.0,77.0,3.4,0.0,55.0,84.0,3.3333333333333335,3.4,0.3,0.0,1.0
2024,22,10,10,1.0,15.0,50,Finished,+1:03.114,perez,PER,11,Sergio,Pérez,Mexican,red_bull,Red Bull,Austrian,Las Vegas Grand Prix,2024-11-23,vegas,Las Vegas Strip Street Circuit,USA,16.0,94.155,,-1.0,,0.0,0.0,3.0,0,21,8.0,151.0,0.0,0,0,0,0,-1.0,6.0,11.666666666666666,0.3333333333333333,7.0,12.4,0.6,55.0,84.0,3.3333333333333335,3.4,0.3,11.0,3.0
2024,22,18,18,0.0,19.0,49,Lapped,+11.285,bottas,BOT,77,Valtteri,Bottas,Finnish,sauber,Sauber,Swiss,Las Vegas Grand Prix,2024-11-23,vegas,Las Vegas Strip Street Circuit,USA,19.0,94.43,,-1.0,,0.0,0.0,3.0,0,21,23.0,0.0,0.0,1,0,0,0,0.0,0.0,14.666666666666666,0.6666666666666666,0.0,15.2,0.8,0.0,0.0,14.666666666666666,14.6,0.7,6.0,17.0
2024,22,13,13,0.0,13.0,50,Finished,+1:14.085,zhou,ZHO,24,Guanyu,Zhou,Chinese,sauber,Sauber,Swiss,Las Vegas Grand Prix,2024-11-23,vegas,Las Vegas Strip Street Circuit,USA,13.0,93.566,,-1.0,,0.0,0.0,3.0,0,21,21.0,0.0,0.0,0,0,0,0,0.0,0.0,16.333333333333332,0.6666666666666666,0.0,15.6,0.6,0.0,0.0,14.666666666666666,14.6,0.7,0.0,15.0
2024,22,19,R,0.0,17.0,25,Retired,,albon,ALB,23,Alexander,Albon,Thai,williams,Williams,British,Las Vegas Grand Prix,2024-11-23,vegas,Las Vegas Strip Street Circuit,USA,18.0,94.425,,-1.0,,0.0,0.0,3.0,0,21,16.0,12.0,0.0,1,0,0,0,-1.0,0.0,17.666666666666668,1.0,6.0,16.0,0.8,1.0,11.0,13.0,11.4,0.7,4.0,12.0
2024,22,14,14,0.0,20.0,50,Finished,+1:15.172,colapinto,COL,43,Franco,Colapinto,Argentine,williams,Williams,British,Las Vegas Grand Prix,2024-11-23,vegas,Las Vegas Strip Street Circuit,USA,14.0,93.749,,-1.0,,0.0,0.0,3.0,0,21,19.0,5.0,0.0,0,0,0,0,6.0,1.0,13.0,0.6666666666666666,5.0,11.6,0.6,1.0,11.0,13.0,11.4,0.7,0.0,
2024,23,5,5,10.0,11.0,57,Finished,+16.782,gasly,GAS,10,Pierre,Gasly,French,alpine,Alpine F1 Team,French,Qatar Grand Prix,2024-12-01,losail,Losail International Circuit,Qatar,11.0,81.437,,9.0,0.0,0.0,0.0,0.0,0,22,12.0,26.0,0.0,0,0,0,1,0.0,16.0,11.0,0.6666666666666666,16.0,12.4,0.6,34.0,34.0,9.666666666666666,10.8,0.7,0.0,12.0
2024,23,20,R,0.0,20.0,0,Retired,,ocon,OCO,31,Esteban,Ocon,French,alpine,Alpine F1 Team,French,Qatar Grand Prix,2024-12-01,losail,Losail International Circuit,Qatar,20.0,82.714,,14.0,0.0,0.0,0.0,0.0,0,22,14.0,23.0,0.0,1,0,0,1,0.0,18.0,10.666666666666666,0.6666666666666666,18.0,12.6,0.8,34.0,34.0,9.666666666666666,10.8,0.7,9.0,7.0
2024,23,7,7,6.0,8.0,57,Finished,+19.867,alonso,ALO,14,Fernando,Alonso,Spanish,aston_martin,Aston Martin,British,Qatar Grand Prix,2024-12-01,losail,Losail International Circuit,Qatar,8.0,81.251,81.251,11.0,0.0,0.0,0.0,0.0,0,22,9.0,62.0,0.0,0,0,0,1,0.0,0.0,14.333333333333334,0.3333333333333333,4.0,12.8,0.6,0.0,4.0,12.0,11.4,0.7,0.0,6.0
2024,23,18,R,0.0,15.0,8,Retired,,stroll,STR,18,Lance,Stroll,Canadian,aston_martin,Aston Martin,British,Qatar Grand Prix,2024-12-01,losail,Losail International Circuit,Qatar,15.0,81.911,,13.0,0.0,0.0,0.0,0.0,0,22,13.0,24.0,0.0,1,0,0,1,0.0,0.0,15.0,0.6666666666666666,0.0,14.8,0.8,0.0,4.0,12.0,11.4,0.7,7.0,11.0
2024,23,2,2,18.0,5.0,57,Finished,+6.031,leclerc,LEC,16,Charles,Leclerc,Monegasque,ferrari,Ferrari,Italian,Qatar Grand Prix,2024-12-01,losail,Losail International Circuit,Qatar,5.0,80.852,80.852,5.0,4.0,0.0,0.0,0.0,0,22,3.0,319.0,3.0,0,0,1,1,0.0,38.0,4.0,0.0,73.0,3.6,0.0,78.0,137.0,3.0,3.0,0.1,0.0,5.0
2024,23,6,6,8.0,7.0,57,Finished,+17.476,sainz,SAI,55,Carlos,Sainz,Spanish,ferrari,Ferrari,Italian,Qatar Grand Prix,2024-12-01,losail,Losail International Circuit,Qatar,7.0,81.041,81.041,4.0,5.0,0.0,0.0,0.0,0,22,5.0,259.0,2.0,0,0,0,1,0.0,40.0,6.666666666666667,0.3333333333333333,64.0,5.8,0.2,78.0,137.0,3.0,3.0,0.1,2.0,20.0
2024,23,16,R,0.0,18.0,39,Retired,,hulkenberg,HUL,27,Nico,Hülkenberg,German,haas,Haas F1 Team,American,Qatar Grand Prix,2024-12-01,losail,Losail International Circuit,Qatar,18.0,82.44200000000001,,7.0,2.0,0.0,0.0,0.0,0,22,10.0,35.0,0.0,1,0,0,1,0.0,6.0,12.333333333333334,0.6666666666666666,12.0,10.8,0.6,12.0,18.0,9.0,8.8,0.4,8.0,16.0
2024,23,9,9,2.0,10.0,57,Finished,+32.177,kevin_magnussen,MAG,20,Kevin,Magnussen,Danish,haas,Haas F1 Team,American,Qatar Grand Prix,2024-12-01,losail,Losail International Circuit,Qatar,10.0,81.5,81.5,10.0,0.0,0.0,0.0,0.0,0,22,15.0,14.0,0.0,0,0,0,1,0.0,6.0,10.0,0.0,7.0,11.8,0.2,12.0,18.0,9.0,8.8,0.4,0.0,14.0
2024,23,10,10,2.0,3.0,57,Finished,+35.762,norris,NOR,1,Lando,Norris,British,mclaren,McLaren,British,Qatar Grand Prix,2024-12-01,losail,Losail International Circuit,Qatar,3.0,80.77199999999999,80.77199999999999,2.0,7.0,0.0,0.0,0.0,0,22,2.0,340.0,3.0,0,0,0,1,0.0,35.0,4.666666666666667,0.0,72.0,3.8,0.0,49.0,111.0,4.666666666666667,3.8,0.0,0.0,3.0
2024,23,3,3,15.0,4.0,57,Finished,+6.819,piastri,PIA,81,Oscar,Piastri,Australian,mclaren,McLaren,British,Qatar Grand Prix,2024-12-01,losail,Losail International Circuit,Qatar,4.0,80.82900000000001,80.82900000000001,1.0,8.0,0.0,0.0,0.0,0,22,4.0,268.0,2.0,0,0,1,1,0.0,14.0,7.666666666666667,0.0,39.0,6.2,0.0,49.0,111.0,4.666666666666667,3.8,0.0,1.0,2.0
2024,23,12,12,0.0,6.0,57,Finished,+56.122,hamilton,HAM,44,Lewis,Hamilton,British,mercedes,Mercedes,German,Qatar Grand Prix,2024-12-01,losail,Losail International Circuit,Qatar,6.0,81.011,81.011,6.0,3.0,0.0,0.0,0.0,0,22,7.0,208.0,2.0,0,0,0,1,0.0,31.0,5.333333333333333,0.0,39.0,8.4,0.2,78.0,106.0,3.0,3.8,0.1,4.0,19.0
2024,23,4,4,12.0,1.0,57,Finished,+14.104,russell,RUS,63,George,Russell,British,mercedes,Mercedes,German,Qatar Grand Prix,2024-12-01,losail,Losail International Circuit,Qatar,2.0,80.575,80.575,3.0,6.0,0.0,0.0,0.0,0,22,6.0,217.0,2.0,0,0,0,1,-1.0,47.0,3.3333333333333335,0.0,67.0,4.0,0.0,78.0,106.0,3.0,3.8,0.1,0.0,4.0
2024,23,14,14,0.0,17.0,57,Finished,+1:02.656,lawson,LAW,30,Liam,Lawson,New Zealander,rb,RB F1 Team,Italian,Qatar Grand Prix,2024-12-01,losail,Losail International Circuit,Qatar,17.0,82.411,,16.0,0.0,0.0,0.0,0.0,0,22,20.0,4.0,0.0,0,0,0,1,0.0,2.0,13.666666666666666,0.3333333333333333,4.0,13.4,0.4,10.0,12.0,10.666666666666666,10.6,0.5,3.0,17.0
2024,23,13,13,0.0,14.0,57,Finished,+1:01.100,tsunoda,TSU,22,Yuki,Tsunoda,Japanese,rb,RB F1 Team,Italian,Qatar Grand Prix,2024-12-01,losail,Losail International Circuit,Qatar,14.0,81.771,,17.0,0.0,0.0,0.0,0.0,0,22,11.0,30.0,0.0,0,0,0,1,0.0,8.0,12.0,0.3333333333333333,8.0,12.4,0.6,10.0,12.0,10.666666666666666,10.6,0.5,0.0,15.0
2024,23,1,1,25.0,2.0,57,Finished,1:31:05.323,max_verstappen,VER,3,Max,Verstappen,Dutch,red_bull,Red Bull,Austrian,Qatar Grand Prix,2024-12-01,losail,Losail International Circuit,Qatar,1.0,80.52,80.52,8.0,1.0,0.0,0.0,0.0,0,22,1.0,403.0,8.0,0,1,1,1,1.0,44.0,4.0,0.0,77.0,3.4,0.0,45.0,85.0,4.0,3.4,0.2,0.0,1.0
2024,23,17,R,0.0,9.0,38,Retired,,perez,PER,11,Sergio,Pérez,Mexican,red_bull,Red Bull,Austrian,Qatar Grand Prix,2024-12-01,losail,Losail International Circuit,Qatar,9.0,81.425,81.425,20.0,0.0,0.0,0.0,0.0,0,22,8.0,152.0,0.0,1,0,0,1,0.0,1.0,12.666666666666666,0.3333333333333333,8.0,11.0,0.4,45.0,85.0,4.0,3.4,0.2,8.0,10.0
2024,23,11,11,0.0,13.0,57,Finished,+50.243,bottas,BOT,77,Valtteri,Bottas,Finnish,sauber,Sauber,Swiss,Qatar Grand Prix,2024-12-01,losail,Losail International Circuit,Qatar,13.0,81.731,,12.0,0.0,0.0,0.0,0.0,0,22,23.0,0.0,0.0,0,0,0,1,0.0,0.0,15.0,0.6666666666666666,0.0,15.6,0.8,0.0,0.0,13.333333333333334,14.4,0.7,1.0,8.0
2024,23,8,8,4.0,12.0,57,Finished,+25.360,zhou,ZHO,24,Guanyu,Zhou,Chinese,sauber,Sauber,Swiss,Qatar Grand Prix,2024-12-01,losail,Losail International Circuit,Qatar,12.0,81.501,,19.0,0.0,0.0,0.0,0.0,0,22,21.0,0.0,0.0,0,0,0,1,0.0,0.0,14.333333333333334,0.3333333333333333,0.0,15.4,0.6,0.0,0.0,13.333333333333334,14.4,0.7,0.0,9.0
2024,23,15,15,0.0,16.0,56,Lapped,+12.969,albon,ALB,23,Alexander,Albon,Thai,williams,Williams,British,Qatar Grand Prix,2024-12-01,losail,Losail International Circuit,Qatar,16.0,82.39,,15.0,0.0,0.0,0.0,0.0,0,22,16.0,12.0,0.0,1,0,0,1,0.0,0.0,18.666666666666668,1.0,0.0,18.4,1.0,0.0,1.0,14.333333333333334,12.8,0.8,0.0,13.0
2024,23,19,R,0.0,19.0,0,Retired,,colapinto,COL,43,Franco,Colapinto,Argentine,williams,Williams,British,Qatar Grand Prix,2024-12-01,losail,Losail International Circuit,Qatar,19.0,82.594,,18.0,0.0,0.0,0.0,0.0,0,22,19.0,5.0,0.0,1,0,0,1,0.0,0.0,14.333333333333334,0.6666666666666666,1.0,12.8,0.6,0.0,1.0,14.333333333333334,12.8,0.8,3.0,
2024,24,15,15,0.0,17.0,57,Lapped,+26.555,doohan,DOO,7,Jack,Doohan,Australian,alpine,Alpine F1 Team,French,Abu Dhabi Grand Prix,2024-12-08,yas_marina,Yas Marina Circuit,UAE,20.0,84.105,,-1.0,,0.0,0.0,0.0,0,23,,,,1,0,0,0,-3.0,,,,,,,43.0,44.0,8.0,9.2,0.6,14.0,
2024,24,7,7,6.0,5.0,58,Finished,+1:12.560,gasly,GAS,10,Pierre,Gasly,French,alpine,Alpine F1 Team,French,Abu Dhabi Grand Prix,2024-12-08,yas_marina,Yas Marina Circuit,UAE,6.0,82.98400000000001,82.98400000000001,-1.0,,0.0,0.0,0.0,0,23,11.0,36.0,0.0,0,0,0,0,-1.0,25.0,9.333333333333334,0.3333333333333333,26.0,10.0,0.4,43.0,44.0,8.0,9.2,0.6,0.0,13.5
2024,24,9,9,2.0,8.0,58,Finished,+1:22.373,alonso,ALO,14,Fernando,Alonso,Spanish,aston_martin,Aston Martin,British,Abu Dhabi Grand Prix,2024-12-08,yas_marina,Yas Marina Circuit,UAE,8.0,83.196,83.196,-1.0,,0.0,0.0,0.0,0,23,9.0,68.0,0.0,0,0,0,0,0.0,6.0,10.666666666666666,0.0,6.0,12.6,0.4,6.0,6.0,10.666666666666666,11.2,0.6,0.0,13.5
2024,24,14,14,0.0,13.0,57,Lapped,+18.473,stroll,STR,18,Lance,Stroll,Canadian,aston_martin,Aston Martin,British,Abu Dhabi Grand Prix,2024-12-08,yas_marina,Yas Marina Circuit,UAE,13.0,83.78399999999999,,-1.0,,0.0,0.0,0.0,0,23,13.0,24.0,0.0,1,0,0,0,0.0,0.0,17.333333333333332,0.6666666666666666,0.0,15.6,0.8,6.0,6.0,10.666666666666666,11.2,0.6,5.0,9.0
2024,24,3,3,15.0,19.0,58,Finished,+31.928,leclerc,LEC,16,Charles,Leclerc,Monegasque,ferrari,Ferrari,Italian,Abu Dhabi Grand Prix,2024-12-08,yas_marina,Yas Marina Circuit,UAE,14.0,83.833,,-1.0,,0.0,0.0,0.0,0,23,3.0,341.0,3.0,0,0,1,0,5.0,40.0,3.6666666666666665,0.0,81.0,3.0,0.0,63.0,147.0,3.3333333333333335,2.4,0.1,11.0,2.0
2024,24,2,2,18.0,3.0,58,Finished,+5.832,sainz,SAI,55,Carlos,Sainz,Spanish,ferrari,Ferrari,Italian,Abu Dhabi Grand Prix,2024-12-08,yas_marina,Yas Marina Circuit,UAE,3.0,82.824,82.824,-1.0,,0.0,0.0,0.0,0,23,5.0,272.0,2.0,0,0,1,0,0.0,23.0,8.333333333333334,0.3333333333333333,66.0,5.6,0.2,63.0,147.0,3.3333333333333335,2.4,0.1,0.0,11.0
2024,24,8,8,4.0,7.0,58,Finished,+1:15.554,hulkenberg,HUL,27,Nico,Hülkenberg,German,haas,Haas F1 Team,American,Abu Dhabi Grand Prix,2024-12-08,yas_marina,Yas Marina Circuit,UAE,4.0,82.886,82.886,-1.0,,0.0,0.0,0.0,0,23,10.0,37.0,0.0,0,0,0,0,3.0,4.0,14.666666666666666,0.6666666666666666,10.0,12.2,0.6,6.0,18.0,9.666666666666666,8.8,0.3,0.0,15.0
2024,24,16,16,0.0,14.0,57,Lapped,+1:17.597,kevin_magnussen,MAG,20,Kevin,Magnussen,Danish,haas,Haas F1 Team,American,Abu Dhabi Grand Prix,2024-12-08,yas_marina,Yas Marina Circuit,UAE,15.0,83.877,,-1.0,,0.0,0.0,0.0,0,23,15.0,16.0,0.0,1,0,0,0,-1.0,8.0,9.333333333333334,0.0,8.0,11.6,0.2,6.0,18.0,9.666666666666666,8.8,0.3,11.0,18.5
2024,24,1,1,25.0,1.0,58,Finished,1:26:33.291,norris,NOR,1,Lando,Norris,British,mclaren,McLaren,British,Abu Dhabi Grand Prix,2024-12-08,yas_marina,Yas Marina Circuit,UAE,1.0,82.595,82.595,-1.0,,0.0,0.0,0.0,0,23,2.0,349.0,3.0,0,1,1,0,0.0,19.0,7.333333333333333,0.0,49.0,5.6,0.0,44.0,88.0,5.0,4.2,0.0,0.0,5.5
2024,24,10,10,1.0,2.0,58,Finished,+1:23.821,piastri,PIA,81,Oscar,Piastri,Australian,mclaren,McLaren,British,Abu Dhabi Grand Prix,2024-12-08,yas_marina,Yas Marina Circuit,UAE,2.0,82.804,82.804,-1.0,,0.0,0.0,0.0,0,23,4.0,291.0,2.0,0,0,0,0,0.0,25.0,6.0,0.0,39.0,6.2,0.0,44.0,88.0,5.0,4.2,0.0,1.0,6.0
2024,24,4,4,12.0,16.0,58,Finished,+36.483,hamilton,HAM,44,Lewis,Hamilton,British,mercedes,Mercedes,German,Abu Dhabi Grand Prix,2024-12-08,yas_marina,Yas Marina Circuit,UAE,18.0,83.887,,-1.0,,0.0,0.0,0.0,0,23,7.0,211.0,2.0,0,0,0,0,-2.0,19.0,8.0,0.0,31.0,9.6,0.2,68.0,98.0,3.0,3.8,0.1,11.0,13.5
2024,24,5,5,10.0,6.0,58,Finished,+37.538,russell,RUS,63,George,Russell,British,mercedes,Mercedes,German,Abu Dhabi Grand Prix,2024-12-08,yas_marina,Yas Marina Circuit,UAE,7.0,83.132,83.132,-1.0,,0.0,0.0,0.0,0,23,6.0,235.0,2.0,0,0,0,0,-1.0,49.0,3.0,0.0,67.0,4.0,0.0,68.0,98.0,3.0,3.8,0.1,0.0,4.0
2024,24,17,17,0.0,12.0,55,Retired,,lawson,LAW,30,Liam,Lawson,New Zealander,rb,RB F1 Team,Italian,Abu Dhabi Grand Prix,2024-12-08,yas_marina,Yas Marina Circuit,UAE,12.0,83.47200000000001,,-1.0,,0.0,0.0,0.0,0,23,21.0,4.0,0.0,1,0,0,0,0.0,2.0,13.0,0.0,4.0,12.8,0.2,10.0,12.0,9.666666666666666,10.8,0.3,1.0,
2024,24,12,12,0.0,11.0,57,Lapped,+14.738,tsunoda,TSU,22,Yuki,Tsunoda,Japanese,rb,RB F1 Team,Italian,Abu Dhabi Grand Prix,2024-12-08,yas_marina,Yas Marina Circuit,UAE,11.0,83.419,,-1.0,,0.0,0.0,0.0,0,23,12.0,30.0,0.0,1,0,0,0,0.0,8.0,9.666666666666666,0.0,8.0,12.6,0.4,10.0,12.0,9.666666666666666,10.8,0.3,0.0,9.5
2024,24,6,6,8.0,4.0,58,Finished,+49.847,max_verstappen,VER,3,Max,Verstappen,Dutch,red_bull,Red Bull,Austrian,Abu Dhabi Grand Prix,2024-12-08,yas_marina,Yas Marina Circuit,UAE,5.0,82.945,82.945,-1.0,,0.0,0.0,0.0,0,23,1.0,429.0,9.0,0,0,0,0,-1.0,61.0,2.3333333333333335,0.0,84.0,3.2,0.0,62.0,91.0,2.3333333333333335,3.2,0.2,0.0,1.0
2024,24,20,R,0.0,10.0,0,Retired,,perez,PER,11,Sergio,Pérez,Mexican,red_bull,Red Bull,Austrian,Abu Dhabi Grand Prix,2024-12-08,yas_marina,Yas Marina Circuit,UAE,10.0,83.264,83.264,-1.0,,0.0,0.0,0.0,0,23,8.0,152.0,0.0,1,0,0,0,0.0,1.0,12.666666666666666,0.3333333333333333,7.0,12.4,0.4,62.0,91.0,2.3333333333333335,3.2,0.2,5.0,3.5
2024,24,18,R,0.0,9.0,30,Retired,,bottas,BOT,77,Valtteri,Bottas,Finnish,sauber,Sauber,Swiss,Abu Dhabi Grand Prix,2024-12-08,yas_marina,Yas Marina Circuit,UAE,9.0,83.20400000000001,83.20400000000001,-1.0,,0.0,0.0,0.0,0,23,22.0,0.0,0.0,1,0,0,0,0.0,0.0,14.0,0.3333333333333333,0.0,14.6,0.6,4.0,4.0,11.333333333333334,13.0,0.5,0.0,17.0
2024,24,13,13,0.0,15.0,57,Lapped,+17.304,zhou,ZHO,24,Guanyu,Zhou,Chinese,sauber,Sauber,Swiss,Abu Dhabi Grand Prix,2024-12-08,yas_marina,Yas Marina Circuit,UAE,17.0,83.88,,-1.0,,0.0,0.0,0.0,0,23,20.0,4.0,0.0,1,0,0,0,-2.0,4.0,12.0,0.0,4.0,14.0,0.4,4.0,4.0,11.333333333333334,13.0,0.5,8.0,14.5
2024,24,11,11,0.0,18.0,57,Lapped,+11.251,albon,ALB,23,Alexander,Albon,Thai,williams,Williams,British,Abu Dhabi Grand Prix,2024-12-08,yas_marina,Yas Marina Circuit,UAE,16.0,83.821,,-1.0,,0.0,0.0,0.0,0,23,16.0,12.0,0.0,1,0,0,0,2.0,0.0,17.333333333333332,1.0,0.0,17.4,1.0,0.0,1.0,15.333333333333334,13.6,0.8,0.0,13.5
2024,24,19,R,0.0,20.0,26,Retired,,colapinto,COL,43,Franco,Colapinto,Argentine,williams,Williams,British,Abu Dhabi Grand Prix,2024-12-08,yas_marina,Yas Marina Circuit,UAE,19.0,83.912,,-1.0,,0.0,0.0,0.0,0,23,19.0,5.0,0.0,1,0,0,0,1.0,0.0,16.666666666666668,0.6666666666666666,1.0,14.4,0.6,0.0,1.0,15.333333333333334,13.6,0.8,3.0,
2025,1,19,R,0.0,14.0,0,Retired,,doohan,DOO,7,Jack,Doohan,Australian,alpine,Alpine F1 Team,French,Australian Grand Prix,2025-03-16,albert_park,Albert Park Grand Prix Circuit,Australia,14.0,76.863,,-1.0,,13.1,13.1,63.0,1,0,,0.0,0.0,1,0,0,0,0.0,0.0,15.0,1.0,0.0,15.0,1.0,16.0,50.0,9.666666666666666,8.2,0.6,5.0,
2025,1,11,11,0.0,9.0,57,Finished,+26.502,gasly,GAS,10,Pierre,Gasly,French,alpine,Alpine F1 Team,French,Australian Grand Prix,2025-03-16,albert_park,Albert Park Grand Prix Circuit,Australia,9.0,75.98,75.98,-1.0,,13.1,13.1,63.0,1,0,,0.0,0.0,0,0,0,0,0.0,16.0,10.666666666666666,0.3333333333333333,32.0,9.0,0.4,16.0,50.0,9.666666666666666,8.2,0.6,0.0,11.666666666666666
2025,1,17,R,0.0,12.0,32,Retired,,alonso,ALO,14,Fernando,Alonso,Spanish,aston_martin,Aston Martin,British,Australian Grand Prix,2025-03-16,albert_park,Albert Park Grand Prix Circuit,Australia,12.0,76.453,,-1.0,,13.1,13.1,63.0,1,0,,0.0,0.0,1,0,0,0,0.0,8.0,9.0,0.0,8.0,11.8,0.2,8.0,8.0,9.0,10.4,0.5,0.0,9.333333333333334
2025,1,6,6,8.0,13.0,57,Finished,+17.413,stroll,STR,18,Lance,Stroll,Canadian,aston_martin,Aston Martin,British,Australian Grand Prix,2025-03-16,albert_park,Albert Park Grand Prix Circuit,Australia,13.0,76.483,,-1.0,,13.1,13.1,63.0,1,0,,0.0,0.0,0,0,0,0,0.0,0.0,15.666666666666666,0.6666666666666666,0.0,15.4,0.8,8.0,8.0,9.0,10.4,0.5,1.0,7.333333333333333
2025,1,10,10,1.0,8.0,57,Finished,+22.473,hamilton,HAM,44,Lewis,Hamilton,British,ferrari,Ferrari,Italian,Australian Grand Prix,2025-03-16,albert_park,Albert Park Grand Prix Circuit,Australia,8.0,75.973,75.973,-1.0,,13.1,13.1,63.0,1,0,,0.0,0.0,0,0,0,0,0.0,30.0,6.0,0.0,43.0,6.4,0.0,86.0,137.0,2.3333333333333335,2.6,0.1,1.0,8.0
2025,1,8,8,4.0,7.0,57,Finished,+19.826,leclerc,LEC,16,Charles,Leclerc,Monegasque,ferrari,Ferrari,Italian,Australian Grand Prix,2025-03-16,albert_park,Albert Park Grand Prix Circuit,Australia,7.0,75.755,75.755,-1.0,,13.1,13.1,63.0,1,0,,0.0,0.0,0,0,0,0,0.0,45.0,3.0,0.0,71.0,3.4,0.0,86.0,137.0,2.3333333333333335,2.6,0.1,0.0,7.666666666666667
2025,1,14,14,0.0,20.0,57,Finished,+40.351,bearman,BEA,87,Oliver,Bearman,British,haas,Haas F1 Team,American,Australian Grand Prix,2025-03-16,albert_park,Albert Park Grand Prix Circuit,Australia,20.0,,,-1.0,,13.1,13.1,63.0,1,0,,0.0,0.0,0,0,0,0,0.0,7.0,9.666666666666666,0.0,7.0,9.666666666666666,0.0,10.0,18.0,8.333333333333334,8.8,0.4,1.0,
2025,1,13,13,0.0,19.0,57,Finished,+33.161,ocon,OCO,31,Esteban,Ocon,French,haas,Haas F1 Team,American,Australian Grand Prix,2025-03-16,albert_park,Albert Park Grand Prix Circuit,Australia,19.0,77.14699999999999,,-1.0,,13.1,13.1,63.0,1,0,,0.0,0.0,0,0,0,0,0.0,18.0,13.0,0.6666666666666666,18.0,14.0,0.8,10.0,18.0,8.333333333333334,8.8,0.4,0.0,12.333333333333334
2025,1,1,1,25.0,1.0,57,Finished,1:42:06.304,norris,NOR,1,Lando,Norris,British,mclaren,McLaren,British,Australian Grand Prix,2025-03-16,albert_park,Albert Park Grand Prix Circuit,Australia,1.0,75.096,75.096,-1.0,,13.1,13.1,63.0,1,0,,0.0,0.0,0,1,1,0,0.0,36.0,5.666666666666667,0.0,62.0,5.0,0.0,58.0,92.0,3.3333333333333335,3.6,0.0,0.0,4.666666666666667
2025,1,9,9,2.0,2.0,57,Finished,+20.448,piastri,PIA,81,Oscar,Piastri,Australian,mclaren,McLaren,British,Australian Grand Prix,2025-03-16,albert_park,Albert Park Grand Prix Circuit,Australia,2.0,75.18,75.18,-1.0,,13.1,13.1,63.0,1,0,,0.0,0.0,0,0,0,0,0.0,22.0,6.666666666666667,0.0,30.0,7.2,0.0,58.0,92.0,3.3333333333333335,3.6,0.0,1.0,6.0
2025,1,4,4,12.0,16.0,57,Finished,+10.135,antonelli,ANT,12,Andrea Kimi,Antonelli,Italian,mercedes,Mercedes,German,Australian Grand Prix,2025-03-16,albert_park,Albert Park Grand Prix Circuit,Australia,16.0,76.525,,-1.0,,13.1,13.1,63.0,1,0,,0.0,0.0,0,0,0,0,0.0,,,,,,,77.0,112.0,3.0,3.4,0.0,12.0,
2025,1,3,3,15.0,4.0,57,Finished,+8.481,russell,RUS,63,George,Russell,British,mercedes,Mercedes,German,Australian Grand Prix,2025-03-16,albert_park,Albert Park Grand Prix Circuit,Australia,4.0,75.54599999999999,75.54599999999999,-1.0,,13.1,13.1,63.0,1,0,,0.0,0.0,0,0,1,0,0.0,47.0,3.3333333333333335,0.0,69.0,3.8,0.0,77.0,112.0,3.0,3.4,0.0,0.0,12.666666666666666
2025,1,20,R,0.0,11.0,0,Retired,,hadjar,HAD,6,Isack,Hadjar,French,rb,RB F1 Team,Italian,Australian Grand Prix,2025-03-16,albert_park,Albert Park Grand Prix Circuit,Australia,11.0,76.175,,-1.0,,13.1,13.1,63.0,1,0,,0.0,0.0,1,0,0,0,0.0,,,,,,,2.0,10.0,11.333333333333334,11.4,0.4,6.0,
2025,1,12,12,0.0,5.0,57,Finished,+29.884,tsunoda,TSU,22,Yuki,Tsunoda,Japanese,rb,RB F1 Team,Italian,Australian Grand Prix,2025-03-16,albert_park,Albert Park Grand Prix Circuit,Australia,5.0,75.67,75.67,-1.0,,13.1,13.1,63.0,1,0,,0.0,0.0,0,0,0,0,0.0,2.0,11.333333333333334,0.3333333333333333,8.0,12.2,0.4,2.0,10.0,11.333333333333334,11.4,0.4,0.0,10.666666666666666
2025,1,15,R,0.0,18.0,46,Retired,,lawson,LAW,30,Liam,Lawson,New Zealander,red_bull,Red Bull,Austrian,Australian Grand Prix,2025-03-16,albert_park,Albert Park Grand Prix Circuit,Australia,18.0,77.094,,-1.0,,13.1,13.1,63.0,1,0,,0.0,0.0,1,0,0,0,0.0,0.0,15.666666666666666,0.3333333333333333,2.0,14.4,0.4,44.0,78.0,4.0,3.8,0.3,15.0,
2025,1,2,2,18.0,3.0,57,Finished,+0.895,max_verstappen,VER,3,Max,Verstappen,Dutch,red_bull,Red Bull,Austrian,Australian Grand Prix,2025-03-16,albert_park,Albert Park Grand Prix Circuit,Australia,3.0,75.481,75.481,-1.0,,13.1,13.1,63.0,1,0,,0.0,0.0,0,0,1,0,0.0,43.0,4.0,0.0,77.0,3.8,0.0,44.0,78.0,4.0,3.8,0.3,0.0,12.666666666666666
2025,1,16,R,0.0,15.0,45,Retired,,bortoleto,BOR,5,Gabriel,Bortoleto,Brazilian,sauber,Sauber,Swiss,Australian Grand Prix,2025-03-16,albert_park,Albert Park Grand Prix Circuit,Australia,15.0,77.52,,-1.0,,13.1,13.1,63.0,1,0,,0.0,0.0,1,0,0,0,0.0,,,,,,,4.0,4.0,11.333333333333334,12.2,0.5,0.0,
2025,1,7,7,6.0,17.0,57,Finished,+18.423,hulkenberg,HUL,27,Nico,Hülkenberg,German,sauber,Sauber,Swiss,Australian Grand Prix,2025-03-16,albert_park,Albert Park Grand Prix Circuit,Australia,17.0,76.57900000000001,,-1.0,,13.1,13.1,63.0,1,0,,0.0,0.0,0,0,0,0,0.0,8.0,10.666666666666666,0.3333333333333333,10.0,12.2,0.6,4.0,4.0,11.333333333333334,12.2,0.5,2.0,8.0
2025,1,5,5,10.0,6.0,57,Finished,+12.773,albon,ALB,23,Alexander,Albon,Thai,williams,Williams,British,Australian Grand Prix,2025-03-16,albert_park,Albert Park Grand Prix Circuit,Australia,6.0,75.737,75.737,-1.0,,13.1,13.1,63.0,1,0,,0.0,0.0,0,0,0,0,0.0,0.0,15.0,1.0,0.0,16.4,1.0,0.0,0.0,13.333333333333334,13.8,0.9,0.0,13.333333333333334
2025,1,18,R,0.0,10.0,0,Retired,,sainz,SAI,55,Carlos,Sainz,Spanish,williams,Williams,British,Australian Grand Prix,2025-03-16,albert_park,Albert Park Grand Prix Circuit,Australia,10.0,76.062,76.062,-1.0,,13.1,13.1,63.0,1,0,,0.0,0.0,1,0,0,0,0.0,41.0,3.6666666666666665,0.0,66.0,5.6,0.2,0.0,0.0,13.333333333333334,13.8,0.9,4.0,11.0
2025,2,13,13,0.0,18.0,56,Finished,+1:28.401,doohan,DOO,7,Jack,Doohan,Australian,alpine,Alpine F1 Team,French,Chinese Grand Prix,2025-03-23,shanghai,Shanghai International Circuit,China,18.0,92.092,,20.0,0.0,3.4,3.4,61.0,1,1,,0.0,0.0,0,0,0,1,0.0,0.0,17.0,1.0,0.0,17.0,1.0,16.0,49.0,7.666666666666667,8.4,0.5,2.0,
2025,2,20,D,0.0,16.0,0,Disqualified,,gasly,GAS,10,Pierre,Gasly,French,alpine,Alpine F1 Team,French,Chinese Grand Prix,2025-03-23,shanghai,Shanghai International Circuit,China,16.0,91.992,,12.0,0.0,3.4,3.4,61.0,1,1,11.0,0.0,0.0,1,0,0,1,0.0,16.0,7.666666666666667,0.0,31.0,9.2,0.2,16.0,49.0,7.666666666666667,8.4,0.5,0.0,13.0
2025,2,17,R,0.0,13.0,4,Retired,,alonso,ALO,14,Fernando,Alonso,Spanish,aston_martin,Aston Martin,British,Chinese Grand Prix,2025-03-23,shanghai,Shanghai International Circuit,China,13.0,91.688,,10.0,0.0,3.4,3.4,61.0,1,1,,0.0,0.0,1,0,0,1,0.0,8.0,11.0,0.3333333333333333,8.0,11.6,0.2,16.0,16.0,7.333333333333333,9.4,0.4,0.0,7.0
2025,2,9,9,2.0,14.0,56,Finished,+1:10.204,stroll,STR,18,Lance,Stroll,Canadian,aston_martin,Aston Martin,British,Chinese Grand Prix,2025-03-23,shanghai,Shanghai International Circuit,China,14.0,91.773,,9.0,0.0,3.4,3.4,61.0,1,1,6.0,8.0,0.0,0,0,0,1,0.0,8.0,12.666666666666666,0.6666666666666666,8.0,14.4,0.6,16.0,16.0,7.333333333333333,9.4,0.4,1.0,15.0
2025,2,19,D,0.0,5.0,0,Disqualified,,hamilton,HAM,44,Lewis,Hamilton,British,ferrari,Ferrari,Italian,Chinese Grand Prix,2025-03-23,shanghai,Shanghai International Circuit,China,5.0,90.92699999999999,90.92699999999999,1.0,8.0,3.4,3.4,61.0,1,1,10.0,1.0,0.0,1,0,0,1,0.0,13.0,8.666666666666666,0.0,32.0,7.6,0.0,64.0,101.0,4.0,4.0,0.1,0.0,9.0
2025,2,18,D,0.0,6.0,0,Disqualified,,leclerc,LEC,16,Charles,Leclerc,Monegasque,ferrari,Ferrari,Italian,Chinese Grand Prix,2025-03-23,shanghai,Shanghai International Circuit,China,6.0,91.021,91.021,5.0,4.0,3.4,3.4,61.0,1,1,8.0,4.0,0.0,1,0,0,1,0.0,37.0,4.333333333333333,0.0,59.0,4.4,0.0,64.0,101.0,4.0,4.0,0.1,1.0,4.0
2025,2,8,8,4.0,17.0,56,Finished,+1:01.303,bearman,BEA,87,Oliver,Bearman,British,haas,Haas F1 Team,American,Chinese Grand Prix,2025-03-23,shanghai,Shanghai International Circuit,China,17.0,92.018,,15.0,0.0,3.4,3.4,61.0,1,1,14.0,0.0,0.0,0,0,0,1,0.0,1.0,12.0,0.0,7.0,10.75,0.0,6.0,10.0,10.0,10.0,0.3,6.0,
2025,2,5,5,10.0,11.0,56,Finished,+49.969,ocon,OCO,31,Esteban,Ocon,French,haas,Haas F1 Team,American,Chinese Grand Prix,2025-03-23,shanghai,Shanghai International Circuit,China,11.0,91.625,,16.0,0.0,3.4,3.4,61.0,1,1,13.0,0.0,0.0,0,0,0,1,0.0,0.0,16.666666666666668,0.6666666666666666,18.0,13.0,0.6,6.0,10.0,10.0,10.0,0.3,0.0,11.0
2025,2,2,2,18.0,3.0,56,Finished,+9.748,norris,NOR,1,Lando,Norris,British,mclaren,McLaren,British,Chinese Grand Prix,2025-03-23,shanghai,Shanghai International Circuit,China,3.0,90.793,90.793,8.0,1.0,3.4,3.4,61.0,1,1,1.0,25.0,1.0,0,0,1,1,0.0,52.0,4.0,0.0,69.0,4.8,0.0,70.0,97.0,1.6666666666666667,3.4,0.0,2.0,2.0
2025,2,1,1,25.0,1.0,56,Finished,1:30:55.026,piastri,PIA,81,Oscar,Piastri,Australian,mclaren,McLaren,British,Chinese Grand Prix,2025-03-23,shanghai,Shanghai International Circuit,China,1.0,90.64099999999999,90.64099999999999,2.0,7.0,3.4,3.4,61.0,1,1,9.0,2.0,0.0,0,1,1,1,0.0,18.0,7.333333333333333,0.0,28.0,7.4,0.0,70.0,97.0,1.6666666666666667,3.4,0.0,0.0,8.0
2025,2,6,6,8.0,8.0,56,Finished,+53.748,antonelli,ANT,12,Andrea Kimi,Antonelli,Italian,mercedes,Mercedes,German,Chinese Grand Prix,2025-03-23,shanghai,Shanghai International Circuit,China,8.0,91.10300000000001,91.10300000000001,7.0,2.0,3.4,3.4,61.0,1,1,4.0,12.0,0.0,0,0,0,1,0.0,12.0,4.0,0.0,12.0,4.0,0.0,61.0,117.0,3.6666666666666665,3.2,0.0,6.0,
2025,2,3,3,15.0,2.0,56,Finished,+11.097,russell,RUS,63,George,Russell,British,mercedes,Mercedes,German,Chinese Grand Prix,2025-03-23,shanghai,Shanghai International Circuit,China,2.0,90.723,90.723,4.0,5.0,3.4,3.4,61.0,1,1,3.0,15.0,0.0,0,0,1,1,0.0,37.0,4.0,0.0,74.0,3.4,0.0,61.0,117.0,3.6666666666666665,3.2,0.0,0.0,6.0
2025,2,11,11,0.0,7.0,56,Finished,+1:18.875,hadjar,HAD,6,Isack,Hadjar,French,rb,RB F1 Team,Italian,Chinese Grand Prix,2025-03-23,shanghai,Shanghai International Circuit,China,7.0,91.07900000000001,91.07900000000001,13.0,0.0,3.4,3.4,61.0,1,1,,0.0,0.0,0,0,0,1,0.0,0.0,20.0,1.0,0.0,20.0,1.0,0.0,10.0,12.333333333333334,10.6,0.3,0.0,
2025,2,16,16,0.0,9.0,55,Lapped,+23.511,tsunoda,TSU,22,Yuki,Tsunoda,Japanese,rb,RB F1 Team,Italian,Chinese Grand Prix,2025-03-23,shanghai,Shanghai International Circuit,China,9.0,91.638,91.638,6.0,3.0,3.4,3.4,61.0,1,1,12.0,0.0,0.0,1,0,0,1,0.0,0.0,12.333333333333334,0.3333333333333333,8.0,10.6,0.2,0.0,10.0,12.333333333333334,10.6,0.3,2.0,19.0
2025,2,12,12,0.0,20.0,56,Finished,+1:21.147,lawson,LAW,30,Liam,Lawson,New Zealander,red_bull,Red Bull,Austrian,Chinese Grand Prix,2025-03-23,shanghai,Shanghai International Circuit,China,20.0,92.174,,14.0,0.0,3.4,3.4,61.0,1,1,,0.0,0.0,0,0,0,1,0.0,0.0,15.333333333333334,0.6666666666666666,2.0,14.2,0.4,51.0,88.0,3.0,3.0,0.3,16.0,
2025,2,4,4,12.0,4.0,56,Finished,+16.656,max_verstappen,VER,3,Max,Verstappen,Dutch,red_bull,Red Bull,Austrian,Chinese Grand Prix,2025-03-23,shanghai,Shanghai International Circuit,China,4.0,90.81700000000001,90.81700000000001,3.0,6.0,3.4,3.4,61.0,1,1,2.0,18.0,0.0,0,0,0,1,0.0,51.0,3.0,0.0,87.0,3.0,0.0,51.0,88.0,3.0,3.0,0.3,0.0,1.0
2025,2,14,14,0.0,19.0,55,Lapped,+10.756,bortoleto,BOR,5,Gabriel,Bortoleto,Brazilian,sauber,Sauber,Swiss,Chinese Grand Prix,2025-03-23,shanghai,Shanghai International Circuit,China,19.0,92.14099999999999,,18.0,0.0,3.4,3.4,61.0,1,1,,0.0,0.0,1,0,0,1,0.0,0.0,16.0,1.0,0.0,16.0,1.0,10.0,10.0,9.333333333333334,10.8,0.4,7.0,
2025,2,15,15,0.0,12.0,55,Lapped,+20.226,hulkenberg,HUL,27,Nico,Hülkenberg,German,sauber,Sauber,Swiss,Chinese Grand Prix,2025-03-23,shanghai,Shanghai International Circuit,China,12.0,91.632,,19.0,0.0,3.4,3.4,61.0,1,1,7.0,6.0,0.0,1,0,0,1,0.0,10.0,10.333333333333334,0.3333333333333333,14.0,11.8,0.4,10.0,10.0,9.333333333333334,10.8,0.4,0.0,10.0
2025,2,7,7,6.0,10.0,56,Finished,+56.321,albon,ALB,23,Alexander,Albon,Thai,williams,Williams,British,Chinese Grand Prix,2025-03-23,shanghai,Shanghai International Circuit,China,10.0,91.706,91.706,11.0,0.0,3.4,3.4,61.0,1,1,5.0,10.0,0.0,0,0,0,1,0.0,10.0,10.333333333333334,0.6666666666666666,10.0,13.6,0.8,10.0,10.0,10.333333333333334,12.4,0.8,0.0,12.0
2025,2,10,10,1.0,15.0,56,Finished,+1:16.387,sainz,SAI,55,Carlos,Sainz,Spanish,williams,Williams,British,Chinese Grand Prix,2025-03-23,shanghai,Shanghai International Circuit,China,15.0,91.84,,17.0,0.0,3.4,3.4,61.0,1,1,,0.0,0.0,0,0,0,1,0.0,26.0,8.666666666666666,0.3333333333333333,41.0,9.0,0.4,10.0,10.0,10.333333333333334,12.4,0.8,5.0,5.0
2025,3,15,15,0.0,19.0,53,Finished,+1:21.314,doohan,DOO,7,Jack,Doohan,Australian,alpine,Alpine F1 Team,French,Japanese Grand Prix,2025-04-06,suzuka,Suzuka Circuit,Japan,19.0,88.877,,-1.0,,7.4,7.4,63.0,1,2,18.0,0.0,0.0,0,0,0,0,0.0,0.0,15.666666666666666,0.6666666666666666,0.0,15.666666666666666,0.6666666666666666,6.0,16.0,10.333333333333334,10.6,0.6,8.0,
2025,3,13,13,0.0,11.0,53,Finished,+1:02.122,gasly,GAS,10,Pierre,Gasly,French,alpine,Alpine F1 Team,French,Japanese Grand Prix,2025-04-06,suzuka,Suzuka Circuit,Japan,11.0,87.822,,-1.0,,7.4,7.4,63.0,1,2,15.0,0.0,0.0,0,0,0,0,0.0,6.0,12.666666666666666,0.3333333333333333,16.0,12.6,0.4,6.0,16.0,10.333333333333334,10.6,0.6,0.0,14.666666666666666
2025,3,11,11,0.0,12.0,53,Finished,+57.333,alonso,ALO,14,Fernando,Alonso,Spanish,aston_martin,Aston Martin,British,Japanese Grand Prix,2025-04-06,suzuka,Suzuka Circuit,Japan,13.0,87.89699999999999,,-1.0,,7.4,7.4,63.0,1,2,,0.0,0.0,0,0,0,0,-1.0,2.0,14.333333333333334,0.6666666666666666,8.0,12.2,0.4,12.0,18.0,8.0,8.4,0.4,0.0,7.0
2025,3,20,20,0.0,20.0,52,Lapped,+12.929,stroll,STR,18,Lance,Stroll,Canadian,aston_martin,Aston Martin,British,Japanese Grand Prix,2025-04-06,suzuka,Suzuka Circuit,Japan,20.0,89.271,,-1.0,,7.4,7.4,63.0,1,2,8.0,10.0,0.0,1,0,0,0,0.0,10.0,9.666666666666666,0.3333333333333333,10.0,12.4,0.4,12.0,18.0,8.0,8.4,0.4,7.0,14.0
2025,3,7,7,6.0,8.0,53,Finished,+29.182,hamilton,HAM,44,Lewis,Hamilton,British,ferrari,Ferrari,Italian,Japanese Grand Prix,2025-04-06,suzuka,Suzuka Circuit,Japan,8.0,87.61,87.61,-1.0,,7.4,7.4,63.0,1,2,9.0,9.0,0.0,0,0,0,0,0.0,13.0,11.0,0.3333333333333333,31.0,9.4,0.2,38.0,91.0,9.333333333333334,6.6,0.2,4.0,6.333333333333333
2025,3,4,4,12.0,4.0,53,Finished,+16.097,leclerc,LEC,16,Charles,Leclerc,Monegasque,ferrari,Ferrari,Italian,Japanese Grand Prix,2025-04-06,suzuka,Suzuka Circuit,Japan,4.0,87.299,87.299,-1.0,,7.4,7.4,63.0,1,2,10.0,8.0,0.0,0,0,0,0,0.0,19.0,9.666666666666666,0.3333333333333333,49.0,7.0,0.2,38.0,91.0,9.333333333333334,6.6,0.2,0.0,3.6666666666666665
2025,3,10,10,1.0,10.0,53,Finished,+54.529,bearman,BEA,87,Oliver,Bearman,British,haas,Haas F1 Team,American,Japanese Grand Prix,2025-04-06,suzuka,Suzuka Circuit,Japan,10.0,87.867,87.867,-1.0,,7.4,7.4,63.0,1,2,12.0,4.0,0.0,0,0,0,0,0.0,4.0,11.333333333333334,0.0,11.0,10.2,0.0,18.0,24.0,8.666666666666666,8.6,0.2,0.0,
2025,3,18,18,0.0,18.0,53,Finished,+1:23.438,ocon,OCO,31,Esteban,Ocon,French,haas,Haas F1 Team,American,Japanese Grand Prix,2025-04-06,suzuka,Suzuka Circuit,Japan,18.0,88.696,,-1.0,,7.4,7.4,63.0,1,2,7.0,10.0,0.0,0,0,0,0,0.0,10.0,12.666666666666666,0.3333333333333333,28.0,11.4,0.4,18.0,24.0,8.666666666666666,8.6,0.2,8.0,9.333333333333334
2025,3,2,2,18.0,2.0,53,Finished,+1.423,norris,NOR,1,Lando,Norris,British,mclaren,McLaren,British,Japanese Grand Prix,2025-04-06,suzuka,Suzuka Circuit,Japan,2.0,86.995,86.995,-1.0,,7.4,7.4,63.0,1,2,1.0,44.0,1.0,0,0,1,0,0.0,68.0,1.3333333333333333,0.0,79.0,4.0,0.0,96.0,128.0,1.0,2.4,0.0,0.0,5.666666666666667
2025,3,3,3,15.0,3.0,53,Finished,+2.129,piastri,PIA,81,Oscar,Piastri,Australian,mclaren,McLaren,British,Japanese Grand Prix,2025-04-06,suzuka,Suzuka Circuit,Japan,3.0,87.027,87.027,-1.0,,7.4,7.4,63.0,1,2,4.0,34.0,1.0,0,0,1,0,0.0,28.0,6.666666666666667,0.0,49.0,6.0,0.0,96.0,128.0,1.0,2.4,0.0,1.0,5.5
2025,3,6,6,8.0,6.0,53,Finished,+18.671,antonelli,ANT,12,Andrea Kimi,Antonelli,Italian,mercedes,Mercedes,German,Japanese Grand Prix,2025-04-06,suzuka,Suzuka Circuit,Japan,6.0,87.555,87.555,-1.0,,7.4,7.4,63.0,1,2,5.0,22.0,0.0,0,0,0,0,0.0,20.0,5.0,0.0,20.0,5.0,0.0,72.0,127.0,3.3333333333333335,3.0,0.0,1.0,
2025,3,5,5,10.0,5.0,53,Finished,+17.362,russell,RUS,63,George,Russell,British,mercedes,Mercedes,German,Japanese Grand Prix,2025-04-06,suzuka,Suzuka Circuit,Japan,5.0,87.318,87.318,-1.0,,7.4,7.4,63.0,1,2,3.0,35.0,0.0,0,0,0,0,0.0,40.0,3.6666666666666665,0.0,77.0,3.2,0.0,72.0,127.0,3.3333333333333335,3.0,0.0,0.0,7.333333333333333
2025,3,8,8,4.0,7.0,53,Finished,+37.134,hadjar,HAD,6,Isack,Hadjar,French,rb,RB F1 Team,Italian,Japanese Grand Prix,2025-04-06,suzuka,Suzuka Circuit,Japan,7.0,87.569,87.569,-1.0,,7.4,7.4,63.0,1,2,16.0,0.0,0.0,0,0,0,0,0.0,0.0,15.5,0.5,0.0,15.5,0.5,0.0,2.0,11.666666666666666,11.4,0.4,0.0,
2025,3,17,17,0.0,13.0,53,Finished,+1:22.734,lawson,LAW,30,Liam,Lawson,New Zealander,rb,RB F1 Team,Italian,Japanese Grand Prix,2025-04-06,suzuka,Suzuka Circuit,Japan,14.0,87.906,,-1.0,,7.4,7.4,63.0,1,2,17.0,0.0,0.0,0,0,0,0,-1.0,0.0,14.666666666666666,0.6666666666666666,0.0,14.8,0.4,0.0,2.0,11.666666666666666,11.4,0.4,7.0,11.0
2025,3,1,1,25.0,1.0,53,Finished,1:22:06.983,max_verstappen,VER,3,Max,Verstappen,Dutch,red_bull,Red Bull,Austrian,Japanese Grand Prix,2025-04-06,suzuka,Suzuka Circuit,Japan,1.0,86.983,86.983,-1.0,,7.4,7.4,63.0,1,2,2.0,36.0,0.0,0,1,1,0,0.0,38.0,4.0,0.0,73.0,3.6,0.0,38.0,74.0,4.0,3.6,0.3,0.0,1.0
2025,3,12,12,0.0,14.0,53,Finished,+58.401,tsunoda,TSU,22,Yuki,Tsunoda,Japanese,red_bull,Red Bull,Austrian,Japanese Grand Prix,2025-04-06,suzuka,Suzuka Circuit,Japan,15.0,88.0,,-1.0,,7.4,7.4,63.0,1,2,13.0,3.0,0.0,0,0,0,0,-1.0,0.0,13.333333333333334,0.6666666666666666,2.0,12.4,0.4,38.0,74.0,4.0,3.6,0.3,14.0,11.666666666666666
2025,3,19,19,0.0,17.0,53,Finished,+1:23.897,bortoleto,BOR,5,Gabriel,Bortoleto,Brazilian,sauber,Sauber,Swiss,Japanese Grand Prix,2025-04-06,suzuka,Suzuka Circuit,Japan,17.0,88.622,,-1.0,,7.4,7.4,63.0,1,2,19.0,0.0,0.0,0,0,0,0,0.0,0.0,15.0,1.0,0.0,15.0,1.0,6.0,10.0,11.333333333333334,11.0,0.6,1.0,
2025,3,16,16,0.0,16.0,53,Finished,+1:21.957,hulkenberg,HUL,27,Nico,Hülkenberg,German,sauber,Sauber,Swiss,Japanese Grand Prix,2025-04-06,suzuka,Suzuka Circuit,Japan,16.0,88.57,,-1.0,,7.4,7.4,63.0,1,2,11.0,6.0,0.0,0,0,0,0,0.0,10.0,10.0,0.3333333333333333,14.0,10.8,0.4,6.0,10.0,11.333333333333334,11.0,0.6,0.0,12.5
2025,3,9,9,2.0,9.0,53,Finished,+40.367,albon,ALB,23,Alexander,Albon,Thai,williams,Williams,British,Japanese Grand Prix,2025-04-06,suzuka,Suzuka Circuit,Japan,9.0,87.615,87.615,-1.0,,7.4,7.4,63.0,1,2,6.0,16.0,0.0,0,0,0,0,0.0,16.0,7.666666666666667,0.3333333333333333,16.0,11.4,0.6,17.0,17.0,7.666666666666667,10.4,0.6,0.0,18.666666666666668
2025,3,14,14,0.0,15.0,53,Finished,+1:14.129,sainz,SAI,55,Carlos,Sainz,Spanish,williams,Williams,British,Japanese Grand Prix,2025-04-06,suzuka,Suzuka Circuit,Japan,12.0,87.836,,-1.0,,7.4,7.4,63.0,1,2,14.0,1.0,0.0,0,0,0,0,3.0,19.0,10.0,0.3333333333333333,42.0,7.8,0.2,17.0,17.0,7.666666666666667,10.4,0.6,3.0,9.333333333333334
2025,4,14,14,0.0,11.0,57,Finished,+57.806,doohan,DOO,7,Jack,Doohan,Australian,alpine,Alpine F1 Team,French,Bahrain Grand Prix,2025-04-13,bahrain,Bahrain International Circuit,Bahrain,11.0,91.245,,-1.0,,0.0,0.0,1.0,0,3,19.0,0.0,0.0,0,0,0,0,0.0,0.0,15.666666666666666,0.3333333333333333,0.0,15.5,0.5,0.0,16.0,12.333333333333334,9.8,0.4,6.0,
2025,4,7,7,6.0,4.0,57,Finished,+36.002,gasly,GAS,10,Pierre,Gasly,French,alpine,Alpine F1 Team,French,Bahrain Grand Prix,2025-04-13,bahrain,Bahrain International Circuit,Bahrain,5.0,90.21600000000001,90.21600000000001,-1.0,,0.0,0.0,1.0,0,3,16.0,0.0,0.0,0,0,0,0,-1.0,0.0,14.666666666666666,0.3333333333333333,16.0,11.2,0.2,0.0,16.0,12.333333333333334,9.8,0.4,0.0,15.666666666666666
2025,4,15,15,0.0,13.0,57,Finished,+1:00.340,alonso,ALO,14,Fernando,Alonso,Spanish,aston_martin,Aston Martin,British,Bahrain Grand Prix,2025-04-13,bahrain,Bahrain International Circuit,Bahrain,13.0,91.886,,-1.0,,0.0,0.0,1.0,0,3,17.0,0.0,0.0,0,0,0,0,0.0,0.0,15.0,0.6666666666666666,8.0,12.2,0.4,10.0,18.0,8.666666666666666,8.4,0.5,0.0,7.0
2025,4,17,17,0.0,19.0,57,Finished,+1:05.489,stroll,STR,18,Lance,Stroll,Canadian,aston_martin,Aston Martin,British,Bahrain Grand Prix,2025-04-13,bahrain,Bahrain International Circuit,Bahrain,19.0,92.283,,-1.0,,0.0,0.0,1.0,0,3,10.0,10.0,0.0,0,0,0,0,0.0,10.0,11.666666666666666,0.3333333333333333,10.0,13.4,0.6,10.0,18.0,8.666666666666666,8.4,0.5,6.0,9.333333333333334
2025,4,5,5,10.0,9.0,57,Finished,+27.993,hamilton,HAM,44,Lewis,Hamilton,British,ferrari,Ferrari,Italian,Bahrain Grand Prix,2025-04-13,bahrain,Bahrain International Circuit,Bahrain,9.0,90.77199999999999,90.77199999999999,-1.0,,0.0,0.0,1.0,0,3,8.0,15.0,0.0,0,0,0,0,0.0,7.0,12.0,0.3333333333333333,19.0,10.4,0.2,23.0,82.0,10.0,6.8,0.2,6.0,5.0
2025,4,4,4,12.0,2.0,57,Finished,+19.679,leclerc,LEC,16,Charles,Leclerc,Monegasque,ferrari,Ferrari,Italian,Bahrain Grand Prix,2025-04-13,bahrain,Bahrain International Circuit,Bahrain,3.0,90.175,90.175,-1.0,,0.0,0.0,1.0,0,3,6.0,20.0,0.0,0,0,0,0,-1.0,16.0,10.0,0.3333333333333333,49.0,7.0,0.2,23.0,82.0,10.0,6.8,0.2,0.0,8.0
2025,4,10,10,1.0,20.0,57,Finished,+47.594,bearman,BEA,87,Oliver,Bearman,British,haas,Haas F1 Team,American,Bahrain Grand Prix,2025-04-13,bahrain,Bahrain International Circuit,Bahrain,20.0,92.37299999999999,,-1.0,,0.0,0.0,1.0,0,3,12.0,5.0,0.0,0,0,0,0,0.0,5.0,10.666666666666666,0.0,6.0,10.8,0.0,15.0,21.0,9.333333333333334,9.0,0.2,6.0,
2025,4,8,8,4.0,14.0,57,Finished,+44.244,ocon,OCO,31,Esteban,Ocon,French,haas,Haas F1 Team,American,Bahrain Grand Prix,2025-04-13,bahrain,Bahrain International Circuit,Bahrain,14.0,91.594,,-1.0,,0.0,0.0,1.0,0,3,9.0,10.0,0.0,0,0,0,0,0.0,10.0,12.0,0.0,10.0,14.6,0.4,15.0,21.0,9.333333333333334,9.0,0.2,0.0,14.0
2025,4,3,3,15.0,6.0,57,Finished,+16.273,norris,NOR,1,Lando,Norris,British,mclaren,McLaren,British,Bahrain Grand Prix,2025-04-13,bahrain,Bahrain International Circuit,Bahrain,6.0,90.267,90.267,-1.0,,0.0,0.0,1.0,0,3,1.0,62.0,1.0,0,0,1,0,0.0,61.0,1.6666666666666667,0.0,88.0,3.2,0.0,103.0,146.0,1.3333333333333333,1.6,0.0,5.0,12.666666666666666
2025,4,1,1,25.0,1.0,57,Finished,1:35:39.435,piastri,PIA,81,Oscar,Piastri,Australian,mclaren,McLaren,British,Bahrain Grand Prix,2025-04-13,bahrain,Bahrain International Circuit,Bahrain,1.0,89.84100000000001,89.84100000000001,-1.0,,0.0,0.0,1.0,0,3,3.0,49.0,1.0,0,1,1,0,0.0,42.0,4.333333333333333,0.0,58.0,5.2,0.0,103.0,146.0,1.3333333333333333,1.6,0.0,0.0,14.0
2025,4,11,11,0.0,5.0,57,Finished,+48.016,antonelli,ANT,12,Andrea Kimi,Antonelli,Italian,mercedes,Mercedes,German,Bahrain Grand Prix,2025-04-13,bahrain,Bahrain International Circuit,Bahrain,4.0,90.213,90.213,-1.0,,0.0,0.0,1.0,0,3,5.0,30.0,0.0,0,0,0,0,1.0,28.0,5.333333333333333,0.0,28.0,5.333333333333333,0.0,68.0,102.0,3.6666666666666665,3.8,0.0,2.0,
2025,4,2,2,18.0,3.0,57,Finished,+15.499,russell,RUS,63,George,Russell,British,mercedes,Mercedes,German,Bahrain Grand Prix,2025-04-13,bahrain,Bahrain International Circuit,Bahrain,2.0,90.009,90.009,-1.0,,0.0,0.0,1.0,0,3,4.0,45.0,0.0,0,0,1,0,1.0,40.0,3.6666666666666665,0.0,62.0,4.0,0.0,68.0,102.0,3.6666666666666665,3.8,0.0,0.0,5.333333333333333
2025,4,13,13,0.0,12.0,57,Finished,+56.314,hadjar,HAD,6,Isack,Hadjar,French,rb,RB F1 Team,Italian,Bahrain Grand Prix,2025-04-13,bahrain,Bahrain International Circuit,Bahrain,12.0,91.271,,-1.0,,0.0,0.0,1.0,0,3,13.0,4.0,0.0,0,0,0,0,0.0,4.0,13.0,0.3333333333333333,4.0,13.0,0.3333333333333333,4.0,4.0,10.333333333333334,11.2,0.4,0.0,
2025,4,16,16,0.0,17.0,57,Finished,+1:04.435,lawson,LAW,30,Liam,Lawson,New Zealander,rb,RB F1 Team,Italian,Bahrain Grand Prix,2025-04-13,bahrain,Bahrain International Circuit,Bahrain,17.0,92.16499999999999,,-1.0,,0.0,0.0,1.0,0,3,18.0,0.0,0.0,0,0,0,0,0.0,0.0,14.666666666666666,0.3333333333333333,0.0,15.0,0.4,4.0,4.0,10.333333333333334,11.2,0.4,5.0,
2025,4,6,6,8.0,7.0,57,Finished,+34.395,max_verstappen,VER,3,Max,Verstappen,Dutch,red_bull,Red Bull,Austrian,Bahrain Grand Prix,2025-04-13,bahrain,Bahrain International Circuit,Bahrain,7.0,90.423,90.423,-1.0,,0.0,0.0,1.0,0,3,2.0,61.0,1.0,0,0,0,0,0.0,55.0,2.3333333333333335,0.0,88.0,2.8,0.0,55.0,88.0,2.3333333333333335,2.8,0.3,0.0,7.0
2025,4,9,9,2.0,10.0,57,Finished,+45.061,tsunoda,TSU,22,Yuki,Tsunoda,Japanese,red_bull,Red Bull,Austrian,Bahrain Grand Prix,2025-04-13,bahrain,Bahrain International Circuit,Bahrain,10.0,91.303,91.303,-1.0,,0.0,0.0,1.0,0,3,14.0,3.0,0.0,0,0,0,0,0.0,0.0,13.333333333333334,0.3333333333333333,0.0,13.0,0.4,55.0,88.0,2.3333333333333335,2.8,0.3,3.0,11.0
2025,4,18,18,0.0,18.0,57,Finished,+1:06.872,bortoleto,BOR,5,Gabriel,Bortoleto,Brazilian,sauber,Sauber,Swiss,Bahrain Grand Prix,2025-04-13,bahrain,Bahrain International Circuit,Bahrain,18.0,92.186,,-1.0,,0.0,0.0,1.0,0,3,20.0,0.0,0.0,0,0,0,0,0.0,0.0,16.333333333333332,0.6666666666666666,0.0,16.333333333333332,0.6666666666666666,6.0,10.0,12.333333333333334,11.6,0.5,2.0,
2025,4,20,D,0.0,16.0,0,Disqualified,,hulkenberg,HUL,27,Nico,Hülkenberg,German,sauber,Sauber,Swiss,Bahrain Grand Prix,2025-04-13,bahrain,Bahrain International Circuit,Bahrain,16.0,92.06700000000001,,-1.0,,0.0,0.0,1.0,0,3,11.0,6.0,0.0,1,0,0,0,0.0,6.0,12.666666666666666,0.3333333333333333,10.0,12.4,0.4,6.0,10.0,12.333333333333334,11.6,0.5,0.0,16.0
2025,4,12,12,0.0,15.0,57,Finished,+48.839,albon,ALB,23,Alexander,Albon,Thai,williams,Williams,British,Bahrain Grand Prix,2025-04-13,bahrain,Bahrain International Circuit,Bahrain,15.0,92.03999999999999,,-1.0,,0.0,0.0,1.0,0,3,7.0,18.0,0.0,0,0,0,0,0.0,18.0,7.0,0.0,18.0,9.4,0.4,19.0,19.0,7.0,9.4,0.5,7.0,12.666666666666666
2025,4,19,R,0.0,8.0,45,Retired,,sainz,SAI,55,Carlos,Sainz,Spanish,williams,Williams,British,Bahrain Grand Prix,2025-04-13,bahrain,Bahrain International Circuit,Bahrain,8.0,90.68,90.68,-1.0,,0.0,0.0,1.0,0,3,15.0,1.0,0.0,1,0,0,0,0.0,1.0,14.0,0.3333333333333333,27.0,10.0,0.2,19.0,19.0,7.0,9.4,0.5,0.0,3.0
2025,5,17,17,0.0,17.0,49,Lapped,+19.264,doohan,DOO,7,Jack,Doohan,Australian,alpine,Alpine F1 Team,French,Saudi Arabian Grand Prix,2025-04-20,jeddah,Jeddah Corniche Circuit,Saudi Arabia,17.0,88.739,,-1.0,,0.0,0.0,0.0,0,4,19.0,0.0,0.0,1,0,0,0,0.0,0.0,14.0,0.0,0.0,15.2,0.4,6.0,12.0,11.0,10.2,0.3,8.0,
2025,5,20,R,0.0,9.0,0,Retired,,gasly,GAS,10,Pierre,Gasly,French,alpine,Alpine F1 Team,French,Saudi Arabian Grand Prix,2025-04-20,jeddah,Jeddah Corniche Circuit,Saudi Arabia,9.0,88.367,88.367,-1.0,,0.0,0.0,0.0,0,4,11.0,6.0,0.0,1,0,0,0,0.0,6.0,13.333333333333334,0.3333333333333333,12.0,11.6,0.2,6.0,12.0,11.0,10.2,0.3,0.0,12.333333333333334
2025,5,11,11,0.0,13.0,50,Finished,+1:15.917,alonso,ALO,14,Fernando,Alonso,Spanish,aston_martin,Aston Martin,British,Saudi Arabian Grand Prix,2025-04-20,jeddah,Jeddah Corniche Circuit,Saudi Arabia,13.0,88.303,,-1.0,,0.0,0.0,0.0,0,4,17.0,0.0,0.0,0,0,0,0,0.0,0.0,14.333333333333334,0.3333333333333333,2.0,13.8,0.4,2.0,12.0,11.666666666666666,10.0,0.4,0.0,8.0
2025,5,16,16,0.0,16.0,49,Lapped,+5.527,stroll,STR,18,Lance,Stroll,Canadian,aston_martin,Aston Martin,British,Saudi Arabian Grand Prix,2025-04-20,jeddah,Jeddah Corniche Circuit,Saudi Arabia,16.0,88.645,,-1.0,,0.0,0.0,0.0,0,4,10.0,10.0,0.0,1,0,0,0,0.0,2.0,15.333333333333334,0.3333333333333333,10.0,13.2,0.4,2.0,12.0,11.666666666666666,10.0,0.4,3.0,17.333333333333332
2025,5,7,7,6.0,7.0,50,Finished,+39.073,hamilton,HAM,44,Lewis,Hamilton,British,ferrari,Ferrari,Italian,Saudi Arabian Grand Prix,2025-04-20,jeddah,Jeddah Corniche Circuit,Saudi Arabia,7.0,88.201,88.201,-1.0,,0.0,0.0,0.0,0,4,7.0,25.0,0.0,0,0,0,0,0.0,16.0,10.333333333333334,0.3333333333333333,29.0,9.0,0.2,40.0,78.0,8.666666666666666,7.2,0.2,3.0,8.0
2025,5,3,3,15.0,4.0,50,Finished,+8.104,leclerc,LEC,16,Charles,Leclerc,Monegasque,ferrari,Ferrari,Italian,Saudi Arabian Grand Prix,2025-04-20,jeddah,Jeddah Corniche Circuit,Saudi Arabia,4.0,87.67,87.67,-1.0,,0.0,0.0,0.0,0,4,5.0,32.0,0.0,0,0,1,0,0.0,24.0,8.666666666666666,0.3333333333333333,43.0,7.4,0.2,40.0,78.0,8.666666666666666,7.2,0.2,0.0,4.0
2025,5,13,13,0.0,15.0,50,Finished,+1:19.194,bearman,BEA,87,Oliver,Bearman,British,haas,Haas F1 Team,American,Saudi Arabian Grand Prix,2025-04-20,jeddah,Jeddah Corniche Circuit,Saudi Arabia,15.0,88.648,,-1.0,,0.0,0.0,0.0,0,4,13.0,6.0,0.0,0,0,0,0,0.0,6.0,9.333333333333334,0.0,6.0,10.8,0.0,20.0,24.0,7.666666666666667,8.8,0.1,0.0,7.0
2025,5,14,14,0.0,19.0,50,Finished,+1:39.723,ocon,OCO,31,Esteban,Ocon,French,haas,Haas F1 Team,American,Saudi Arabian Grand Prix,2025-04-20,jeddah,Jeddah Corniche Circuit,Saudi Arabia,19.0,89.092,,-1.0,,0.0,0.0,0.0,0,4,9.0,14.0,0.0,0,0,0,0,0.0,14.0,10.333333333333334,0.0,14.0,12.8,0.2,20.0,24.0,7.666666666666667,8.8,0.1,4.0,9.0
2025,5,4,4,12.0,10.0,50,Finished,+9.196,norris,NOR,1,Lando,Norris,British,mclaren,McLaren,British,Saudi Arabian Grand Prix,2025-04-20,jeddah,Jeddah Corniche Circuit,Saudi Arabia,10.0,87.481,,-1.0,,0.0,0.0,0.0,0,4,1.0,77.0,1.0,0,0,0,0,0.0,51.0,2.3333333333333335,0.0,101.0,1.8,0.0,116.0,169.0,1.3333333333333333,1.2,0.0,8.0,10.666666666666666
2025,5,1,1,25.0,2.0,50,Finished,1:21:06.758,piastri,PIA,81,Oscar,Piastri,Australian,mclaren,McLaren,British,Saudi Arabian Grand Prix,2025-04-20,jeddah,Jeddah Corniche Circuit,Saudi Arabia,2.0,87.304,87.304,-1.0,,0.0,0.0,0.0,0,4,2.0,74.0,2.0,0,1,1,0,0.0,65.0,1.6666666666666667,0.0,68.0,4.8,0.0,116.0,169.0,1.3333333333333333,1.2,0.0,0.0,9.5
2025,5,6,6,8.0,5.0,50,Finished,+34.688,antonelli,ANT,12,Andrea Kimi,Antonelli,Italian,mercedes,Mercedes,German,Saudi Arabian Grand Prix,2025-04-20,jeddah,Jeddah Corniche Circuit,Saudi Arabia,5.0,87.866,87.866,-1.0,,0.0,0.0,0.0,0,4,6.0,30.0,0.0,0,0,0,0,0.0,16.0,7.666666666666667,0.0,28.0,6.75,0.0,59.0,108.0,3.3333333333333335,3.4,0.0,2.0,
2025,5,5,5,10.0,3.0,50,Finished,+27.236,russell,RUS,63,George,Russell,British,mercedes,Mercedes,German,Saudi Arabian Grand Prix,2025-04-20,jeddah,Jeddah Corniche Circuit,Saudi Arabia,3.0,87.407,87.407,-1.0,,0.0,0.0,0.0,0,4,4.0,63.0,0.0,0,0,0,0,0.0,43.0,3.3333333333333335,0.0,68.0,3.6,0.0,59.0,108.0,3.3333333333333335,3.4,0.0,0.0,5.0
2025,5,10,10,1.0,14.0,50,Finished,+1:07.091,hadjar,HAD,6,Isack,Hadjar,French,rb,RB F1 Team,Italian,Saudi Arabian Grand Prix,2025-04-20,jeddah,Jeddah Corniche Circuit,Saudi Arabia,14.0,88.418,,-1.0,,0.0,0.0,0.0,0,4,15.0,4.0,0.0,0,0,0,0,0.0,4.0,10.666666666666666,0.0,4.0,13.0,0.25,4.0,4.0,10.666666666666666,11.2,0.4,2.0,
2025,5,12,12,0.0,12.0,50,Finished,+1:18.451,lawson,LAW,30,Liam,Lawson,New Zealander,rb,RB F1 Team,Italian,Saudi Arabian Grand Prix,2025-04-20,jeddah,Jeddah Corniche Circuit,Saudi Arabia,12.0,88.191,,-1.0,,0.0,0.0,0.0,0,4,18.0,0.0,0.0,0,0,0,0,0.0,0.0,15.0,0.0,0.0,15.4,0.4,4.0,4.0,10.666666666666666,11.2,0.4,0.0,
2025,5,2,2,18.0,1.0,50,Finished,+2.843,max_verstappen,VER,3,Max,Verstappen,Dutch,red_bull,Red Bull,Austrian,Saudi Arabian Grand Prix,2025-04-20,jeddah,Jeddah Corniche Circuit,Saudi Arabia,1.0,87.294,87.294,-1.0,,0.0,0.0,0.0,0,4,3.0,69.0,1.0,0,0,1,0,0.0,45.0,3.6666666666666665,0.0,71.0,3.8,0.0,47.0,73.0,3.6666666666666665,3.8,0.2,0.0,1.3333333333333333
2025,5,19,R,0.0,8.0,1,Retired,,tsunoda,TSU,22,Yuki,Tsunoda,Japanese,red_bull,Red Bull,Austrian,Saudi Arabian Grand Prix,2025-04-20,jeddah,Jeddah Corniche Circuit,Saudi Arabia,8.0,88.20400000000001,88.20400000000001,-1.0,,0.0,0.0,0.0,0,4,14.0,5.0,0.0,1,0,0,0,0.0,2.0,12.333333333333334,0.3333333333333333,2.0,12.2,0.4,47.0,73.0,3.6666666666666665,3.8,0.2,7.0,15.0
2025,5,18,18,0.0,20.0,49,Lapped,+19.306,bortoleto,BOR,5,Gabriel,Bortoleto,Brazilian,sauber,Sauber,Swiss,Saudi Arabian Grand Prix,2025-04-20,jeddah,Jeddah Corniche Circuit,Saudi Arabia,20.0,89.462,,-1.0,,0.0,0.0,0.0,0,4,20.0,0.0,0.0,1,0,0,0,0.0,0.0,17.0,0.3333333333333333,0.0,16.75,0.5,0.0,6.0,16.0,13.6,0.6,2.0,
2025,5,15,15,0.0,18.0,49,Lapped,+4.609,hulkenberg,HUL,27,Nico,Hülkenberg,German,sauber,Sauber,Swiss,Saudi Arabian Grand Prix,2025-04-20,jeddah,Jeddah Corniche Circuit,Saudi Arabia,18.0,88.782,,-1.0,,0.0,0.0,0.0,0,4,12.0,6.0,0.0,1,0,0,0,0.0,0.0,17.0,0.6666666666666666,10.0,13.2,0.4,0.0,6.0,16.0,13.6,0.6,0.0,11.333333333333334
2025,5,9,9,2.0,11.0,50,Finished,+1:06.515,albon,ALB,23,Alexander,Albon,Thai,williams,Williams,British,Saudi Arabian Grand Prix,2025-04-20,jeddah,Jeddah Corniche Circuit,Saudi Arabia,11.0,88.10900000000001,,-1.0,,0.0,0.0,0.0,0,4,8.0,18.0,0.0,0,0,0,0,0.0,8.0,9.333333333333334,0.0,18.0,8.8,0.2,9.0,19.0,9.333333333333334,8.8,0.4,5.0,14.666666666666666
2025,5,8,8,4.0,6.0,50,Finished,+1:04.630,sainz,SAI,55,Carlos,Sainz,Spanish,williams,Williams,British,Saudi Arabian Grand Prix,2025-04-20,jeddah,Jeddah Corniche Circuit,Saudi Arabia,6.0,88.164,88.164,-1.0,,0.0,0.0,0.0,0,4,16.0,1.0,0.0,0,0,0,0,0.0,1.0,14.333333333333334,0.3333333333333333,19.0,12.6,0.4,9.0,19.0,9.333333333333334,8.8,0.4,0.0,4.5
2025,6,20,R,0.0,14.0,0,Retired,,doohan,DOO,7,Jack,Doohan,Australian,alpine,Alpine F1 Team,French,Miami Grand Prix,2025-05-04,miami,Miami International Autodrome,USA,14.0,,,16.0,0.0,2.0,2.0,53.0,1,5,19.0,0.0,0.0,1,0,0,1,0.0,0.0,15.333333333333334,0.3333333333333333,0.0,15.6,0.4,6.0,6.0,12.333333333333334,12.2,0.4,0.0,
2025,6,13,13,0.0,20.0,57,Finished,+1:30.445,gasly,GAS,10,Pierre,Gasly,French,alpine,Alpine F1 Team,French,Miami Grand Prix,2025-05-04,miami,Miami International Autodrome,USA,18.0,,,8.0,1.0,2.0,2.0,53.0,1,5,11.0,6.0,0.0,0,0,0,1,2.0,6.0,13.333333333333334,0.3333333333333333,6.0,14.2,0.4,6.0,6.0,12.333333333333334,12.2,0.4,4.0,12.666666666666666
2025,6,15,15,0.0,17.0,56,Lapped,+20.979,alonso,ALO,14,Fernando,Alonso,Spanish,aston_martin,Aston Martin,British,Miami Grand Prix,2025-05-04,miami,Miami International Autodrome,USA,17.0,,,18.0,0.0,2.0,2.0,53.0,1,5,17.0,0.0,0.0,1,0,0,1,0.0,0.0,12.333333333333334,0.0,0.0,14.2,0.4,0.0,10.0,12.333333333333334,10.4,0.4,0.0,7.666666666666667
2025,6,16,16,0.0,18.0,56,Lapped,+25.162,stroll,STR,18,Lance,Stroll,Canadian,aston_martin,Aston Martin,British,Miami Grand Prix,2025-05-04,miami,Miami International Autodrome,USA,19.0,,,5.0,4.0,2.0,2.0,53.0,1,5,10.0,10.0,0.0,1,0,0,1,-1.0,0.0,17.666666666666668,0.6666666666666666,10.0,13.6,0.4,0.0,10.0,12.333333333333334,10.4,0.4,2.0,13.0
2025,6,8,8,4.0,12.0,57,Finished,+1:00.186,hamilton,HAM,44,Lewis,Hamilton,British,ferrari,Ferrari,Italian,Miami Grand Prix,2025-05-04,miami,Miami International Autodrome,USA,12.0,,,3.0,6.0,2.0,2.0,53.0,1,5,7.0,31.0,0.0,0,0,0,1,0.0,22.0,6.333333333333333,0.0,23.0,9.6,0.2,61.0,66.0,3.6666666666666665,7.4,0.2,4.0,6.0
2025,6,7,7,6.0,8.0,57,Finished,+57.036,leclerc,LEC,16,Charles,Leclerc,Monegasque,ferrari,Ferrari,Italian,Miami Grand Prix,2025-05-04,miami,Miami International Autodrome,USA,8.0,,,20.0,0.0,2.0,2.0,53.0,1,5,5.0,47.0,0.0,0,0,0,1,0.0,39.0,3.6666666666666665,0.0,43.0,7.4,0.2,61.0,66.0,3.6666666666666665,7.4,0.2,0.0,4.0
2025,6,19,R,0.0,19.0,27,Retired,,bearman,BEA,87,Oliver,Bearman,British,haas,Haas F1 Team,American,Miami Grand Prix,2025-05-04,miami,Miami International Autodrome,USA,20.0,,,14.0,0.0,2.0,2.0,53.0,1,5,13.0,6.0,0.0,1,0,0,1,-1.0,2.0,11.0,0.0,6.0,11.0,0.0,6.0,20.0,10.333333333333334,9.8,0.0,11.0,
2025,6,12,12,0.0,9.0,57,Finished,+1:22.006,ocon,OCO,31,Esteban,Ocon,French,haas,Haas F1 Team,American,Miami Grand Prix,2025-05-04,miami,Miami International Autodrome,USA,9.0,,,12.0,0.0,2.0,2.0,53.0,1,5,9.0,14.0,0.0,0,0,0,1,0.0,4.0,13.333333333333334,0.0,14.0,11.6,0.0,6.0,20.0,10.333333333333334,9.8,0.0,0.0,9.0
2025,6,2,2,18.0,2.0,57,Finished,+4.630,norris,NOR,1,Lando,Norris,British,mclaren,McLaren,British,Miami Grand Prix,2025-05-04,miami,Miami International Autodrome,USA,2.0,,,1.0,8.0,2.0,2.0,53.0,1,5,2.0,89.0,1.0,0,0,1,1,0.0,45.0,3.0,0.0,88.0,2.4,0.0,110.0,180.0,1.3333333333333333,1.2,0.0,0.0,12.333333333333334
2025,6,1,1,25.0,4.0,57,Finished,1:28:51.587,piastri,PIA,81,Oscar,Piastri,Australian,mclaren,McLaren,British,Miami Grand Prix,2025-05-04,miami,Miami International Autodrome,USA,4.0,,,2.0,7.0,2.0,2.0,53.0,1,5,1.0,99.0,3.0,0,1,1,1,0.0,65.0,1.6666666666666667,0.0,92.0,3.0,0.0,110.0,180.0,1.3333333333333333,1.2,0.0,2.0,16.0
2025,6,6,6,8.0,3.0,57,Finished,+55.502,antonelli,ANT,12,Andrea Kimi,Antonelli,Italian,mercedes,Mercedes,German,Miami Grand Prix,2025-05-04,miami,Miami International Autodrome,USA,3.0,,,7.0,2.0,2.0,2.0,53.0,1,5,6.0,38.0,0.0,0,0,0,1,0.0,16.0,7.666666666666667,0.0,36.0,6.6,0.0,54.0,104.0,4.0,3.6,0.0,0.0,
2025,6,3,3,15.0,5.0,57,Finished,+37.644,russell,RUS,63,George,Russell,British,mercedes,Mercedes,German,Miami Grand Prix,2025-05-04,miami,Miami International Autodrome,USA,5.0,,,4.0,5.0,2.0,2.0,53.0,1,5,4.0,73.0,0.0,0,0,1,1,0.0,38.0,4.0,0.0,68.0,3.6,0.0,54.0,104.0,4.0,3.6,0.0,2.0,5.666666666666667
2025,6,11,11,0.0,11.0,57,Finished,+1:14.602,hadjar,HAD,6,Isack,Hadjar,French,rb,RB F1 Team,Italian,Miami Grand Prix,2025-05-04,miami,Miami International Autodrome,USA,11.0,,,10.0,0.0,2.0,2.0,53.0,1,5,14.0,5.0,0.0,0,0,0,1,0.0,5.0,10.333333333333334,0.0,5.0,12.4,0.2,5.0,5.0,10.333333333333334,10.8,0.2,0.0,
2025,6,17,R,0.0,15.0,36,Retired,,lawson,LAW,30,Liam,Lawson,New Zealander,rb,RB F1 Team,Italian,Miami Grand Prix,2025-05-04,miami,Miami International Autodrome,USA,15.0,,,13.0,0.0,2.0,2.0,53.0,1,5,18.0,0.0,0.0,1,0,0,1,0.0,0.0,15.0,0.0,0.0,14.4,0.2,5.0,5.0,10.333333333333334,10.8,0.2,4.0,
2025,6,4,4,12.0,1.0,57,Finished,+39.956,max_verstappen,VER,3,Max,Verstappen,Dutch,red_bull,Red Bull,Austrian,Miami Grand Prix,2025-05-04,miami,Miami International Autodrome,USA,1.0,,,17.0,0.0,2.0,2.0,53.0,1,5,3.0,87.0,1.0,0,0,0,1,0.0,51.0,3.0,0.0,81.0,3.0,0.0,53.0,83.0,3.0,3.0,0.2,0.0,1.3333333333333333
2025,6,10,10,1.0,10.0,57,Finished,+1:14.434,tsunoda,TSU,22,Yuki,Tsunoda,Japanese,red_bull,Red Bull,Austrian,Miami Grand Prix,2025-05-04,miami,Miami International Autodrome,USA,10.0,,,6.0,3.0,2.0,2.0,53.0,1,5,16.0,5.0,0.0,0,0,0,1,0.0,2.0,13.333333333333334,0.3333333333333333,2.0,13.6,0.4,53.0,83.0,3.0,3.0,0.2,9.0,10.0
2025,6,18,R,0.0,13.0,30,Retired,,bortoleto,BOR,5,Gabriel,Bortoleto,Brazilian,sauber,Sauber,Swiss,Miami Grand Prix,2025-05-04,miami,Miami International Autodrome,USA,13.0,,,15.0,0.0,2.0,2.0,53.0,1,5,20.0,0.0,0.0,1,0,0,1,0.0,0.0,18.333333333333332,0.3333333333333333,0.0,17.0,0.6,0.0,6.0,16.333333333333332,14.0,0.6,0.0,
2025,6,14,14,0.0,16.0,56,Lapped,+1.155,hulkenberg,HUL,27,Nico,Hülkenberg,German,sauber,Sauber,Swiss,Miami Grand Prix,2025-05-04,miami,Miami International Autodrome,USA,16.0,,,9.0,0.0,2.0,2.0,53.0,1,5,12.0,6.0,0.0,1,0,0,1,0.0,0.0,17.0,0.6666666666666666,6.0,14.6,0.6,0.0,6.0,16.333333333333332,14.0,0.6,3.0,13.0
2025,6,5,5,10.0,7.0,57,Finished,+48.067,albon,ALB,23,Alexander,Albon,Thai,williams,Williams,British,Miami Grand Prix,2025-05-04,miami,Miami International Autodrome,USA,7.0,,,11.0,0.0,2.0,2.0,53.0,1,5,8.0,20.0,0.0,0,0,0,1,0.0,4.0,10.0,0.0,20.0,8.4,0.0,8.0,25.0,9.666666666666666,8.2,0.2,1.0,13.666666666666666
2025,6,9,9,2.0,6.0,57,Finished,+1:00.577,sainz,SAI,55,Carlos,Sainz,Spanish,williams,Williams,British,Miami Grand Prix,2025-05-04,miami,Miami International Autodrome,USA,6.0,,,19.0,0.0,2.0,2.0,53.0,1,5,15.0,5.0,0.0,0,0,0,1,0.0,4.0,13.666666666666666,0.3333333333333333,5.0,13.8,0.4,8.0,25.0,9.666666666666666,8.2,0.2,0.0,4.333333333333333
2025,7,16,16,0.0,16.0,63,Finished,+33.411,colapinto,COL,43,Franco,Colapinto,Argentine,alpine,Alpine F1 Team,French,Emilia Romagna Grand Prix,2025-05-18,imola,Autodromo Enzo e Dino Ferrari,Italy,15.0,76.256,,-1.0,,1.0,1.0,55.0,1,6,,,,0,0,0,0,1.0,0.0,17.333333333333332,0.6666666666666666,0.0,16.2,0.8,6.0,6.0,12.333333333333334,12.6,0.4,5.0,
2025,7,13,13,0.0,10.0,63,Finished,+31.424,gasly,GAS,10,Pierre,Gasly,French,alpine,Alpine F1 Team,French,Emilia Romagna Grand Prix,2025-05-18,imola,Autodromo Enzo e Dino Ferrari,Italy,10.0,75.787,75.787,-1.0,,1.0,1.0,55.0,1,6,12.0,7.0,0.0,0,0,0,0,0.0,6.0,13.333333333333334,0.3333333333333333,6.0,14.6,0.4,6.0,6.0,12.333333333333334,12.6,0.4,0.0,14.0
2025,7,11,11,0.0,5.0,63,Finished,+27.250,alonso,ALO,14,Fernando,Alonso,Spanish,aston_martin,Aston Martin,British,Emilia Romagna Grand Prix,2025-05-18,imola,Autodromo Enzo e Dino Ferrari,Italy,5.0,75.431,75.431,-1.0,,1.0,1.0,55.0,1,6,17.0,0.0,0.0,0,0,0,0,0.0,0.0,13.666666666666666,0.3333333333333333,0.0,13.8,0.4,0.0,2.0,13.666666666666666,12.2,0.5,0.0,19.0
2025,7,15,15,0.0,8.0,63,Finished,+32.993,stroll,STR,18,Lance,Stroll,Canadian,aston_martin,Aston Martin,British,Emilia Romagna Grand Prix,2025-05-18,imola,Autodromo Enzo e Dino Ferrari,Italy,8.0,75.581,75.581,-1.0,,1.0,1.0,55.0,1,6,10.0,14.0,0.0,0,0,0,0,0.0,0.0,16.333333333333332,0.6666666666666666,2.0,15.6,0.6,0.0,2.0,13.666666666666666,12.2,0.5,3.0,9.5
2025,7,4,4,12.0,12.0,63,Finished,+14.356,hamilton,HAM,44,Lewis,Hamilton,British,ferrari,Ferrari,Italian,Emilia Romagna Grand Prix,2025-05-18,imola,Autodromo Enzo e Dino Ferrari,Italy,12.0,75.765,,-1.0,,1.0,1.0,55.0,1,6,7.0,41.0,0.0,0,0,0,0,0.0,20.0,6.666666666666667,0.0,26.0,9.2,0.2,53.0,71.0,4.666666666666667,7.2,0.2,1.0,9.5
2025,7,6,6,8.0,11.0,63,Finished,+20.774,leclerc,LEC,16,Charles,Leclerc,Monegasque,ferrari,Ferrari,Italian,Emilia Romagna Grand Prix,2025-05-18,imola,Autodromo Enzo e Dino Ferrari,Italy,11.0,75.604,,-1.0,,1.0,1.0,55.0,1,6,5.0,53.0,0.0,0,0,0,0,0.0,33.0,4.666666666666667,0.0,45.0,7.2,0.2,53.0,71.0,4.666666666666667,7.2,0.2,0.0,4.5
2025,7,17,17,0.0,19.0,63,Finished,+33.808,bearman,BEA,87,Oliver,Bearman,British,haas,Haas F1 Team,American,Emilia Romagna Grand Prix,2025-05-18,imola,Autodromo Enzo e Dino Ferrari,Italy,16.0,76.918,,-1.0,,1.0,1.0,55.0,1,6,15.0,6.0,0.0,0,0,0,0,3.0,1.0,14.0,0.3333333333333333,6.0,12.0,0.2,5.0,20.0,11.0,9.6,0.1,0.0,
2025,7,20,R,0.0,18.0,27,Retired,,ocon,OCO,31,Esteban,Ocon,French,haas,Haas F1 Team,American,Emilia Romagna Grand Prix,2025-05-18,imola,Autodromo Enzo e Dino Ferrari,Italy,18.0,76.613,,-1.0,,1.0,1.0,55.0,1,6,9.0,14.0,0.0,1,0,0,0,0.0,4.0,11.333333333333334,0.0,14.0,11.4,0.0,5.0,20.0,11.0,9.6,0.1,2.0,14.0
2025,7,2,2,18.0,4.0,63,Finished,+6.109,norris,NOR,1,Lando,Norris,British,mclaren,McLaren,British,Emilia Romagna Grand Prix,2025-05-18,imola,Autodromo Enzo e Dino Ferrari,Italy,4.0,74.962,74.962,-1.0,,1.0,1.0,55.0,1,6,2.0,115.0,1.0,0,0,1,0,0.0,45.0,3.0,0.0,81.0,2.6,0.0,120.0,196.0,1.0,1.2,0.0,3.0,2.5
2025,7,3,3,15.0,1.0,63,Finished,+12.956,piastri,PIA,81,Oscar,Piastri,Australian,mclaren,McLaren,British,Emilia Romagna Grand Prix,2025-05-18,imola,Autodromo Enzo e Dino Ferrari,Italy,1.0,74.67,74.67,-1.0,,1.0,1.0,55.0,1,6,1.0,131.0,4.0,0,0,1,0,0.0,75.0,1.0,0.0,115.0,1.4,0.0,120.0,196.0,1.0,1.2,0.0,0.0,4.0
2025,7,19,R,0.0,13.0,44,Retired,,antonelli,ANT,12,Andrea Kimi,Antonelli,Italian,mercedes,Mercedes,German,Emilia Romagna Grand Prix,2025-05-18,imola,Autodromo Enzo e Dino Ferrari,Italy,13.0,75.772,,-1.0,,1.0,1.0,55.0,1,6,6.0,48.0,0.0,1,0,0,0,0.0,16.0,7.666666666666667,0.0,32.0,7.0,0.0,59.0,100.0,3.3333333333333335,3.6,0.0,10.0,
2025,7,7,7,6.0,3.0,63,Finished,+22.034,russell,RUS,63,George,Russell,British,mercedes,Mercedes,German,Emilia Romagna Grand Prix,2025-05-18,imola,Autodromo Enzo e Dino Ferrari,Italy,3.0,74.807,74.807,-1.0,,1.0,1.0,55.0,1,6,4.0,93.0,0.0,0,0,0,0,0.0,43.0,3.3333333333333335,0.0,68.0,3.6,0.0,59.0,100.0,3.3333333333333335,3.6,0.0,0.0,5.5
2025,7,9,9,2.0,9.0,63,Finished,+23.586,hadjar,HAD,6,Isack,Hadjar,French,rb,RB F1 Team,Italian,Emilia Romagna Grand Prix,2025-05-18,imola,Autodromo Enzo e Dino Ferrari,Italy,9.0,75.746,75.746,-1.0,,1.0,1.0,55.0,1,6,16.0,5.0,0.0,0,0,0,0,0.0,1.0,11.333333333333334,0.0,5.0,10.6,0.0,1.0,5.0,11.333333333333334,10.6,0.2,0.0,
2025,7,14,14,0.0,15.0,63,Finished,+32.511,lawson,LAW,30,Liam,Lawson,New Zealander,rb,RB F1 Team,Italian,Emilia Romagna Grand Prix,2025-05-18,imola,Autodromo Enzo e Dino Ferrari,Italy,16.0,76.379,,-1.0,,1.0,1.0,55.0,1,6,18.0,0.0,0.0,0,0,0,0,-1.0,0.0,15.0,0.3333333333333333,0.0,14.8,0.2,1.0,5.0,11.333333333333334,10.6,0.2,7.0,
2025,7,1,1,25.0,2.0,63,Finished,1:31:33.199,max_verstappen,VER,3,Max,Verstappen,Dutch,red_bull,Red Bull,Austrian,Emilia Romagna Grand Prix,2025-05-18,imola,Autodromo Enzo e Dino Ferrari,Italy,2.0,74.70400000000001,74.70400000000001,-1.0,,1.0,1.0,55.0,1,6,3.0,99.0,1.0,0,1,1,0,0.0,38.0,4.0,0.0,75.0,3.4,0.0,41.0,78.0,4.0,3.4,0.1,0.0,1.0
2025,7,10,10,1.0,20.0,63,Finished,+26.446,tsunoda,TSU,22,Yuki,Tsunoda,Japanese,red_bull,Red Bull,Austrian,Emilia Romagna Grand Prix,2025-05-18,imola,Autodromo Enzo e Dino Ferrari,Italy,20.0,,,-1.0,,1.0,1.0,55.0,1,6,11.0,9.0,0.0,0,0,0,0,0.0,3.0,12.666666666666666,0.3333333333333333,3.0,13.2,0.4,41.0,78.0,4.0,3.4,0.1,18.0,8.5
2025,7,18,18,0.0,14.0,63,Finished,+38.572,bortoleto,BOR,5,Gabriel,Bortoleto,Brazilian,sauber,Sauber,Swiss,Emilia Romagna Grand Prix,2025-05-18,imola,Autodromo Enzo e Dino Ferrari,Italy,14.0,76.26,,-1.0,,1.0,1.0,55.0,1,6,20.0,0.0,0.0,0,0,0,0,0.0,0.0,18.0,0.6666666666666666,0.0,17.4,0.6,0.0,0.0,15.666666666666666,15.4,0.7,0.0,
2025,7,12,12,0.0,17.0,63,Finished,+30.296,hulkenberg,HUL,27,Nico,Hülkenberg,German,sauber,Sauber,Swiss,Emilia Romagna Grand Prix,2025-05-18,imola,Autodromo Enzo e Dino Ferrari,Italy,17.0,76.518,,-1.0,,1.0,1.0,55.0,1,6,14.0,6.0,0.0,0,0,0,0,0.0,0.0,16.333333333333332,1.0,0.0,16.0,0.8,0.0,0.0,15.666666666666666,15.4,0.7,3.0,11.0
2025,7,5,5,10.0,7.0,63,Finished,+17.945,albon,ALB,23,Alexander,Albon,Thai,williams,Williams,British,Emilia Romagna Grand Prix,2025-05-18,imola,Autodromo Enzo e Dino Ferrari,Italy,7.0,75.473,75.473,-1.0,,1.0,1.0,55.0,1,6,8.0,30.0,0.0,0,0,0,0,0.0,12.0,8.666666666666666,0.0,20.0,8.4,0.0,18.0,27.0,8.333333333333334,8.2,0.1,1.0,15.5
2025,7,8,8,4.0,6.0,63,Finished,+22.898,sainz,SAI,55,Carlos,Sainz,Spanish,williams,Williams,British,Emilia Romagna Grand Prix,2025-05-18,imola,Autodromo Enzo e Dino Ferrari,Italy,6.0,75.432,75.432,-1.0,,1.0,1.0,55.0,1,6,13.0,7.0,0.0,0,0,0,0,0.0,6.0,12.0,0.3333333333333333,7.0,12.0,0.2,18.0,27.0,8.333333333333334,8.2,0.1,0.0,12.5
2025,8,13,13,0.0,18.0,76,Lapped,+57.114,colapinto,COL,43,Franco,Colapinto,Argentine,alpine,Alpine F1 Team,French,Monaco Grand Prix,2025-05-25,monaco,Circuit de Monaco,Monaco,20.0,72.597,,-1.0,,0.0,0.0,3.0,0,7,21.0,0.0,0.0,1,0,0,0,-2.0,0.0,18.0,0.6666666666666666,0.0,17.0,0.6,0.0,6.0,14.333333333333334,12.6,0.3,2.0,
2025,8,20,R,0.0,17.0,7,Retired,,gasly,GAS,10,Pierre,Gasly,French,alpine,Alpine F1 Team,French,Monaco Grand Prix,2025-05-25,monaco,Circuit de Monaco,Monaco,18.0,71.994,,-1.0,,0.0,0.0,3.0,0,7,13.0,7.0,0.0,1,0,0,0,-1.0,0.0,15.333333333333334,0.3333333333333333,6.0,13.2,0.2,0.0,6.0,14.333333333333334,12.6,0.3,0.0,9.333333333333334
2025,8,19,R,0.0,6.0,36,Retired,,alonso,ALO,14,Fernando,Alonso,Spanish,aston_martin,Aston Martin,British,Monaco Grand Prix,2025-05-25,monaco,Circuit de Monaco,Monaco,7.0,70.924,70.924,-1.0,,0.0,0.0,3.0,0,7,17.0,0.0,0.0,1,0,0,0,-1.0,0.0,12.333333333333334,0.3333333333333333,0.0,12.6,0.2,0.0,0.0,12.333333333333334,12.6,0.4,0.0,6.666666666666667
2025,8,15,15,0.0,19.0,76,Lapped,+1:10.395,stroll,STR,18,Lance,Stroll,Canadian,aston_martin,Aston Martin,British,Monaco Grand Prix,2025-05-25,monaco,Circuit de Monaco,Monaco,19.0,72.563,,-1.0,,0.0,0.0,3.0,0,7,10.0,14.0,0.0,1,0,0,0,0.0,0.0,15.666666666666666,0.6666666666666666,0.0,16.8,0.6,0.0,0.0,12.333333333333334,12.6,0.4,12.0,16.0
2025,8,5,5,10.0,7.0,78,Finished,+51.387,hamilton,HAM,44,Lewis,Hamilton,British,ferrari,Ferrari,Italian,Monaco Grand Prix,2025-05-25,monaco,Circuit de Monaco,Monaco,4.0,70.382,70.382,-1.0,,0.0,0.0,3.0,0,7,6.0,53.0,0.0,0,0,0,0,3.0,22.0,6.333333333333333,0.0,38.0,6.2,0.0,51.0,91.0,4.666666666666667,4.4,0.0,2.0,6.333333333333333
2025,8,2,2,18.0,2.0,78,Finished,+3.131,leclerc,LEC,16,Charles,Leclerc,Monegasque,ferrari,Ferrari,Italian,Monaco Grand Prix,2025-05-25,monaco,Circuit de Monaco,Monaco,2.0,70.063,70.063,-1.0,,0.0,0.0,3.0,0,7,5.0,61.0,0.0,0,0,1,0,0.0,29.0,5.333333333333333,0.0,53.0,4.8,0.0,51.0,91.0,4.666666666666667,4.4,0.0,0.0,3.6666666666666665
2025,8,12,12,0.0,20.0,76,Lapped,+54.693,bearman,BEA,87,Oliver,Bearman,British,haas,Haas F1 Team,American,Monaco Grand Prix,2025-05-25,monaco,Circuit de Monaco,Monaco,17.0,71.979,,-1.0,,0.0,0.0,3.0,0,7,16.0,6.0,0.0,1,0,0,0,3.0,0.0,16.333333333333332,0.3333333333333333,2.0,13.8,0.2,0.0,6.0,14.0,12.0,0.2,9.0,
2025,8,7,7,6.0,8.0,77,Lapped,+1:06.029,ocon,OCO,31,Esteban,Ocon,French,haas,Haas F1 Team,American,Monaco Grand Prix,2025-05-25,monaco,Circuit de Monaco,Monaco,8.0,70.94200000000001,70.94200000000001,-1.0,,0.0,0.0,3.0,0,7,9.0,14.0,0.0,1,0,0,0,0.0,0.0,15.333333333333334,0.3333333333333333,4.0,14.4,0.2,0.0,6.0,14.0,12.0,0.2,0.0,10.666666666666666
2025,8,1,1,25.0,1.0,78,Finished,1:40:33.843,norris,NOR,1,Lando,Norris,British,mclaren,McLaren,British,Monaco Grand Prix,2025-05-25,monaco,Circuit de Monaco,Monaco,1.0,69.95400000000001,69.95400000000001,-1.0,,0.0,0.0,3.0,0,7,2.0,133.0,1.0,0,1,1,0,0.0,48.0,2.6666666666666665,0.0,81.0,2.6,0.0,113.0,186.0,1.3333333333333333,1.4,0.0,0.0,6.333333333333333
2025,8,3,3,15.0,3.0,78,Finished,+3.658,piastri,PIA,81,Oscar,Piastri,Australian,mclaren,McLaren,British,Monaco Grand Prix,2025-05-25,monaco,Circuit de Monaco,Monaco,3.0,70.129,70.129,-1.0,,0.0,0.0,3.0,0,7,1.0,146.0,4.0,0,0,1,0,0.0,65.0,1.6666666666666667,0.0,105.0,1.8,0.0,113.0,186.0,1.3333333333333333,1.4,0.0,2.0,6.0
2025,8,18,18,0.0,15.0,75,Lapped,+8.409,antonelli,ANT,12,Andrea Kimi,Antonelli,Italian,mercedes,Mercedes,German,Monaco Grand Prix,2025-05-25,monaco,Circuit de Monaco,Monaco,15.0,71.88,,-1.0,,0.0,0.0,3.0,0,7,7.0,48.0,0.0,1,0,0,0,0.0,16.0,10.333333333333334,0.3333333333333333,24.0,9.6,0.2,47.0,83.0,5.0,4.4,0.1,1.0,
2025,8,11,11,0.0,14.0,76,Lapped,+33.844,russell,RUS,63,George,Russell,British,mercedes,Mercedes,German,Monaco Grand Prix,2025-05-25,monaco,Circuit de Monaco,Monaco,14.0,71.507,,-1.0,,0.0,0.0,3.0,0,7,4.0,99.0,0.0,1,0,0,0,0.0,31.0,5.0,0.0,59.0,4.4,0.0,47.0,83.0,5.0,4.4,0.1,0.0,5.0
2025,8,6,6,8.0,5.0,77,Lapped,+1:05.082,hadjar,HAD,6,Isack,Hadjar,French,rb,RB F1 Team,Italian,Monaco Grand Prix,2025-05-25,monaco,Circuit de Monaco,Monaco,6.0,70.923,70.923,-1.0,,0.0,0.0,3.0,0,7,14.0,7.0,0.0,1,0,0,0,-1.0,3.0,10.0,0.0,7.0,10.2,0.0,3.0,7.0,10.0,10.2,0.1,0.0,
2025,8,8,8,4.0,9.0,77,Lapped,+1:06.746,lawson,LAW,30,Liam,Lawson,New Zealander,rb,RB F1 Team,Italian,Monaco Grand Prix,2025-05-25,monaco,Circuit de Monaco,Monaco,9.0,71.129,71.129,-1.0,,0.0,0.0,3.0,0,7,18.0,0.0,0.0,1,0,0,0,0.0,0.0,14.333333333333334,0.3333333333333333,0.0,15.2,0.2,3.0,7.0,10.0,10.2,0.1,3.0,
2025,8,4,4,12.0,4.0,78,Finished,+20.572,max_verstappen,VER,3,Max,Verstappen,Dutch,red_bull,Red Bull,Austrian,Monaco Grand Prix,2025-05-25,monaco,Circuit de Monaco,Monaco,5.0,70.669,70.669,-1.0,,0.0,0.0,3.0,0,7,3.0,124.0,2.0,0,0,0,0,-1.0,55.0,2.3333333333333335,0.0,88.0,2.8,0.0,57.0,92.0,2.3333333333333335,2.8,0.1,0.0,3.3333333333333335
2025,8,17,17,0.0,12.0,76,Lapped,+1:11.849,tsunoda,TSU,22,Yuki,Tsunoda,Japanese,red_bull,Red Bull,Austrian,Monaco Grand Prix,2025-05-25,monaco,Circuit de Monaco,Monaco,12.0,71.41499999999999,,-1.0,,0.0,0.0,3.0,0,7,12.0,10.0,0.0,1,0,0,0,0.0,2.0,13.0,0.3333333333333333,4.0,12.0,0.2,57.0,92.0,2.3333333333333335,2.8,0.1,7.0,13.333333333333334
2025,8,14,14,0.0,16.0,76,Lapped,+1:08.424,bortoleto,BOR,5,Gabriel,Bortoleto,Brazilian,sauber,Sauber,Swiss,Monaco Grand Prix,2025-05-25,monaco,Circuit de Monaco,Monaco,16.0,71.902,,-1.0,,0.0,0.0,3.0,0,7,20.0,0.0,0.0,1,0,0,0,0.0,0.0,18.0,0.6666666666666666,0.0,18.2,0.4,0.0,0.0,13.666666666666666,15.0,0.5,3.0,
2025,8,16,16,0.0,13.0,76,Lapped,+1:11.544,hulkenberg,HUL,27,Nico,Hülkenberg,German,sauber,Sauber,Swiss,Monaco Grand Prix,2025-05-25,monaco,Circuit de Monaco,Monaco,13.0,71.596,,-1.0,,0.0,0.0,3.0,0,7,15.0,6.0,0.0,1,0,0,0,0.0,0.0,13.666666666666666,0.6666666666666666,0.0,15.4,0.6,0.0,0.0,13.666666666666666,15.0,0.5,0.0,18.0
2025,8,9,9,2.0,10.0,76,Lapped,+11.869,albon,ALB,23,Alexander,Albon,Thai,williams,Williams,British,Monaco Grand Prix,2025-05-25,monaco,Circuit de Monaco,Monaco,10.0,71.213,71.213,-1.0,,0.0,0.0,3.0,0,7,8.0,40.0,0.0,1,0,0,0,0.0,22.0,6.333333333333333,0.0,24.0,8.0,0.0,32.0,34.0,6.0,7.8,0.1,0.0,13.666666666666666
2025,8,10,10,1.0,11.0,76,Lapped,+15.232,sainz,SAI,55,Carlos,Sainz,Spanish,williams,Williams,British,Monaco Grand Prix,2025-05-25,monaco,Circuit de Monaco,Monaco,11.0,71.362,,-1.0,,0.0,0.0,3.0,0,7,11.0,11.0,0.0,1,0,0,0,0.0,10.0,8.333333333333334,0.0,10.0,11.6,0.2,32.0,34.0,6.0,7.8,0.1,1.0,4.333333333333333
2025,9,15,15,0.0,18.0,66,Finished,+31.381,colapinto,COL,43,Franco,Colapinto,Argentine,alpine,Alpine F1 Team,French,Spanish Grand Prix,2025-06-01,catalunya,Circuit de Barcelona-Catalunya,Spain,19.0,73.334,,-1.0,,0.0,0.0,3.0,0,8,20.0,0.0,0.0,0,0,0,0,-1.0,0.0,16.0,0.6666666666666666,0.0,16.2,0.6,0.0,6.0,13.0,12.6,0.5,11.0,
2025,9,8,8,4.0,8.0,66,Finished,+17.882,gasly,GAS,10,Pierre,Gasly,French,alpine,Alpine F1 Team,French,Spanish Grand Prix,2025-06-01,catalunya,Circuit de Barcelona-Catalunya,Spain,8.0,72.199,72.199,-1.0,,0.0,0.0,3.0,0,8,14.0,7.0,0.0,0,0,0,0,0.0,0.0,15.333333333333334,0.3333333333333333,6.0,14.6,0.4,0.0,6.0,13.0,12.6,0.5,0.0,10.666666666666666
2025,9,9,9,2.0,10.0,66,Finished,+21.564,alonso,ALO,14,Fernando,Alonso,Spanish,aston_martin,Aston Martin,British,Spanish Grand Prix,2025-06-01,catalunya,Circuit de Barcelona-Catalunya,Spain,10.0,72.284,72.284,-1.0,,0.0,0.0,3.0,0,8,18.0,0.0,0.0,0,0,0,0,0.0,0.0,15.0,0.6666666666666666,0.0,14.2,0.4,0.0,0.0,13.666666666666666,13.4,0.5,0.0,9.333333333333334
2025,9,6,6,8.0,5.0,66,Finished,+15.508,hamilton,HAM,44,Lewis,Hamilton,British,ferrari,Ferrari,Italian,Spanish Grand Prix,2025-06-01,catalunya,Circuit de Barcelona-Catalunya,Spain,5.0,72.045,72.045,-1.0,,0.0,0.0,3.0,0,8,6.0,63.0,0.0,0,0,0,0,0.0,26.0,5.666666666666667,0.0,42.0,5.8,0.0,58.0,101.0,4.333333333333333,4.0,0.0,0.0,3.3333333333333335
2025,9,3,3,15.0,7.0,66,Finished,+10.455,leclerc,LEC,16,Charles,Leclerc,Monegasque,ferrari,Ferrari,Italian,Spanish Grand Prix,2025-06-01,catalunya,Circuit de Barcelona-Catalunya,Spain,7.0,72.131,72.131,-1.0,,0.0,0.0,3.0,0,8,5.0,79.0,0.0,0,0,1,0,0.0,32.0,5.0,0.0,59.0,4.4,0.0,58.0,101.0,4.333333333333333,4.0,0.0,2.0,12.0
2025,9,17,17,0.0,14.0,66,Finished,+37.065,bearman,BEA,87,Oliver,Bearman,British,haas,Haas F1 Team,American,Spanish Grand Prix,2025-06-01,catalunya,Circuit de Barcelona-Catalunya,Spain,15.0,73.315,,-1.0,,0.0,0.0,3.0,0,8,16.0,6.0,0.0,0,0,0,0,-1.0,0.0,16.0,0.6666666666666666,1.0,14.2,0.4,6.0,11.0,12.0,11.4,0.4,0.0,
2025,9,16,16,0.0,16.0,66,Finished,+32.197,ocon,OCO,31,Esteban,Ocon,French,haas,Haas F1 Team,American,Spanish Grand Prix,2025-06-01,catalunya,Circuit de Barcelona-Catalunya,Spain,17.0,73.201,,-1.0,,0.0,0.0,3.0,0,8,9.0,20.0,0.0,0,0,0,0,-1.0,6.0,13.0,0.6666666666666666,10.0,12.2,0.4,6.0,11.0,12.0,11.4,0.4,2.0,8.333333333333334
2025,9,2,2,18.0,2.0,66,Finished,+2.471,norris,NOR,1,Lando,Norris,British,mclaren,McLaren,British,Spanish Grand Prix,2025-06-01,catalunya,Circuit de Barcelona-Catalunya,Spain,2.0,71.755,71.755,-1.0,,0.0,0.0,3.0,0,8,2.0,158.0,2.0,0,0,1,0,0.0,61.0,1.6666666666666667,0.0,88.0,2.4,0.0,116.0,193.0,1.3333333333333333,1.2,0.0,1.0,9.0
2025,9,1,1,25.0,1.0,66,Finished,1:32:57.375,piastri,PIA,81,Oscar,Piastri,Australian,mclaren,McLaren,British,Spanish Grand Prix,2025-06-01,catalunya,Circuit de Barcelona-Catalunya,Spain,1.0,71.54599999999999,71.54599999999999,-1.0,,0.0,0.0,3.0,0,8,1.0,161.0,4.0,0,1,1,0,0.0,55.0,2.3333333333333335,0.0,105.0,1.8,0.0,116.0,193.0,1.3333333333333333,1.2,0.0,0.0,10.0
2025,9,18,R,0.0,6.0,53,Retired,,antonelli,ANT,12,Andrea Kimi,Antonelli,Italian,mercedes,Mercedes,German,Spanish Grand Prix,2025-06-01,catalunya,Circuit de Barcelona-Catalunya,Spain,6.0,72.111,72.111,-1.0,,0.0,0.0,3.0,0,8,7.0,48.0,0.0,1,0,0,0,0.0,8.0,14.333333333333334,0.6666666666666666,16.0,12.0,0.4,29.0,65.0,7.0,5.6,0.3,2.0,
2025,9,4,4,12.0,4.0,66,Finished,+11.359,russell,RUS,63,George,Russell,British,mercedes,Mercedes,German,Spanish Grand Prix,2025-06-01,catalunya,Circuit de Barcelona-Catalunya,Spain,4.0,71.848,71.848,-1.0,,0.0,0.0,3.0,0,8,4.0,99.0,0.0,0,0,0,0,0.0,21.0,7.0,0.3333333333333333,49.0,5.6,0.2,29.0,65.0,7.0,5.6,0.3,0.0,3.3333333333333335
2025,9,7,7,6.0,9.0,66,Finished,+16.022,hadjar,HAD,6,Isack,Hadjar,French,rb,RB F1 Team,Italian,Spanish Grand Prix,2025-06-01,catalunya,Circuit de Barcelona-Catalunya,Spain,9.0,72.252,72.252,-1.0,,0.0,0.0,3.0,0,8,10.0,15.0,0.0,0,0,0,0,0.0,10.0,8.666666666666666,0.3333333333333333,11.0,9.8,0.2,14.0,15.0,8.666666666666666,9.8,0.3,0.0,
2025,9,11,11,0.0,13.0,66,Finished,+25.532,lawson,LAW,30,Liam,Lawson,New Zealander,rb,RB F1 Team,Italian,Spanish Grand Prix,2025-06-01,catalunya,Circuit de Barcelona-Catalunya,Spain,13.0,72.763,,-1.0,,0.0,0.0,3.0,0,8,17.0,4.0,0.0,0,0,0,0,0.0,4.0,13.0,0.6666666666666666,4.0,13.4,0.4,14.0,15.0,8.666666666666666,9.8,0.3,4.0,
2025,9,10,10,1.0,3.0,66,Finished,+21.826,max_verstappen,VER,3,Max,Verstappen,Dutch,red_bull,Red Bull,Austrian,Spanish Grand Prix,2025-06-01,catalunya,Circuit de Barcelona-Catalunya,Spain,3.0,71.848,71.848,-1.0,,0.0,0.0,3.0,0,8,3.0,136.0,2.0,0,0,0,0,0.0,49.0,3.0,0.0,75.0,3.4,0.0,51.0,79.0,3.0,3.4,0.2,0.0,1.0
2025,9,13,13,0.0,19.0,66,Finished,+28.822,tsunoda,TSU,22,Yuki,Tsunoda,Japanese,red_bull,Red Bull,Austrian,Spanish Grand Prix,2025-06-01,catalunya,Circuit de Barcelona-Catalunya,Spain,20.0,73.385,,-1.0,,0.0,0.0,3.0,0,8,13.0,10.0,0.0,0,0,0,0,-1.0,2.0,12.333333333333334,0.3333333333333333,4.0,13.0,0.4,51.0,79.0,3.0,3.4,0.2,17.0,13.666666666666666
2025,9,12,12,0.0,12.0,66,Finished,+25.996,bortoleto,BOR,5,Gabriel,Bortoleto,Brazilian,sauber,Sauber,Swiss,Spanish Grand Prix,2025-06-01,catalunya,Circuit de Barcelona-Catalunya,Spain,12.0,72.756,,-1.0,,0.0,0.0,3.0,0,8,21.0,0.0,0.0,0,0,0,0,0.0,0.0,16.666666666666668,0.6666666666666666,0.0,17.2,0.6,0.0,0.0,13.333333333333334,14.6,0.7,0.0,
2025,9,5,5,10.0,15.0,66,Finished,+13.648,hulkenberg,HUL,27,Nico,Hülkenberg,German,sauber,Sauber,Swiss,Spanish Grand Prix,2025-06-01,catalunya,Circuit de Barcelona-Catalunya,Spain,16.0,73.19,,-1.0,,0.0,0.0,3.0,0,8,15.0,6.0,0.0,0,0,0,0,-1.0,0.0,14.0,0.6666666666666666,0.0,15.4,0.8,0.0,0.0,13.333333333333334,14.6,0.7,4.0,13.0
2025,9,19,R,0.0,11.0,27,Retired,,albon,ALB,23,Alexander,Albon,Thai,williams,Williams,British,Spanish Grand Prix,2025-06-01,catalunya,Circuit de Barcelona-Catalunya,Spain,11.0,72.641,,-1.0,,0.0,0.0,3.0,0,8,8.0,42.0,0.0,1,0,0,0,0.0,22.0,6.333333333333333,0.3333333333333333,24.0,8.0,0.2,29.0,35.0,6.333333333333333,7.8,0.3,0.0,17.333333333333332
2025,9,14,14,0.0,17.0,66,Finished,+29.309,sainz,SAI,55,Carlos,Sainz,Spanish,williams,Williams,British,Spanish Grand Prix,2025-06-01,catalunya,Circuit de Barcelona-Catalunya,Spain,18.0,73.203,,-1.0,,0.0,0.0,3.0,0,8,12.0,12.0,0.0,0,0,0,0,-1.0,7.0,9.0,0.3333333333333333,11.0,10.8,0.4,29.0,35.0,6.333333333333333,7.8,0.3,7.0,5.0
2025,10,13,13,0.0,10.0,69,Lapped,+7.018,colapinto,COL,43,Franco,Colapinto,Argentine,alpine,Alpine F1 Team,French,Canadian Grand Prix,2025-06-15,villeneuve,Circuit Gilles Villeneuve,Canada,12.0,72.142,,-1.0,,0.0,0.0,3.0,0,9,21.0,0.0,0.0,1,0,0,0,-2.0,0.0,14.666666666666666,0.3333333333333333,0.0,16.4,0.6,4.0,4.0,11.333333333333334,12.8,0.5,0.0,
2025,10,15,15,0.0,20.0,69,Lapped,+7.950,gasly,GAS,10,Pierre,Gasly,French,alpine,Alpine F1 Team,French,Canadian Grand Prix,2025-06-15,villeneuve,Circuit Gilles Villeneuve,Canada,20.0,72.667,,-1.0,,0.0,0.0,3.0,0,9,14.0,11.0,0.0,1,0,0,0,0.0,4.0,13.666666666666666,0.3333333333333333,4.0,14.8,0.4,4.0,4.0,11.333333333333334,12.8,0.5,8.0,11.666666666666666
2025,10,7,7,6.0,6.0,70,Finished,+10.972,alonso,ALO,14,Fernando,Alonso,Spanish,aston_martin,Aston Martin,British,Canadian Grand Prix,2025-06-15,villeneuve,Circuit Gilles Villeneuve,Canada,6.0,71.586,71.586,-1.0,,0.0,0.0,3.0,0,9,18.0,2.0,0.0,0,0,0,0,0.0,2.0,13.0,0.3333333333333333,2.0,13.0,0.4,2.0,2.0,11.666666666666666,12.2,0.5,0.0,5.666666666666667
2025,10,17,17,0.0,17.0,69,Lapped,+9.063,stroll,STR,18,Lance,Stroll,Canadian,aston_martin,Aston Martin,British,Canadian Grand Prix,2025-06-15,villeneuve,Circuit Gilles Villeneuve,Canada,18.0,72.517,,-1.0,,0.0,0.0,3.0,0,9,12.0,14.0,0.0,1,0,0,0,-1.0,0.0,15.333333333333334,0.6666666666666666,0.0,15.8,0.6,2.0,2.0,11.666666666666666,12.2,0.5,12.0,8.666666666666666
2025,10,6,6,8.0,5.0,70,Finished,+10.713,hamilton,HAM,44,Lewis,Hamilton,British,ferrari,Ferrari,Italian,Canadian Grand Prix,2025-06-15,villeneuve,Circuit Gilles Villeneuve,Canada,5.0,71.526,71.526,-1.0,,0.0,0.0,3.0,0,9,6.0,71.0,0.0,0,0,0,0,0.0,30.0,5.0,0.0,40.0,6.0,0.0,71.0,102.0,3.0,3.8,0.0,0.0,3.3333333333333335
2025,10,5,5,10.0,8.0,70,Finished,+3.442,leclerc,LEC,16,Charles,Leclerc,Monegasque,ferrari,Ferrari,Italian,Canadian Grand Prix,2025-06-15,villeneuve,Circuit Gilles Villeneuve,Canada,8.0,71.682,71.682,-1.0,,0.0,0.0,3.0,0,9,5.0,94.0,0.0,0,0,0,0,0.0,41.0,3.6666666666666665,0.0,62.0,4.2,0.0,71.0,102.0,3.0,3.8,0.0,3.0,9.333333333333334
2025,10,11,11,0.0,13.0,69,Lapped,+3.717,bearman,BEA,87,Oliver,Bearman,British,haas,Haas F1 Team,American,Canadian Grand Prix,2025-06-15,villeneuve,Circuit Gilles Villeneuve,Canada,14.0,72.34,,-1.0,,0.0,0.0,3.0,0,9,16.0,6.0,0.0,1,0,0,0,-1.0,0.0,15.333333333333334,0.3333333333333333,0.0,15.6,0.4,6.0,6.0,13.333333333333334,13.0,0.4,0.0,
2025,10,9,9,2.0,14.0,69,Lapped,+1.473,ocon,OCO,31,Esteban,Ocon,French,haas,Haas F1 Team,American,Canadian Grand Prix,2025-06-15,villeneuve,Circuit Gilles Villeneuve,Canada,15.0,72.634,,-1.0,,0.0,0.0,3.0,0,9,10.0,20.0,0.0,1,0,0,0,-1.0,6.0,14.333333333333334,0.6666666666666666,6.0,13.8,0.4,6.0,6.0,13.333333333333334,13.0,0.4,1.0,8.0
2025,10,18,18,0.0,7.0,66,Retired,,norris,NOR,1,Lando,Norris,British,mclaren,McLaren,British,Canadian Grand Prix,2025-06-15,villeneuve,Circuit Gilles Villeneuve,Canada,7.0,71.625,71.625,-1.0,,0.0,0.0,3.0,0,9,2.0,176.0,2.0,1,0,0,0,0.0,61.0,1.6666666666666667,0.0,91.0,2.2,0.0,116.0,196.0,1.3333333333333333,1.2,0.0,4.0,10.0
2025,10,4,4,12.0,3.0,70,Finished,+2.109,piastri,PIA,81,Oscar,Piastri,Australian,mclaren,McLaren,British,Canadian Grand Prix,2025-06-15,villeneuve,Circuit Gilles Villeneuve,Canada,3.0,71.12,71.12,-1.0,,0.0,0.0,3.0,0,9,1.0,186.0,5.0,0,0,0,0,0.0,55.0,2.3333333333333335,0.0,105.0,1.8,0.0,116.0,196.0,1.3333333333333333,1.2,0.0,0.0,8.0
2025,10,3,3,15.0,4.0,70,Finished,+1.014,antonelli,ANT,12,Andrea Kimi,Antonelli,Italian,mercedes,Mercedes,German,Canadian Grand Prix,2025-06-15,villeneuve,Circuit Gilles Villeneuve,Canada,4.0,71.391,71.391,-1.0,,0.0,0.0,3.0,0,9,7.0,48.0,0.0,0,0,1,0,0.0,0.0,18.333333333333332,1.0,16.0,13.4,0.6,18.0,59.0,7.333333333333333,6.0,0.4,3.0,
2025,10,1,1,25.0,1.0,70,Finished,1:31:52.688,russell,RUS,63,George,Russell,British,mercedes,Mercedes,German,Canadian Grand Prix,2025-06-15,villeneuve,Circuit Gilles Villeneuve,Canada,1.0,70.899,70.899,-1.0,,0.0,0.0,3.0,0,9,4.0,111.0,0.0,0,1,1,0,0.0,18.0,7.333333333333333,0.3333333333333333,43.0,6.0,0.2,18.0,59.0,7.333333333333333,6.0,0.4,0.0,8.666666666666666
2025,10,16,16,0.0,12.0,69,Lapped,+8.737,hadjar,HAD,6,Isack,Hadjar,French,rb,RB F1 Team,Italian,Canadian Grand Prix,2025-06-15,villeneuve,Circuit Gilles Villeneuve,Canada,9.0,71.867,71.867,-1.0,,0.0,0.0,3.0,0,9,9.0,21.0,0.0,1,0,0,0,3.0,16.0,7.333333333333333,0.3333333333333333,17.0,8.6,0.2,20.0,21.0,7.333333333333333,8.6,0.3,0.0,
2025,10,19,R,0.0,19.0,53,Retired,,lawson,LAW,30,Liam,Lawson,New Zealander,rb,RB F1 Team,Italian,Canadian Grand Prix,2025-06-15,villeneuve,Circuit Gilles Villeneuve,Canada,19.0,72.525,,-1.0,,0.0,0.0,3.0,0,9,17.0,4.0,0.0,1,0,0,0,0.0,4.0,11.0,0.3333333333333333,4.0,12.4,0.4,20.0,21.0,7.333333333333333,8.6,0.3,10.0,
2025,10,2,2,18.0,2.0,70,Finished,+0.228,max_verstappen,VER,3,Max,Verstappen,Dutch,red_bull,Red Bull,Austrian,Canadian Grand Prix,2025-06-15,villeneuve,Circuit Gilles Villeneuve,Canada,2.0,71.059,71.059,-1.0,,0.0,0.0,3.0,0,9,3.0,137.0,2.0,0,0,1,0,0.0,38.0,5.0,0.0,68.0,4.2,0.0,39.0,70.0,5.0,4.2,0.2,0.0,1.0
2025,10,12,12,0.0,18.0,69,Lapped,+5.456,tsunoda,TSU,22,Yuki,Tsunoda,Japanese,red_bull,Red Bull,Austrian,Canadian Grand Prix,2025-06-15,villeneuve,Circuit Gilles Villeneuve,Canada,11.0,72.102,,-1.0,,0.0,0.0,3.0,0,9,15.0,10.0,0.0,1,0,0,0,7.0,1.0,13.333333333333334,0.3333333333333333,2.0,13.8,0.4,39.0,70.0,5.0,4.2,0.2,9.0,15.333333333333334
2025,10,14,14,0.0,15.0,69,Lapped,+7.879,bortoleto,BOR,5,Gabriel,Bortoleto,Brazilian,sauber,Sauber,Swiss,Canadian Grand Prix,2025-06-15,villeneuve,Circuit Gilles Villeneuve,Canada,16.0,72.385,,-1.0,,0.0,0.0,3.0,0,9,19.0,0.0,0.0,1,0,0,0,-1.0,0.0,14.666666666666666,0.3333333333333333,0.0,16.0,0.6,10.0,10.0,10.333333333333334,12.0,0.6,3.0,
2025,10,8,8,4.0,11.0,70,Finished,+15.364,hulkenberg,HUL,27,Nico,Hülkenberg,German,sauber,Sauber,Swiss,Canadian Grand Prix,2025-06-15,villeneuve,Circuit Gilles Villeneuve,Canada,13.0,72.18299999999999,,-1.0,,0.0,0.0,3.0,0,9,11.0,16.0,0.0,0,0,0,0,-2.0,10.0,11.0,0.3333333333333333,10.0,12.4,0.6,10.0,10.0,10.333333333333334,12.0,0.6,0.0,13.0
2025,10,20,R,0.0,9.0,46,Retired,,albon,ALB,23,Alexander,Albon,Thai,williams,Williams,British,Canadian Grand Prix,2025-06-15,villeneuve,Circuit Gilles Villeneuve,Canada,10.0,71.907,71.907,-1.0,,0.0,0.0,3.0,0,9,8.0,42.0,0.0,1,0,0,0,-1.0,12.0,11.0,0.6666666666666666,24.0,9.4,0.4,17.0,35.0,9.333333333333334,8.2,0.3,0.0,12.333333333333334
2025,10,10,10,1.0,16.0,69,Lapped,+1.886,sainz,SAI,55,Carlos,Sainz,Spanish,williams,Williams,British,Canadian Grand Prix,2025-06-15,villeneuve,Circuit Gilles Villeneuve,Canada,17.0,72.398,,-1.0,,0.0,0.0,3.0,0,9,13.0,12.0,0.0,1,0,0,0,-1.0,5.0,10.666666666666666,0.3333333333333333,11.0,9.8,0.2,17.0,35.0,9.333333333333334,8.2,0.3,7.0,7.666666666666667
2025,11,15,15,0.0,14.0,69,Lapped,+42.692,colapinto,COL,43,Franco,Colapinto,Argentine,alpine,Alpine F1 Team,French,Austrian Grand Prix,2025-06-29,red_bull_ring,Red Bull Ring,Austria,14.0,65.288,,-1.0,,0.0,0.0,3.0,0,10,20.0,0.0,0.0,1,0,0,0,0.0,0.0,13.666666666666666,0.6666666666666666,0.0,15.2,0.6,4.0,4.0,11.333333333333334,12.0,0.5,4.0,
2025,11,13,13,0.0,10.0,69,Lapped,+33.055,gasly,GAS,10,Pierre,Gasly,French,alpine,Alpine F1 Team,French,Austrian Grand Prix,2025-06-29,red_bull_ring,Red Bull Ring,Austria,10.0,65.649,65.649,-1.0,,0.0,0.0,3.0,0,10,14.0,11.0,0.0,1,0,0,0,0.0,4.0,14.333333333333334,0.6666666666666666,4.0,13.8,0.4,4.0,4.0,11.333333333333334,12.0,0.5,0.0,11.666666666666666
2025,11,7,7,6.0,11.0,69,Lapped,+1.437,alonso,ALO,14,Fernando,Alonso,Spanish,aston_martin,Aston Martin,British,Austrian Grand Prix,2025-06-29,red_bull_ring,Red Bull Ring,Austria,11.0,65.128,,-1.0,,0.0,0.0,3.0,0,10,16.0,8.0,0.0,1,0,0,0,0.0,8.0,11.666666666666666,0.3333333333333333,8.0,12.2,0.4,8.0,8.0,10.333333333333334,11.4,0.5,0.0,11.0
2025,11,14,14,0.0,16.0,69,Lapped,+34.462,stroll,STR,18,Lance,Stroll,Canadian,aston_martin,Aston Martin,British,Austrian Grand Prix,2025-06-29,red_bull_ring,Red Bull Ring,Austria,16.0,65.329,,-1.0,,0.0,0.0,3.0,0,10,12.0,14.0,0.0,1,0,0,0,0.0,0.0,15.666666666666666,0.6666666666666666,0.0,15.8,0.8,8.0,8.0,10.333333333333334,11.4,0.5,5.0,11.666666666666666
2025,11,4,4,12.0,4.0,70,Finished,+29.020,hamilton,HAM,44,Lewis,Hamilton,British,ferrari,Ferrari,Italian,Austrian Grand Prix,2025-06-29,red_bull_ring,Red Bull Ring,Austria,4.0,64.582,64.582,-1.0,,0.0,0.0,3.0,0,10,6.0,79.0,0.0,0,0,0,0,0.0,26.0,5.666666666666667,0.0,42.0,5.8,0.0,69.0,99.0,3.3333333333333335,4.2,0.0,2.0,5.0
2025,11,3,3,15.0,2.0,70,Finished,+19.820,leclerc,LEC,16,Charles,Leclerc,Monegasque,ferrari,Ferrari,Italian,Austrian Grand Prix,2025-06-29,red_bull_ring,Red Bull Ring,Austria,2.0,64.492,64.492,-1.0,,0.0,0.0,3.0,0,10,5.0,104.0,0.0,0,0,1,0,0.0,43.0,3.3333333333333335,0.0,57.0,4.6,0.0,69.0,99.0,3.3333333333333335,4.2,0.0,0.0,4.666666666666667
2025,11,11,11,0.0,15.0,69,Lapped,+24.854,bearman,BEA,87,Oliver,Bearman,British,haas,Haas F1 Team,American,Austrian Grand Prix,2025-06-29,red_bull_ring,Red Bull Ring,Austria,15.0,65.312,,-1.0,,0.0,0.0,3.0,0,10,17.0,6.0,0.0,1,0,0,0,0.0,0.0,13.333333333333334,0.6666666666666666,0.0,15.2,0.6,8.0,8.0,10.666666666666666,12.2,0.6,0.0,
2025,11,10,10,1.0,17.0,69,Lapped,+9.986,ocon,OCO,31,Esteban,Ocon,French,haas,Haas F1 Team,American,Austrian Grand Prix,2025-06-29,red_bull_ring,Red Bull Ring,Austria,17.0,65.364,,-1.0,,0.0,0.0,3.0,0,10,9.0,22.0,0.0,1,0,0,0,0.0,8.0,10.666666666666666,0.6666666666666666,8.0,12.8,0.6,8.0,8.0,10.666666666666666,12.2,0.6,2.0,10.333333333333334
2025,11,1,1,25.0,1.0,70,Finished,1:23:47.693,norris,NOR,1,Lando,Norris,British,mclaren,McLaren,British,Austrian Grand Prix,2025-06-29,red_bull_ring,Red Bull Ring,Austria,1.0,63.971000000000004,63.971000000000004,-1.0,,0.0,0.0,3.0,0,10,2.0,176.0,2.0,0,1,1,0,0.0,43.0,7.0,0.3333333333333333,79.0,5.0,0.2,95.0,171.0,2.0,1.8,0.1,0.0,10.333333333333334
2025,11,2,2,18.0,3.0,70,Finished,+2.695,piastri,PIA,81,Oscar,Piastri,Australian,mclaren,McLaren,British,Austrian Grand Prix,2025-06-29,red_bull_ring,Red Bull Ring,Austria,3.0,64.554,64.554,-1.0,,0.0,0.0,3.0,0,10,1.0,198.0,5.0,0,0,1,0,0.0,52.0,2.6666666666666665,0.0,92.0,2.4,0.0,95.0,171.0,2.0,1.8,0.1,2.0,9.0
2025,11,19,R,0.0,9.0,0,Retired,,antonelli,ANT,12,Andrea Kimi,Antonelli,Italian,mercedes,Mercedes,German,Austrian Grand Prix,2025-06-29,red_bull_ring,Red Bull Ring,Austria,9.0,65.276,65.276,-1.0,,0.0,0.0,3.0,0,10,7.0,63.0,0.0,1,0,0,0,0.0,15.0,13.0,0.6666666666666666,23.0,12.8,0.6,52.0,81.0,5.333333333333333,5.2,0.4,4.0,
2025,11,5,5,10.0,5.0,70,Finished,+1:02.396,russell,RUS,63,George,Russell,British,mercedes,Mercedes,German,Austrian Grand Prix,2025-06-29,red_bull_ring,Red Bull Ring,Austria,5.0,64.763,64.763,-1.0,,0.0,0.0,3.0,0,10,4.0,136.0,1.0,0,0,0,0,0.0,37.0,5.333333333333333,0.3333333333333333,58.0,5.2,0.2,52.0,81.0,5.333333333333333,5.2,0.4,0.0,4.0
2025,11,12,12,0.0,13.0,69,Lapped,+27.957,hadjar,HAD,6,Isack,Hadjar,French,rb,RB F1 Team,Italian,Austrian Grand Prix,2025-06-29,red_bull_ring,Red Bull Ring,Austria,13.0,65.226,,-1.0,,0.0,0.0,3.0,0,10,10.0,21.0,0.0,1,0,0,0,0.0,14.0,9.666666666666666,0.6666666666666666,16.0,9.8,0.4,18.0,20.0,9.666666666666666,9.8,0.5,7.0,
2025,11,6,6,8.0,6.0,70,Finished,+1:07.754,lawson,LAW,30,Liam,Lawson,New Zealander,rb,RB F1 Team,Italian,Austrian Grand Prix,2025-06-29,red_bull_ring,Red Bull Ring,Austria,6.0,64.926,64.926,-1.0,,0.0,0.0,3.0,0,10,18.0,4.0,0.0,0,0,0,0,0.0,4.0,12.666666666666666,0.6666666666666666,4.0,13.8,0.6,18.0,20.0,9.666666666666666,9.8,0.5,0.0,
2025,11,18,R,0.0,7.0,0,Retired,,max_verstappen,VER,3,Max,Verstappen,Dutch,red_bull,Red Bull,Austrian,Austrian Grand Prix,2025-06-29,red_bull_ring,Red Bull Ring,Austria,7.0,64.929,64.929,-1.0,,0.0,0.0,3.0,0,10,3.0,155.0,2.0,1,0,0,0,0.0,31.0,5.333333333333333,0.0,68.0,4.2,0.0,31.0,70.0,5.333333333333333,4.2,0.2,0.0,2.6666666666666665
2025,11,16,16,0.0,18.0,68,Lapped,+2.979,tsunoda,TSU,22,Yuki,Tsunoda,Japanese,red_bull,Red Bull,Austrian,Austrian Grand Prix,2025-06-29,red_bull_ring,Red Bull Ring,Austria,18.0,65.369,,-1.0,,0.0,0.0,3.0,0,10,15.0,10.0,0.0,1,0,0,0,0.0,0.0,14.0,0.6666666666666666,2.0,12.4,0.4,31.0,70.0,5.333333333333333,4.2,0.2,11.0,16.333333333333332
2025,11,8,8,4.0,8.0,69,Lapped,+1.952,bortoleto,BOR,5,Gabriel,Bortoleto,Brazilian,sauber,Sauber,Swiss,Austrian Grand Prix,2025-06-29,red_bull_ring,Red Bull Ring,Austria,8.0,65.132,65.132,-1.0,,0.0,0.0,3.0,0,10,19.0,0.0,0.0,1,0,0,0,0.0,0.0,13.333333333333334,0.6666666666666666,0.0,15.2,0.6,14.0,14.0,9.0,10.6,0.5,0.0,
2025,11,9,9,2.0,20.0,69,Lapped,+7.720,hulkenberg,HUL,27,Nico,Hülkenberg,German,sauber,Sauber,Swiss,Austrian Grand Prix,2025-06-29,red_bull_ring,Red Bull Ring,Austria,20.0,65.606,,-1.0,,0.0,0.0,3.0,0,10,11.0,20.0,0.0,1,0,0,0,0.0,14.0,9.666666666666666,0.3333333333333333,14.0,11.0,0.4,14.0,14.0,9.0,10.6,0.5,12.0,13.0
2025,11,17,R,0.0,12.0,15,Retired,,albon,ALB,23,Alexander,Albon,Thai,williams,Williams,British,Austrian Grand Prix,2025-06-29,red_bull_ring,Red Bull Ring,Austria,12.0,65.205,,-1.0,,0.0,0.0,3.0,0,10,8.0,42.0,0.0,1,0,0,0,0.0,2.0,16.0,1.0,22.0,11.6,0.6,4.0,30.0,11.0,8.6,0.5,0.0,12.666666666666666
2025,11,20,W,0.0,19.0,0,Did not start,,sainz,SAI,55,Carlos,Sainz,Spanish,williams,Williams,British,Austrian Grand Prix,2025-06-29,red_bull_ring,Red Bull Ring,Austria,19.0,65.582,,-1.0,,0.0,0.0,3.0,0,10,13.0,13.0,0.0,1,0,0,0,0.0,2.0,11.333333333333334,0.6666666666666666,8.0,10.2,0.4,4.0,30.0,11.0,8.6,0.5,7.0,9.0
2025,12,20,W,0.0,20.0,0,Did not start,,colapinto,COL,43,Franco,Colapinto,Argentine,alpine,Alpine F1 Team,French,British Grand Prix,2025-07-06,silverstone,Silverstone Circuit,UK,20.0,87.06,,-1.0,,12.1,12.1,63.0,1,11,20.0,0.0,0.0,1,0,0,0,0.0,0.0,14.333333333333334,0.6666666666666666,0.0,14.4,0.6,4.0,4.0,11.333333333333334,12.0,0.6,10.0,
2025,12,6,6,8.0,8.0,52,Finished,+59.857,gasly,GAS,10,Pierre,Gasly,French,alpine,Alpine F1 Team,French,British Grand Prix,2025-07-06,silverstone,Silverstone Circuit,UK,10.0,85.785,85.785,-1.0,,12.1,12.1,63.0,1,11,16.0,11.0,0.0,0,0,0,0,-2.0,4.0,12.0,0.6666666666666666,4.0,13.8,0.6,4.0,4.0,11.333333333333334,12.0,0.6,0.0,18.0
2025,12,9,9,2.0,7.0,52,Finished,+1:05.858,alonso,ALO,14,Fernando,Alonso,Spanish,aston_martin,Aston Martin,British,British Grand Prix,2025-07-06,silverstone,Silverstone Circuit,UK,9.0,85.621,85.621,-1.0,,12.1,12.1,63.0,1,11,13.0,14.0,0.0,0,0,0,0,-2.0,14.0,7.666666666666667,0.3333333333333333,14.0,10.6,0.4,14.0,14.0,7.666666666666667,9.8,0.5,0.0,6.666666666666667
2025,12,7,7,6.0,17.0,52,Finished,+1:00.603,stroll,STR,18,Lance,Stroll,Canadian,aston_martin,Aston Martin,British,British Grand Prix,2025-07-06,silverstone,Silverstone Circuit,UK,18.0,86.504,,-1.0,,12.1,12.1,63.0,1,11,12.0,14.0,0.0,0,0,0,0,-1.0,0.0,15.333333333333334,1.0,0.0,15.4,0.8,14.0,14.0,7.666666666666667,9.8,0.5,9.0,10.666666666666666
2025,12,4,4,12.0,5.0,52,Finished,+39.812,hamilton,HAM,44,Lewis,Hamilton,British,ferrari,Ferrari,Italian,British Grand Prix,2025-07-06,silverstone,Silverstone Circuit,UK,5.0,85.095,85.095,-1.0,,12.1,12.1,63.0,1,11,6.0,91.0,0.0,0,0,0,0,0.0,28.0,5.333333333333333,0.0,50.0,5.0,0.0,68.0,116.0,3.6666666666666665,3.4,0.0,0.0,2.3333333333333335
2025,12,14,14,0.0,6.0,52,Finished,+1:24.477,leclerc,LEC,16,Charles,Leclerc,Monegasque,ferrari,Ferrari,Italian,British Grand Prix,2025-07-06,silverstone,Silverstone Circuit,UK,6.0,85.121,85.121,-1.0,,12.1,12.1,63.0,1,11,5.0,119.0,0.0,0,0,0,0,0.0,40.0,3.6666666666666665,0.0,66.0,3.8,0.0,68.0,116.0,3.6666666666666665,3.4,0.0,1.0,9.0
2025,12,11,11,0.0,18.0,52,Finished,+1:12.095,bearman,BEA,87,Oliver,Bearman,British,haas,Haas F1 Team,American,British Grand Prix,2025-07-06,silverstone,Silverstone Circuit,UK,8.0,85.471,85.471,-1.0,,12.1,12.1,63.0,1,11,18.0,6.0,0.0,0,0,0,0,10.0,0.0,13.0,0.6666666666666666,0.0,13.6,0.6,3.0,9.0,11.666666666666666,11.8,0.7,0.0,
2025,12,13,13,0.0,14.0,52,Finished,+1:17.301,ocon,OCO,31,Esteban,Ocon,French,haas,Haas F1 Team,American,British Grand Prix,2025-07-06,silverstone,Silverstone Circuit,UK,15.0,85.95,,-1.0,,12.1,12.1,63.0,1,11,9.0,23.0,0.0,0,0,0,0,-1.0,3.0,11.666666666666666,0.6666666666666666,9.0,12.4,0.8,3.0,9.0,11.666666666666666,11.8,0.7,7.0,17.0
2025,12,1,1,25.0,3.0,52,Finished,1:37:15.735,norris,NOR,1,Lando,Norris,British,mclaren,McLaren,British,British Grand Prix,2025-07-06,silverstone,Silverstone Circuit,UK,3.0,85.01,85.01,-1.0,,12.1,12.1,63.0,1,11,2.0,201.0,3.0,0,1,1,0,0.0,43.0,7.0,0.3333333333333333,86.0,4.8,0.2,98.0,171.0,2.0,1.8,0.1,1.0,3.6666666666666665
2025,12,2,2,18.0,2.0,52,Finished,+6.812,piastri,PIA,81,Oscar,Piastri,Australian,mclaren,McLaren,British,British Grand Prix,2025-07-06,silverstone,Silverstone Circuit,UK,2.0,84.995,84.995,-1.0,,12.1,12.1,63.0,1,11,1.0,216.0,5.0,0,0,1,0,0.0,55.0,2.3333333333333335,0.0,85.0,2.6,0.0,98.0,171.0,2.0,1.8,0.1,0.0,4.0
2025,12,16,R,0.0,10.0,23,Retired,,antonelli,ANT,12,Andrea Kimi,Antonelli,Italian,mercedes,Mercedes,German,British Grand Prix,2025-07-06,silverstone,Silverstone Circuit,UK,7.0,85.374,85.374,-1.0,,12.1,12.1,63.0,1,11,7.0,63.0,0.0,1,0,0,0,3.0,15.0,13.333333333333334,0.6666666666666666,15.0,15.4,0.8,62.0,68.0,3.3333333333333335,5.6,0.5,3.0,
2025,12,10,10,1.0,4.0,52,Finished,+1:10.674,russell,RUS,63,George,Russell,British,mercedes,Mercedes,German,British Grand Prix,2025-07-06,silverstone,Silverstone Circuit,UK,4.0,85.029,85.029,-1.0,,12.1,12.1,63.0,1,11,4.0,146.0,1.0,0,0,0,0,0.0,47.0,3.3333333333333335,0.0,53.0,5.6,0.2,62.0,68.0,3.3333333333333335,5.6,0.5,0.0,14.0
2025,12,17,R,0.0,12.0,17,Retired,,hadjar,HAD,6,Isack,Hadjar,French,rb,RB F1 Team,Italian,British Grand Prix,2025-07-06,silverstone,Silverstone Circuit,UK,13.0,85.864,,-1.0,,12.1,12.1,63.0,1,11,11.0,21.0,0.0,1,0,0,0,-1.0,6.0,11.666666666666666,0.6666666666666666,16.0,10.0,0.6,14.0,28.0,9.666666666666666,8.8,0.5,0.0,
2025,12,19,R,0.0,15.0,0,Retired,,lawson,LAW,30,Liam,Lawson,New Zealander,rb,RB F1 Team,Italian,British Grand Prix,2025-07-06,silverstone,Silverstone Circuit,UK,16.0,86.44,,-1.0,,12.1,12.1,63.0,1,11,15.0,12.0,0.0,1,0,0,0,-1.0,8.0,12.0,0.3333333333333333,12.0,11.6,0.4,14.0,28.0,9.666666666666666,8.8,0.5,3.0,
2025,12,5,5,10.0,1.0,52,Finished,+56.781,max_verstappen,VER,3,Max,Verstappen,Dutch,red_bull,Red Bull,Austrian,British Grand Prix,2025-07-06,silverstone,Silverstone Circuit,UK,1.0,84.892,84.892,-1.0,,12.1,12.1,63.0,1,11,3.0,155.0,2.0,0,0,0,0,0.0,19.0,10.0,0.3333333333333333,56.0,7.0,0.2,19.0,57.0,9.333333333333334,6.6,0.4,0.0,3.3333333333333335
2025,12,15,15,0.0,11.0,51,Lapped,+32.250,tsunoda,TSU,22,Yuki,Tsunoda,Japanese,red_bull,Red Bull,Austrian,British Grand Prix,2025-07-06,silverstone,Silverstone Circuit,UK,12.0,85.826,,-1.0,,12.1,12.1,63.0,1,11,17.0,10.0,0.0,1,0,0,0,-1.0,0.0,13.666666666666666,0.6666666666666666,1.0,13.6,0.6,19.0,57.0,9.333333333333334,6.6,0.4,11.0,13.333333333333334
2025,12,18,R,0.0,16.0,3,Retired,,bortoleto,BOR,5,Gabriel,Bortoleto,Brazilian,sauber,Sauber,Swiss,British Grand Prix,2025-07-06,silverstone,Silverstone Circuit,UK,17.0,86.446,,-1.0,,12.1,12.1,63.0,1,11,19.0,4.0,0.0,1,0,0,0,-1.0,4.0,11.333333333333334,0.6666666666666666,4.0,13.2,0.6,20.0,20.0,7.0,9.4,0.5,0.0,
2025,12,3,3,15.0,19.0,52,Finished,+34.742,hulkenberg,HUL,27,Nico,Hülkenberg,German,sauber,Sauber,Swiss,British Grand Prix,2025-07-06,silverstone,Silverstone Circuit,UK,19.0,86.574,,-1.0,,12.1,12.1,63.0,1,11,10.0,22.0,0.0,0,0,1,0,0.0,16.0,7.333333333333333,0.3333333333333333,16.0,10.0,0.4,20.0,20.0,7.0,9.4,0.5,2.0,9.5
2025,12,8,8,4.0,13.0,52,Finished,+1:04.135,albon,ALB,23,Alexander,Albon,Thai,williams,Williams,British,British Grand Prix,2025-07-06,silverstone,Silverstone Circuit,UK,14.0,85.889,,-1.0,,12.1,12.1,63.0,1,11,8.0,42.0,0.0,0,0,0,0,-1.0,0.0,18.666666666666668,1.0,12.0,14.0,0.8,1.0,18.0,13.666666666666666,11.0,0.7,3.0,12.333333333333334
2025,12,12,12,0.0,9.0,52,Finished,+1:16.592,sainz,SAI,55,Carlos,Sainz,Spanish,williams,Williams,British,British Grand Prix,2025-07-06,silverstone,Silverstone Circuit,UK,11.0,85.746,,-1.0,,12.1,12.1,63.0,1,11,14.0,13.0,0.0,0,0,0,0,-2.0,1.0,14.666666666666666,0.6666666666666666,6.0,12.4,0.6,1.0,18.0,13.666666666666666,11.0,0.7,0.0,5.333333333333333
2025,13,19,19,0.0,15.0,44,Finished,+1:35.250,colapinto,COL,43,Franco,Colapinto,Argentine,alpine,Alpine F1 Team,French,Belgian Grand Prix,2025-07-27,spa,Circuit de Spa-Francorchamps,Belgium,17.0,102.02199999999999,,19.0,0.0,11.3,11.3,61.0,1,12,20.0,0.0,0.0,0,0,0,1,-2.0,0.0,16.0,1.0,0.0,15.2,0.8,8.0,12.0,10.666666666666666,10.6,0.7,4.0,
2025,13,10,10,1.0,13.0,44,Finished,+1:12.714,gasly,GAS,10,Pierre,Gasly,French,alpine,Alpine F1 Team,French,Belgian Grand Prix,2025-07-27,spa,Circuit de Spa-Francorchamps,Belgium,13.0,101.63300000000001,,20.0,0.0,11.3,11.3,61.0,1,12,13.0,19.0,0.0,0,0,0,1,0.0,8.0,11.333333333333334,0.6666666666666666,12.0,12.4,0.6,8.0,12.0,10.666666666666666,10.6,0.7,0.0,11.0
2025,13,17,17,0.0,20.0,44,Finished,+1:27.924,alonso,ALO,14,Fernando,Alonso,Spanish,aston_martin,Aston Martin,British,Belgian Grand Prix,2025-07-27,spa,Circuit de Spa-Francorchamps,Belgium,19.0,102.38499999999999,,14.0,0.0,11.3,11.3,61.0,1,12,14.0,16.0,0.0,0,0,0,1,1.0,14.0,7.666666666666667,0.3333333333333333,16.0,10.2,0.4,20.0,22.0,7.0,9.0,0.5,0.0,6.0
2025,13,14,14,0.0,16.0,44,Finished,+1:19.831,stroll,STR,18,Lance,Stroll,Canadian,aston_martin,Aston Martin,British,Belgian Grand Prix,2025-07-27,spa,Circuit de Spa-Francorchamps,Belgium,20.0,102.50200000000001,,13.0,0.0,11.3,11.3,61.0,1,12,12.0,20.0,0.0,0,0,0,1,-4.0,6.0,12.666666666666666,0.6666666666666666,6.0,13.6,0.6,20.0,22.0,7.0,9.0,0.5,1.0,10.333333333333334
2025,13,7,7,6.0,18.0,44,Finished,+40.679,hamilton,HAM,44,Lewis,Hamilton,British,ferrari,Ferrari,Italian,Belgian Grand Prix,2025-07-27,spa,Circuit de Spa-Francorchamps,Belgium,16.0,101.939,,15.0,0.0,11.3,11.3,61.0,1,12,6.0,103.0,0.0,0,0,0,1,2.0,32.0,4.666666666666667,0.0,50.0,5.0,0.0,57.0,108.0,4.0,3.4,0.0,13.0,8.333333333333334
2025,13,3,3,15.0,3.0,44,Finished,+20.185,leclerc,LEC,16,Charles,Leclerc,Monegasque,ferrari,Ferrari,Italian,Belgian Grand Prix,2025-07-27,spa,Circuit de Spa-Francorchamps,Belgium,3.0,100.9,100.9,4.0,5.0,11.3,11.3,61.0,1,12,5.0,119.0,0.0,0,0,1,1,0.0,25.0,7.333333333333333,0.0,58.0,5.4,0.0,57.0,108.0,4.0,3.4,0.0,0.0,4.0
2025,13,11,11,0.0,12.0,44,Finished,+1:13.145,bearman,BEA,87,Oliver,Bearman,British,haas,Haas F1 Team,American,Belgian Grand Prix,2025-07-27,spa,Circuit de Spa-Francorchamps,Belgium,12.0,101.61699999999999,,7.0,2.0,11.3,11.3,61.0,1,12,18.0,6.0,0.0,0,0,0,1,0.0,0.0,11.0,0.6666666666666666,0.0,12.4,0.6,3.0,9.0,10.0,10.6,0.6,1.0,
2025,13,15,15,0.0,11.0,44,Finished,+1:26.063,ocon,OCO,31,Esteban,Ocon,French,haas,Haas F1 Team,American,Belgian Grand Prix,2025-07-27,spa,Circuit de Spa-Francorchamps,Belgium,11.0,101.525,,5.0,4.0,11.3,11.3,61.0,1,12,10.0,23.0,0.0,0,0,0,1,0.0,3.0,10.666666666666666,0.6666666666666666,9.0,11.0,0.6,3.0,9.0,10.0,10.6,0.6,0.0,8.0
2025,13,2,2,18.0,1.0,44,Finished,+3.415,norris,NOR,1,Lando,Norris,British,mclaren,McLaren,British,Belgian Grand Prix,2025-07-27,spa,Circuit de Spa-Francorchamps,Belgium,1.0,100.562,100.562,3.0,6.0,11.3,11.3,61.0,1,12,2.0,226.0,4.0,0,0,1,1,0.0,50.0,6.666666666666667,0.3333333333333333,93.0,4.6,0.2,98.0,181.0,2.0,1.6,0.1,0.0,8.0
2025,13,1,1,25.0,2.0,44,Finished,1:25:22.601,piastri,PIA,81,Oscar,Piastri,Australian,mclaren,McLaren,British,Belgian Grand Prix,2025-07-27,spa,Circuit de Spa-Francorchamps,Belgium,2.0,100.64699999999999,100.64699999999999,2.0,7.0,11.3,11.3,61.0,1,12,1.0,234.0,5.0,0,1,1,1,0.0,48.0,2.6666666666666665,0.0,88.0,2.4,0.0,98.0,181.0,2.0,1.6,0.1,1.0,11.0
2025,13,16,16,0.0,19.0,44,Finished,+1:26.721,antonelli,ANT,12,Andrea Kimi,Antonelli,Italian,mercedes,Mercedes,German,Belgian Grand Prix,2025-07-27,spa,Circuit de Spa-Francorchamps,Belgium,18.0,102.13900000000001,,17.0,0.0,11.3,11.3,61.0,1,12,7.0,63.0,0.0,0,0,0,1,1.0,15.0,12.666666666666666,0.6666666666666666,15.0,14.8,0.8,51.0,63.0,5.333333333333333,6.2,0.5,12.0,
2025,13,5,5,10.0,6.0,44,Finished,+34.863,russell,RUS,63,George,Russell,British,mercedes,Mercedes,German,Belgian Grand Prix,2025-07-27,spa,Circuit de Spa-Francorchamps,Belgium,6.0,101.25999999999999,101.25999999999999,12.0,0.0,11.3,11.3,61.0,1,12,4.0,147.0,1.0,0,0,0,1,0.0,36.0,5.333333333333333,0.0,48.0,6.2,0.2,51.0,63.0,5.333333333333333,6.2,0.5,0.0,10.0
2025,13,20,20,0.0,8.0,43,Lapped,+12.942,hadjar,HAD,6,Isack,Hadjar,French,rb,RB F1 Team,Italian,Belgian Grand Prix,2025-07-27,spa,Circuit de Spa-Francorchamps,Belgium,8.0,101.31,101.31,8.0,1.0,11.3,11.3,61.0,1,12,11.0,21.0,0.0,1,0,0,1,0.0,0.0,15.0,1.0,14.0,11.6,0.8,8.0,26.0,13.0,10.4,0.7,0.0,
2025,13,8,8,4.0,9.0,44,Finished,+52.033,lawson,LAW,30,Liam,Lawson,New Zealander,rb,RB F1 Team,Italian,Belgian Grand Prix,2025-07-27,spa,Circuit de Spa-Francorchamps,Belgium,9.0,101.328,101.328,10.0,0.0,11.3,11.3,61.0,1,12,16.0,12.0,0.0,0,0,0,1,0.0,8.0,14.666666666666666,0.6666666666666666,12.0,12.6,0.6,8.0,26.0,13.0,10.4,0.7,1.0,
2025,13,4,4,12.0,4.0,44,Finished,+21.731,max_verstappen,VER,3,Max,Verstappen,Dutch,red_bull,Red Bull,Austrian,Belgian Grand Prix,2025-07-27,spa,Circuit de Spa-Francorchamps,Belgium,4.0,100.90299999999999,100.90299999999999,1.0,8.0,11.3,11.3,61.0,1,12,3.0,165.0,2.0,0,0,0,1,0.0,28.0,8.333333333333334,0.3333333333333333,41.0,7.8,0.2,28.0,41.0,7.666666666666667,7.4,0.5,0.0,2.0
2025,13,13,13,0.0,7.0,44,Finished,+1:15.395,tsunoda,TSU,22,Yuki,Tsunoda,Japanese,red_bull,Red Bull,Austrian,Belgian Grand Prix,2025-07-27,spa,Circuit de Spa-Francorchamps,Belgium,7.0,101.28399999999999,101.28399999999999,11.0,0.0,11.3,11.3,61.0,1,12,17.0,10.0,0.0,0,0,0,1,0.0,0.0,14.333333333333334,1.0,0.0,14.6,0.8,28.0,41.0,7.666666666666667,7.4,0.5,3.0,13.0
2025,13,9,9,2.0,10.0,44,Finished,+56.434,bortoleto,BOR,5,Gabriel,Bortoleto,Brazilian,sauber,Sauber,Swiss,Belgian Grand Prix,2025-07-27,spa,Circuit de Spa-Francorchamps,Belgium,10.0,102.387,102.387,9.0,0.0,11.3,11.3,61.0,1,12,19.0,4.0,0.0,0,0,0,1,0.0,4.0,13.333333333333334,1.0,4.0,13.2,0.8,25.0,35.0,6.333333333333333,7.6,0.6,0.0,
2025,13,12,12,0.0,14.0,44,Finished,+1:13.628,hulkenberg,HUL,27,Nico,Hülkenberg,German,sauber,Sauber,Swiss,Belgian Grand Prix,2025-07-27,spa,Circuit de Spa-Francorchamps,Belgium,14.0,101.707,,18.0,0.0,11.3,11.3,61.0,1,12,9.0,37.0,0.0,0,0,0,1,0.0,21.0,6.666666666666667,0.3333333333333333,31.0,8.2,0.4,25.0,35.0,6.333333333333333,7.6,0.6,4.0,18.0
2025,13,6,6,8.0,5.0,44,Finished,+39.926,albon,ALB,23,Alexander,Albon,Thai,williams,Williams,British,Belgian Grand Prix,2025-07-27,spa,Circuit de Spa-Francorchamps,Belgium,5.0,101.201,101.201,16.0,0.0,11.3,11.3,61.0,1,12,8.0,46.0,0.0,0,0,0,1,0.0,4.0,15.0,0.6666666666666666,6.0,14.6,0.8,5.0,8.0,11.666666666666666,11.6,0.7,0.0,12.0
2025,13,18,18,0.0,17.0,44,Finished,+1:32.024,sainz,SAI,55,Carlos,Sainz,Spanish,williams,Williams,British,Belgian Grand Prix,2025-07-27,spa,Circuit de Spa-Francorchamps,Belgium,15.0,101.75800000000001,,6.0,3.0,11.3,11.3,61.0,1,12,15.0,13.0,0.0,0,0,0,1,2.0,1.0,14.0,0.6666666666666666,2.0,13.2,0.6,5.0,8.0,11.666666666666666,11.6,0.7,10.0,9.333333333333334
2025,14,18,18,0.0,14.0,69,Lapped,+47.370,colapinto,COL,43,Franco,Colapinto,Argentine,alpine,Alpine F1 Team,French,Hungarian Grand Prix,2025-08-03,hungaroring,Hungaroring,Hungary,14.0,76.15899999999999,,-1.0,,3.1,3.1,55.0,1,13,20.0,0.0,0.0,1,0,0,0,0.0,0.0,18.0,0.6666666666666666,0.0,16.4,0.6,9.0,13.0,9.666666666666666,10.0,0.5,0.0,
2025,14,19,19,0.0,16.0,69,Lapped,+56.344,gasly,GAS,10,Pierre,Gasly,French,alpine,Alpine F1 Team,French,Hungarian Grand Prix,2025-08-03,hungaroring,Hungaroring,Hungary,17.0,75.966,,-1.0,,3.1,3.1,55.0,1,13,12.0,20.0,0.0,1,0,0,0,-1.0,9.0,9.666666666666666,0.3333333333333333,13.0,10.4,0.4,9.0,13.0,9.666666666666666,10.0,0.5,3.0,17.333333333333332
2025,14,5,5,10.0,5.0,70,Finished,+59.040,alonso,ALO,14,Fernando,Alonso,Spanish,aston_martin,Aston Martin,British,Hungarian Grand Prix,2025-08-03,hungaroring,Hungaroring,Hungary,5.0,75.481,75.481,-1.0,,3.1,3.1,55.0,1,13,15.0,16.0,0.0,0,0,0,0,0.0,8.0,11.0,0.3333333333333333,16.0,9.8,0.2,14.0,22.0,9.333333333333334,8.8,0.3,0.0,9.333333333333334
2025,14,7,7,6.0,6.0,70,Finished,+1:08.174,stroll,STR,18,Lance,Stroll,Canadian,aston_martin,Aston Martin,British,Hungarian Grand Prix,2025-08-03,hungaroring,Hungaroring,Hungary,6.0,75.498,75.498,-1.0,,3.1,3.1,55.0,1,13,13.0,20.0,0.0,0,0,0,0,0.0,6.0,11.666666666666666,0.3333333333333333,6.0,13.4,0.6,14.0,22.0,9.333333333333334,8.8,0.3,1.0,10.333333333333334
2025,14,12,12,0.0,12.0,69,Lapped,+9.861,hamilton,HAM,44,Lewis,Hamilton,British,ferrari,Ferrari,Italian,Hungarian Grand Prix,2025-08-03,hungaroring,Hungaroring,Hungary,12.0,75.702,,-1.0,,3.1,3.1,55.0,1,13,6.0,109.0,0.0,1,0,0,0,0.0,30.0,5.0,0.0,46.0,5.4,0.0,60.0,101.0,3.3333333333333335,3.6,0.0,11.0,3.0
2025,14,4,4,12.0,1.0,70,Finished,+42.560,leclerc,LEC,16,Charles,Leclerc,Monegasque,ferrari,Ferrari,Italian,Hungarian Grand Prix,2025-08-03,hungaroring,Hungaroring,Hungary,1.0,75.372,75.372,-1.0,,3.1,3.1,55.0,1,13,5.0,139.0,0.0,0,0,0,0,0.0,30.0,6.666666666666667,0.0,55.0,5.6,0.0,60.0,101.0,3.3333333333333335,3.6,0.0,0.0,5.666666666666667
2025,14,20,R,0.0,11.0,48,Retired,,bearman,BEA,87,Oliver,Bearman,British,haas,Haas F1 Team,American,Hungarian Grand Prix,2025-08-03,hungaroring,Hungaroring,Hungary,11.0,75.694,,-1.0,,3.1,3.1,55.0,1,13,18.0,8.0,0.0,1,0,0,0,0.0,0.0,11.0,0.3333333333333333,0.0,12.2,0.4,1.0,3.0,10.666666666666666,11.4,0.4,0.0,
2025,14,16,16,0.0,17.0,69,Lapped,+45.258,ocon,OCO,31,Esteban,Ocon,French,haas,Haas F1 Team,American,Hungarian Grand Prix,2025-08-03,hungaroring,Hungaroring,Hungary,18.0,76.023,,-1.0,,3.1,3.1,55.0,1,13,10.0,27.0,0.0,1,0,0,0,-1.0,1.0,12.666666666666666,0.3333333333333333,3.0,12.6,0.4,1.0,3.0,10.666666666666666,11.4,0.4,7.0,15.333333333333334
2025,14,1,1,25.0,3.0,70,Finished,1:35:21.231,norris,NOR,1,Lando,Norris,British,mclaren,McLaren,British,Hungarian Grand Prix,2025-08-03,hungaroring,Hungaroring,Hungary,3.0,75.413,75.413,-1.0,,3.1,3.1,55.0,1,13,2.0,250.0,4.0,0,1,1,0,0.0,68.0,1.3333333333333333,0.0,86.0,4.8,0.2,129.0,184.0,1.0,1.6,0.1,1.0,3.6666666666666665
2025,14,2,2,18.0,2.0,70,Finished,+0.698,piastri,PIA,81,Oscar,Piastri,Australian,mclaren,McLaren,British,Hungarian Grand Prix,2025-08-03,hungaroring,Hungaroring,Hungary,2.0,75.398,75.398,-1.0,,3.1,3.1,55.0,1,13,1.0,266.0,6.0,0,0,1,0,0.0,61.0,1.6666666666666667,0.0,98.0,2.0,0.0,129.0,184.0,1.0,1.6,0.1,0.0,3.0
2025,14,10,10,1.0,15.0,69,Lapped,+7.649,antonelli,ANT,12,Andrea Kimi,Antonelli,Italian,mercedes,Mercedes,German,Hungarian Grand Prix,2025-08-03,hungaroring,Hungaroring,Hungary,15.0,76.386,,-1.0,,3.1,3.1,55.0,1,13,7.0,63.0,0.0,1,0,0,0,0.0,0.0,17.0,0.6666666666666666,15.0,14.4,0.6,21.0,73.0,6.666666666666667,5.0,0.3,11.0,
2025,14,3,3,15.0,4.0,70,Finished,+21.916,russell,RUS,63,George,Russell,British,mercedes,Mercedes,German,Hungarian Grand Prix,2025-08-03,hungaroring,Hungaroring,Hungary,4.0,75.425,75.425,-1.0,,3.1,3.1,55.0,1,13,4.0,157.0,1.0,0,0,1,0,0.0,21.0,6.666666666666667,0.0,58.0,5.0,0.0,21.0,73.0,6.666666666666667,5.0,0.3,0.0,5.666666666666667
2025,14,11,11,0.0,10.0,69,Lapped,+8.500,hadjar,HAD,6,Isack,Hadjar,French,rb,RB F1 Team,Italian,Hungarian Grand Prix,2025-08-03,hungaroring,Hungaroring,Hungary,10.0,75.91499999999999,75.91499999999999,-1.0,,3.1,3.1,55.0,1,13,11.0,22.0,0.0,1,0,0,0,0.0,0.0,16.333333333333332,1.0,6.0,14.4,0.8,12.0,18.0,10.333333333333334,10.8,0.6,1.0,
2025,14,8,8,4.0,9.0,70,Finished,+1:09.451,lawson,LAW,30,Liam,Lawson,New Zealander,rb,RB F1 Team,Italian,Hungarian Grand Prix,2025-08-03,hungaroring,Hungaroring,Hungary,9.0,75.821,75.821,-1.0,,3.1,3.1,55.0,1,13,14.0,16.0,0.0,0,0,0,0,0.0,12.0,11.0,0.3333333333333333,12.0,12.6,0.4,12.0,18.0,10.333333333333334,10.8,0.6,0.0,
2025,14,9,9,2.0,8.0,70,Finished,+1:12.645,max_verstappen,VER,3,Max,Verstappen,Dutch,red_bull,Red Bull,Austrian,Hungarian Grand Prix,2025-08-03,hungaroring,Hungaroring,Hungary,8.0,75.728,75.728,-1.0,,3.1,3.1,55.0,1,13,3.0,185.0,2.0,0,0,0,0,0.0,22.0,9.0,0.3333333333333333,41.0,7.8,0.2,22.0,41.0,8.333333333333334,7.4,0.4,0.0,2.3333333333333335
2025,14,17,17,0.0,20.0,69,Lapped,+46.943,tsunoda,TSU,22,Yuki,Tsunoda,Japanese,red_bull,Red Bull,Austrian,Hungarian Grand Prix,2025-08-03,hungaroring,Hungaroring,Hungary,16.0,75.899,,-1.0,,3.1,3.1,55.0,1,13,17.0,10.0,0.0,1,0,0,0,4.0,0.0,14.666666666666666,0.6666666666666666,0.0,13.8,0.6,22.0,41.0,8.333333333333334,7.4,0.4,8.0,14.333333333333334
2025,14,6,6,8.0,7.0,70,Finished,+1:06.169,bortoleto,BOR,5,Gabriel,Bortoleto,Brazilian,sauber,Sauber,Swiss,Hungarian Grand Prix,2025-08-03,hungaroring,Hungaroring,Hungary,7.0,75.725,75.725,-1.0,,3.1,3.1,55.0,1,13,19.0,6.0,0.0,0,0,0,0,0.0,6.0,11.666666666666666,0.6666666666666666,6.0,12.2,0.6,23.0,37.0,6.666666666666667,6.6,0.4,0.0,
2025,14,13,13,0.0,18.0,69,Lapped,+31.268,hulkenberg,HUL,27,Nico,Hülkenberg,German,sauber,Sauber,Swiss,Hungarian Grand Prix,2025-08-03,hungaroring,Hungaroring,Hungary,19.0,76.081,,-1.0,,3.1,3.1,55.0,1,13,9.0,37.0,0.0,1,0,0,0,-1.0,17.0,8.0,0.3333333333333333,31.0,7.4,0.2,23.0,37.0,6.666666666666667,6.6,0.4,12.0,13.5
2025,14,15,15,0.0,19.0,69,Lapped,+38.111,albon,ALB,23,Alexander,Albon,Thai,williams,Williams,British,Hungarian Grand Prix,2025-08-03,hungaroring,Hungaroring,Hungary,20.0,76.223,,-1.0,,3.1,3.1,55.0,1,13,8.0,54.0,0.0,1,0,0,0,-1.0,12.0,10.333333333333334,0.3333333333333333,12.0,14.0,0.6,12.0,13.0,10.333333333333334,11.0,0.5,7.0,14.0
2025,14,14,14,0.0,13.0,69,Lapped,+33.326,sainz,SAI,55,Carlos,Sainz,Spanish,williams,Williams,British,Hungarian Grand Prix,2025-08-03,hungaroring,Hungaroring,Hungary,13.0,75.781,,-1.0,,3.1,3.1,55.0,1,13,16.0,16.0,0.0,1,0,0,0,0.0,0.0,16.666666666666668,0.3333333333333333,1.0,14.8,0.4,12.0,13.0,10.333333333333334,11.0,0.5,0.0,6.0
2025,15,11,11,0.0,16.0,72,Finished,+14.511,colapinto,COL,43,Franco,Colapinto,Argentine,alpine,Alpine F1 Team,French,Dutch Grand Prix,2025-08-31,zandvoort,Circuit Park Zandvoort,Netherlands,16.0,70.104,,-1.0,,3.4,3.4,55.0,1,14,20.0,0.0,0.0,0,0,0,0,0.0,0.0,19.0,0.6666666666666666,0.0,17.0,0.8,9.0,9.0,11.333333333333334,12.0,0.7,2.0,
2025,15,17,17,0.0,14.0,72,Finished,+23.629,gasly,GAS,10,Pierre,Gasly,French,alpine,Alpine F1 Team,French,Dutch Grand Prix,2025-08-31,zandvoort,Circuit Park Zandvoort,Netherlands,14.0,69.637,,-1.0,,3.4,3.4,55.0,1,14,14.0,20.0,0.0,0,0,0,0,0.0,9.0,11.666666666666666,0.3333333333333333,9.0,12.6,0.6,9.0,9.0,11.333333333333334,12.0,0.7,0.0,7.666666666666667
2025,15,8,8,4.0,10.0,72,Finished,+11.709,alonso,ALO,14,Fernando,Alonso,Spanish,aston_martin,Aston Martin,British,Dutch Grand Prix,2025-08-31,zandvoort,Circuit Park Zandvoort,Netherlands,10.0,69.63,69.63,-1.0,,3.4,3.4,55.0,1,14,11.0,26.0,0.0,0,0,0,0,0.0,12.0,10.333333333333334,0.0,24.0,9.0,0.2,24.0,36.0,8.666666666666666,8.0,0.3,0.0,6.0
2025,15,7,7,6.0,19.0,72,Finished,+9.497,stroll,STR,18,Lance,Stroll,Canadian,aston_martin,Aston Martin,British,Dutch Grand Prix,2025-08-31,zandvoort,Circuit Park Zandvoort,Netherlands,20.0,,,-1.0,,3.4,3.4,55.0,1,14,12.0,26.0,0.0,0,0,0,0,-1.0,12.0,9.333333333333334,0.0,12.0,11.8,0.4,24.0,36.0,8.666666666666666,8.0,0.3,10.0,11.333333333333334
2025,15,20,R,0.0,7.0,22,Retired,,hamilton,HAM,44,Lewis,Hamilton,British,ferrari,Ferrari,Italian,Dutch Grand Prix,2025-08-31,zandvoort,Circuit Park Zandvoort,Netherlands,7.0,69.39,69.39,-1.0,,3.4,3.4,55.0,1,14,6.0,109.0,0.0,1,0,0,0,0.0,18.0,7.666666666666667,0.3333333333333333,38.0,6.6,0.2,45.0,90.0,3.6666666666666665,3.8,0.1,1.0,6.0
2025,15,19,R,0.0,6.0,52,Retired,,leclerc,LEC,16,Charles,Leclerc,Monegasque,ferrari,Ferrari,Italian,Dutch Grand Prix,2025-08-31,zandvoort,Circuit Park Zandvoort,Netherlands,6.0,69.34,69.34,-1.0,,3.4,3.4,55.0,1,14,5.0,151.0,0.0,1,0,0,0,0.0,27.0,7.0,0.0,52.0,5.8,0.0,45.0,90.0,3.6666666666666665,3.8,0.1,0.0,8.333333333333334
2025,15,6,6,8.0,20.0,72,Finished,+9.044,bearman,BEA,87,Oliver,Bearman,British,haas,Haas F1 Team,American,Dutch Grand Prix,2025-08-31,zandvoort,Circuit Park Zandvoort,Netherlands,19.0,70.262,,-1.0,,3.4,3.4,55.0,1,14,19.0,8.0,0.0,0,0,0,0,1.0,0.0,14.0,0.3333333333333333,0.0,12.8,0.6,0.0,3.0,12.666666666666666,11.4,0.6,1.0,
2025,15,10,10,1.0,18.0,72,Finished,+14.063,ocon,OCO,31,Esteban,Ocon,French,haas,Haas F1 Team,American,Dutch Grand Prix,2025-08-31,zandvoort,Circuit Park Zandvoort,Netherlands,18.0,70.197,,-1.0,,3.4,3.4,55.0,1,14,10.0,27.0,0.0,0,0,0,0,0.0,0.0,14.666666666666666,0.3333333333333333,3.0,12.6,0.6,0.0,3.0,12.666666666666666,11.4,0.6,0.0,11.333333333333334
2025,15,18,18,0.0,2.0,64,Retired,,norris,NOR,1,Lando,Norris,British,mclaren,McLaren,British,Dutch Grand Prix,2025-08-31,zandvoort,Circuit Park Zandvoort,Netherlands,2.0,68.674,68.674,-1.0,,3.4,3.4,55.0,1,14,2.0,275.0,5.0,1,0,0,0,0.0,68.0,1.3333333333333333,0.0,93.0,4.6,0.2,129.0,184.0,1.0,1.6,0.1,1.0,5.0
2025,15,1,1,25.0,1.0,72,Finished,1:38:29.849,piastri,PIA,81,Oscar,Piastri,Australian,mclaren,McLaren,British,Dutch Grand Prix,2025-08-31,zandvoort,Circuit Park Zandvoort,Netherlands,1.0,68.662,68.662,-1.0,,3.4,3.4,55.0,1,14,1.0,284.0,6.0,0,1,1,0,0.0,61.0,1.6666666666666667,0.0,91.0,2.2,0.0,129.0,184.0,1.0,1.6,0.1,0.0,6.5
2025,15,16,16,0.0,11.0,72,Finished,+22.029,antonelli,ANT,12,Andrea Kimi,Antonelli,Italian,mercedes,Mercedes,German,Dutch Grand Prix,2025-08-31,zandvoort,Circuit Park Zandvoort,Netherlands,11.0,69.493,,-1.0,,3.4,3.4,55.0,1,14,7.0,64.0,0.0,0,0,0,0,0.0,1.0,14.0,0.6666666666666666,16.0,12.8,0.6,27.0,77.0,6.0,4.8,0.3,6.0,
2025,15,4,4,12.0,5.0,72,Finished,+5.654,russell,RUS,63,George,Russell,British,mercedes,Mercedes,German,Dutch Grand Prix,2025-08-31,zandvoort,Circuit Park Zandvoort,Netherlands,5.0,69.255,69.255,-1.0,,3.4,3.4,55.0,1,14,4.0,172.0,1.0,0,0,0,0,0.0,26.0,6.0,0.0,61.0,4.8,0.0,27.0,77.0,6.0,4.8,0.3,0.0,8.666666666666666
2025,15,3,3,15.0,4.0,72,Finished,+3.233,hadjar,HAD,6,Isack,Hadjar,French,rb,RB F1 Team,Italian,Dutch Grand Prix,2025-08-31,zandvoort,Circuit Park Zandvoort,Netherlands,4.0,69.208,69.208,-1.0,,3.4,3.4,55.0,1,14,13.0,22.0,0.0,0,0,1,0,0.0,0.0,16.0,1.0,0.0,15.2,1.0,8.0,16.0,11.0,11.0,0.7,0.0,
2025,15,12,12,0.0,8.0,72,Finished,+17.063,lawson,LAW,30,Liam,Lawson,New Zealander,rb,RB F1 Team,Italian,Dutch Grand Prix,2025-08-31,zandvoort,Circuit Park Zandvoort,Netherlands,8.0,69.5,69.5,-1.0,,3.4,3.4,55.0,1,14,15.0,20.0,0.0,0,0,0,0,0.0,8.0,11.666666666666666,0.3333333333333333,16.0,12.0,0.4,8.0,16.0,11.0,11.0,0.7,4.0,13.0
2025,15,2,2,18.0,3.0,72,Finished,+1.271,max_verstappen,VER,3,Max,Verstappen,Dutch,red_bull,Red Bull,Austrian,Dutch Grand Prix,2025-08-31,zandvoort,Circuit Park Zandvoort,Netherlands,3.0,68.925,68.925,-1.0,,3.4,3.4,55.0,1,14,3.0,187.0,2.0,0,0,1,0,0.0,24.0,6.0,0.0,42.0,7.6,0.2,24.0,42.0,6.0,7.2,0.5,0.0,1.3333333333333333
2025,15,9,9,2.0,12.0,72,Finished,+13.597,tsunoda,TSU,22,Yuki,Tsunoda,Japanese,red_bull,Red Bull,Austrian,Dutch Grand Prix,2025-08-31,zandvoort,Circuit Park Zandvoort,Netherlands,12.0,69.622,,-1.0,,3.4,3.4,55.0,1,14,18.0,10.0,0.0,0,0,0,0,0.0,0.0,15.0,0.6666666666666666,0.0,14.6,0.8,24.0,42.0,6.0,7.2,0.5,9.0,17.333333333333332
2025,15,15,15,0.0,13.0,72,Finished,+21.565,bortoleto,BOR,5,Gabriel,Bortoleto,Brazilian,sauber,Sauber,Swiss,Dutch Grand Prix,2025-08-31,zandvoort,Circuit Park Zandvoort,Netherlands,13.0,69.622,,-1.0,,3.4,3.4,55.0,1,14,17.0,14.0,0.0,0,0,0,0,0.0,10.0,11.0,0.3333333333333333,14.0,11.0,0.6,25.0,35.0,6.0,6.8,0.5,0.0,
2025,15,14,14,0.0,17.0,72,Finished,+19.725,hulkenberg,HUL,27,Nico,Hülkenberg,German,sauber,Sauber,Swiss,Dutch Grand Prix,2025-08-31,zandvoort,Circuit Park Zandvoort,Netherlands,17.0,70.195,,-1.0,,3.4,3.4,55.0,1,14,9.0,37.0,0.0,0,0,0,0,0.0,15.0,9.333333333333334,0.3333333333333333,21.0,9.0,0.4,25.0,35.0,6.0,6.8,0.5,4.0,11.5
2025,15,5,5,10.0,15.0,72,Finished,+6.327,albon,ALB,23,Alexander,Albon,Thai,williams,Williams,British,Dutch Grand Prix,2025-08-31,zandvoort,Circuit Park Zandvoort,Netherlands,15.0,69.652,,-1.0,,3.4,3.4,55.0,1,14,8.0,54.0,0.0,0,0,0,0,0.0,12.0,9.666666666666666,0.3333333333333333,12.0,13.2,0.6,12.0,13.0,9.333333333333334,11.0,0.6,6.0,11.333333333333334
2025,15,13,13,0.0,9.0,72,Finished,+17.376,sainz,SAI,55,Carlos,Sainz,Spanish,williams,Williams,British,Dutch Grand Prix,2025-08-31,zandvoort,Circuit Park Zandvoort,Netherlands,9.0,69.505,69.505,-1.0,,3.4,3.4,55.0,1,14,16.0,16.0,0.0,0,0,0,0,0.0,0.0,14.666666666666666,0.3333333333333333,1.0,14.8,0.6,12.0,13.0,9.333333333333334,11.0,0.6,0.0,6.0
2025,16,17,17,0.0,17.0,52,Lapped,+7.448,colapinto,COL,43,Franco,Colapinto,Argentine,alpine,Alpine F1 Team,French,Italian Grand Prix,2025-09-07,monza,Autodromo Nazionale di Monza,Italy,18.0,79.992,,-1.0,,0.0,0.0,3.0,0,15,20.0,0.0,0.0,1,0,0,0,-1.0,0.0,16.0,0.3333333333333333,0.0,16.6,0.6,1.0,9.0,13.0,11.6,0.5,0.0,12.0
2025,16,16,16,0.0,20.0,52,Lapped,+5.837,gasly,GAS,10,Pierre,Gasly,French,alpine,Alpine F1 Team,French,Italian Grand Prix,2025-09-07,monza,Autodromo Nazionale di Monza,Italy,19.0,80.10300000000001,,-1.0,,0.0,0.0,3.0,0,15,14.0,20.0,0.0,1,0,0,0,1.0,1.0,15.333333333333334,0.3333333333333333,9.0,13.0,0.4,1.0,9.0,13.0,11.6,0.5,1.0,12.666666666666666
2025,16,19,R,0.0,8.0,24,Retired,,alonso,ALO,14,Fernando,Alonso,Spanish,aston_martin,Aston Martin,British,Italian Grand Prix,2025-09-07,monza,Autodromo Nazionale di Monza,Italy,9.0,79.424,79.424,-1.0,,0.0,0.0,3.0,0,15,12.0,30.0,0.0,1,0,0,0,-1.0,14.0,10.0,0.0,22.0,9.2,0.2,26.0,40.0,8.666666666666666,8.0,0.2,0.0,13.0
2025,16,18,18,0.0,16.0,52,Lapped,+9.301,stroll,STR,18,Lance,Stroll,Canadian,aston_martin,Aston Martin,British,Italian Grand Prix,2025-09-07,monza,Autodromo Nazionale di Monza,Italy,17.0,79.94800000000001,,-1.0,,0.0,0.0,3.0,0,15,11.0,32.0,0.0,1,0,0,0,-1.0,12.0,9.333333333333334,0.0,18.0,9.8,0.2,26.0,40.0,8.666666666666666,8.0,0.2,8.0,17.666666666666668
2025,16,6,6,8.0,10.0,53,Finished,+37.449,hamilton,HAM,44,Lewis,Hamilton,British,ferrari,Ferrari,Italian,Italian Grand Prix,2025-09-07,monza,Autodromo Nazionale di Monza,Italy,5.0,79.124,79.124,-1.0,,0.0,0.0,3.0,0,15,6.0,109.0,0.0,0,0,0,0,5.0,6.0,13.0,0.6666666666666666,30.0,9.4,0.4,33.0,72.0,8.666666666666666,6.6,0.3,1.0,5.333333333333333
2025,16,4,4,12.0,4.0,53,Finished,+25.624,leclerc,LEC,16,Charles,Leclerc,Monegasque,ferrari,Ferrari,Italian,Italian Grand Prix,2025-09-07,monza,Autodromo Nazionale di Monza,Italy,4.0,79.007,79.007,-1.0,,0.0,0.0,3.0,0,15,5.0,151.0,0.0,0,0,0,0,0.0,27.0,8.666666666666666,0.3333333333333333,42.0,8.6,0.2,33.0,72.0,8.666666666666666,6.6,0.3,0.0,2.3333333333333335
2025,16,12,12,0.0,11.0,53,Finished,+1:19.288,bearman,BEA,87,Oliver,Bearman,British,haas,Haas F1 Team,American,Italian Grand Prix,2025-09-07,monza,Autodromo Nazionale di Monza,Italy,11.0,79.446,,-1.0,,0.0,0.0,3.0,0,15,16.0,16.0,0.0,0,0,0,0,0.0,8.0,12.333333333333334,0.3333333333333333,8.0,11.8,0.4,9.0,10.0,11.0,10.8,0.4,0.0,
2025,16,15,15,0.0,15.0,52,Lapped,+2.135,ocon,OCO,31,Esteban,Ocon,French,haas,Haas F1 Team,American,Italian Grand Prix,2025-09-07,monza,Autodromo Nazionale di Monza,Italy,15.0,79.707,,-1.0,,0.0,0.0,3.0,0,15,13.0,28.0,0.0,1,0,0,0,0.0,1.0,13.666666666666666,0.3333333333333333,2.0,12.8,0.4,9.0,10.0,11.0,10.8,0.4,4.0,14.666666666666666
2025,16,2,2,18.0,2.0,53,Finished,+19.207,norris,NOR,1,Lando,Norris,British,mclaren,McLaren,British,Italian Grand Prix,2025-09-07,monza,Autodromo Nazionale di Monza,Italy,2.0,78.869,78.869,-1.0,,0.0,0.0,3.0,0,15,2.0,275.0,5.0,0,0,1,0,0.0,43.0,7.0,0.3333333333333333,93.0,4.6,0.2,111.0,197.0,1.0,1.0,0.1,0.0,6.0
2025,16,3,3,15.0,3.0,53,Finished,+21.351,piastri,PIA,81,Oscar,Piastri,Australian,mclaren,McLaren,British,Italian Grand Prix,2025-09-07,monza,Autodromo Nazionale di Monza,Italy,3.0,78.982,78.982,-1.0,,0.0,0.0,3.0,0,15,1.0,309.0,7.0,0,0,1,0,0.0,68.0,1.3333333333333333,0.0,104.0,1.6,0.0,111.0,197.0,1.0,1.0,0.1,1.0,7.0
2025,16,9,9,2.0,6.0,53,Finished,+59.762,antonelli,ANT,12,Andrea Kimi,Antonelli,Italian,mercedes,Mercedes,German,Italian Grand Prix,2025-09-07,monza,Autodromo Nazionale di Monza,Italy,7.0,79.2,79.2,-1.0,,0.0,0.0,3.0,0,15,7.0,64.0,0.0,0,0,0,0,-1.0,1.0,14.0,0.3333333333333333,1.0,15.4,0.6,38.0,49.0,4.0,5.4,0.3,1.0,
2025,16,5,5,10.0,5.0,53,Finished,+32.881,russell,RUS,63,George,Russell,British,mercedes,Mercedes,German,Italian Grand Prix,2025-09-07,monza,Autodromo Nazionale di Monza,Italy,6.0,79.157,79.157,-1.0,,0.0,0.0,3.0,0,15,4.0,184.0,1.0,0,0,0,0,-1.0,37.0,4.0,0.0,48.0,5.4,0.0,38.0,49.0,4.0,5.4,0.3,0.0,5.0
2025,16,10,10,1.0,19.0,53,Finished,+1:03.891,hadjar,HAD,6,Isack,Hadjar,French,rb,RB F1 Team,Italian,Italian Grand Prix,2025-09-07,monza,Autodromo Nazionale di Monza,Italy,16.0,79.917,,-1.0,,0.0,0.0,3.0,0,15,10.0,37.0,0.0,0,0,0,0,3.0,15.0,11.333333333333334,0.6666666666666666,15.0,12.6,0.8,23.0,31.0,6.333333333333333,8.4,0.5,0.0,
2025,16,14,14,0.0,18.0,53,Finished,+1:22.351,lawson,LAW,30,Liam,Lawson,New Zealander,rb,RB F1 Team,Italian,Italian Grand Prix,2025-09-07,monza,Autodromo Nazionale di Monza,Italy,20.0,80.279,,-1.0,,0.0,0.0,3.0,0,15,15.0,20.0,0.0,0,0,0,0,-2.0,8.0,9.333333333333334,0.0,16.0,10.6,0.2,23.0,31.0,6.333333333333333,8.4,0.5,4.0,11.0
2025,16,1,1,25.0,1.0,53,Finished,1:13:24.325,max_verstappen,VER,3,Max,Verstappen,Dutch,red_bull,Red Bull,Austrian,Italian Grand Prix,2025-09-07,monza,Autodromo Nazionale di Monza,Italy,1.0,78.792,78.792,-1.0,,0.0,0.0,3.0,0,15,3.0,205.0,2.0,0,1,1,0,0.0,32.0,5.0,0.0,42.0,7.6,0.2,34.0,44.0,5.0,7.2,0.4,0.0,2.6666666666666665
2025,16,13,13,0.0,9.0,53,Finished,+1:20.701,tsunoda,TSU,22,Yuki,Tsunoda,Japanese,red_bull,Red Bull,Austrian,Italian Grand Prix,2025-09-07,monza,Autodromo Nazionale di Monza,Italy,10.0,79.519,79.519,-1.0,,0.0,0.0,3.0,0,15,19.0,12.0,0.0,0,0,0,0,-1.0,2.0,13.0,0.3333333333333333,2.0,14.0,0.6,34.0,44.0,5.0,7.2,0.4,9.0,18.0
2025,16,8,8,4.0,7.0,53,Finished,+58.484,bortoleto,BOR,5,Gabriel,Bortoleto,Brazilian,sauber,Sauber,Swiss,Italian Grand Prix,2025-09-07,monza,Autodromo Nazionale di Monza,Italy,8.0,79.39,79.39,-1.0,,0.0,0.0,3.0,0,15,18.0,14.0,0.0,0,0,0,0,-1.0,10.0,10.0,0.0,14.0,11.2,0.4,10.0,31.0,9.666666666666666,8.0,0.4,0.0,
2025,16,20,W,0.0,12.0,0,Did not start,,hulkenberg,HUL,27,Nico,Hülkenberg,German,sauber,Sauber,Swiss,Italian Grand Prix,2025-09-07,monza,Autodromo Nazionale di Monza,Italy,12.0,79.498,,-1.0,,0.0,0.0,3.0,0,15,9.0,37.0,0.0,1,0,0,0,0.0,0.0,13.0,0.3333333333333333,17.0,10.2,0.4,10.0,31.0,9.666666666666666,8.0,0.4,4.0,17.0
2025,16,7,7,6.0,14.0,53,Finished,+50.537,albon,ALB,23,Alexander,Albon,Thai,williams,Williams,British,Italian Grand Prix,2025-09-07,monza,Autodromo Nazionale di Monza,Italy,14.0,79.583,,-1.0,,0.0,0.0,3.0,0,15,8.0,64.0,0.0,0,0,0,0,0.0,18.0,8.666666666666666,0.3333333333333333,22.0,10.2,0.4,18.0,22.0,8.333333333333334,10.0,0.4,1.0,8.0
2025,16,11,11,0.0,13.0,53,Finished,+1:04.469,sainz,SAI,55,Carlos,Sainz,Spanish,williams,Williams,British,Italian Grand Prix,2025-09-07,monza,Autodromo Nazionale di Monza,Italy,13.0,79.52799999999999,,-1.0,,0.0,0.0,3.0,0,15,17.0,16.0,0.0,0,0,0,0,0.0,0.0,15.0,0.3333333333333333,0.0,15.4,0.4,18.0,22.0,8.333333333333334,10.0,0.4,0.0,3.6666666666666665
2025,17,19,19,0.0,16.0,50,Lapped,+6.325,colapinto,COL,43,Franco,Colapinto,Argentine,alpine,Alpine F1 Team,French,Azerbaijan Grand Prix,2025-09-21,baku,Baku City Circuit,Azerbaijan,16.0,102.779,,-1.0,,0.8,0.8,51.0,0,16,20.0,0.0,0.0,1,0,0,0,0.0,0.0,15.333333333333334,0.6666666666666666,0.0,17.0,0.6,0.0,9.0,15.0,12.2,0.5,0.0,8.0
2025,17,18,18,0.0,18.0,50,Lapped,+3.865,gasly,GAS,10,Pierre,Gasly,French,alpine,Alpine F1 Team,French,Azerbaijan Grand Prix,2025-09-21,baku,Baku City Circuit,Azerbaijan,18.0,103.13900000000001,,-1.0,,0.8,0.8,51.0,0,16,14.0,20.0,0.0,1,0,0,0,0.0,0.0,17.333333333333332,0.6666666666666666,9.0,13.6,0.4,0.0,9.0,15.0,12.2,0.5,2.0,10.333333333333334
2025,17,15,15,0.0,11.0,51,Finished,+1:18.707,alonso,ALO,14,Fernando,Alonso,Spanish,aston_martin,Aston Martin,British,Azerbaijan Grand Prix,2025-09-21,baku,Baku City Circuit,Azerbaijan,11.0,101.857,,-1.0,,0.8,0.8,51.0,0,16,12.0,30.0,0.0,0,0,0,0,0.0,14.0,10.666666666666666,0.3333333333333333,16.0,11.6,0.2,26.0,34.0,10.0,10.2,0.2,0.0,5.666666666666667
2025,17,17,17,0.0,14.0,51,Finished,+1:36.392,stroll,STR,18,Lance,Stroll,Canadian,aston_martin,Aston Martin,British,Azerbaijan Grand Prix,2025-09-21,baku,Baku City Circuit,Azerbaijan,14.0,103.061,,-1.0,,0.8,0.8,51.0,0,16,11.0,32.0,0.0,0,0,0,0,0.0,12.0,10.666666666666666,0.3333333333333333,18.0,10.6,0.2,26.0,34.0,10.0,10.2,0.2,3.0,14.0
2025,17,8,8,4.0,12.0,51,Finished,+36.310,hamilton,HAM,44,Lewis,Hamilton,British,ferrari,Ferrari,Italian,Azerbaijan Grand Prix,2025-09-21,baku,Baku City Circuit,Azerbaijan,12.0,102.18299999999999,,-1.0,,0.8,0.8,51.0,0,16,6.0,117.0,0.0,0,0,0,0,0.0,8.0,12.666666666666666,0.6666666666666666,26.0,9.8,0.4,32.0,65.0,9.0,6.8,0.3,2.0,6.333333333333333
2025,17,9,9,2.0,10.0,51,Finished,+36.774,leclerc,LEC,16,Charles,Leclerc,Monegasque,ferrari,Ferrari,Italian,Azerbaijan Grand Prix,2025-09-21,baku,Baku City Circuit,Azerbaijan,10.0,101.519,,-1.0,,0.8,0.8,51.0,0,16,5.0,163.0,0.0,0,0,0,0,0.0,24.0,9.0,0.3333333333333333,39.0,8.8,0.2,32.0,65.0,9.0,6.8,0.3,0.0,8.0
2025,17,12,12,0.0,15.0,51,Finished,+1:08.262,bearman,BEA,87,Oliver,Bearman,British,haas,Haas F1 Team,American,Azerbaijan Grand Prix,2025-09-21,baku,Baku City Circuit,Azerbaijan,15.0,102.666,,-1.0,,0.8,0.8,51.0,0,16,17.0,16.0,0.0,0,0,0,0,0.0,8.0,12.666666666666666,0.3333333333333333,8.0,12.0,0.2,9.0,9.0,11.333333333333334,11.2,0.3,0.0,10.0
2025,17,14,14,0.0,20.0,51,Finished,+1:17.580,ocon,OCO,31,Esteban,Ocon,French,haas,Haas F1 Team,American,Azerbaijan Grand Prix,2025-09-21,baku,Baku City Circuit,Azerbaijan,20.0,,,-1.0,,0.8,0.8,51.0,0,16,13.0,28.0,0.0,0,0,0,0,0.0,1.0,13.666666666666666,0.6666666666666666,1.0,13.8,0.4,9.0,9.0,11.333333333333334,11.2,0.3,5.0,13.333333333333334
2025,17,7,7,6.0,7.0,51,Finished,+34.227,norris,NOR,1,Lando,Norris,British,mclaren,McLaren,British,Azerbaijan Grand Prix,2025-09-21,baku,Baku City Circuit,Azerbaijan,7.0,102.239,102.239,-1.0,,0.8,0.8,51.0,0,16,2.0,293.0,5.0,0,0,0,0,0.0,43.0,7.0,0.3333333333333333,86.0,4.8,0.2,101.0,187.0,1.3333333333333333,1.2,0.1,0.0,7.333333333333333
2025,17,20,R,0.0,9.0,0,Retired,,piastri,PIA,81,Oscar,Piastri,Australian,mclaren,McLaren,British,Azerbaijan Grand Prix,2025-09-21,baku,Baku City Circuit,Azerbaijan,9.0,101.414,,-1.0,,0.8,0.8,51.0,0,16,1.0,324.0,7.0,1,0,0,0,0.0,58.0,2.0,0.0,101.0,1.8,0.0,101.0,187.0,1.3333333333333333,1.2,0.1,2.0,6.0
2025,17,4,4,12.0,4.0,51,Finished,+21.760,antonelli,ANT,12,Andrea Kimi,Antonelli,Italian,mercedes,Mercedes,German,Azerbaijan Grand Prix,2025-09-21,baku,Baku City Circuit,Azerbaijan,4.0,101.717,101.717,-1.0,,0.8,0.8,51.0,0,16,8.0,66.0,0.0,0,0,0,0,0.0,3.0,11.666666666666666,0.3333333333333333,3.0,13.4,0.4,40.0,51.0,4.0,5.4,0.2,0.0,
2025,17,2,2,18.0,5.0,51,Finished,+14.609,russell,RUS,63,George,Russell,British,mercedes,Mercedes,German,Azerbaijan Grand Prix,2025-09-21,baku,Baku City Circuit,Azerbaijan,5.0,102.07,102.07,-1.0,,0.8,0.8,51.0,0,16,4.0,194.0,1.0,0,0,1,0,0.0,37.0,4.0,0.0,48.0,5.4,0.0,40.0,51.0,4.0,5.4,0.2,1.0,4.666666666666667
2025,17,10,10,1.0,8.0,51,Finished,+38.982,hadjar,HAD,6,Isack,Hadjar,French,rb,RB F1 Team,Italian,Azerbaijan Grand Prix,2025-09-21,baku,Baku City Circuit,Azerbaijan,8.0,102.372,102.372,-1.0,,0.8,0.8,51.0,0,16,9.0,38.0,0.0,0,0,0,0,0.0,16.0,8.0,0.3333333333333333,16.0,12.2,0.6,20.0,24.0,7.0,9.2,0.4,5.0,
2025,17,5,5,10.0,3.0,51,Finished,+33.290,lawson,LAW,30,Liam,Lawson,New Zealander,rb,RB F1 Team,Italian,Azerbaijan Grand Prix,2025-09-21,baku,Baku City Circuit,Azerbaijan,3.0,101.707,101.707,-1.0,,0.8,0.8,51.0,0,16,15.0,20.0,0.0,0,0,0,0,0.0,4.0,11.333333333333334,0.0,8.0,12.2,0.2,20.0,24.0,7.0,9.2,0.4,0.0,
2025,17,1,1,25.0,1.0,51,Finished,1:33:26.408,max_verstappen,VER,3,Max,Verstappen,Dutch,red_bull,Red Bull,Austrian,Azerbaijan Grand Prix,2025-09-21,baku,Baku City Circuit,Azerbaijan,1.0,101.11699999999999,101.11699999999999,-1.0,,0.8,0.8,51.0,0,16,3.0,230.0,3.0,0,1,1,0,0.0,45.0,4.0,0.0,67.0,4.2,0.0,47.0,69.0,4.0,4.2,0.2,0.0,2.6666666666666665
2025,17,6,6,8.0,6.0,51,Finished,+33.808,tsunoda,TSU,22,Yuki,Tsunoda,Japanese,red_bull,Red Bull,Austrian,Azerbaijan Grand Prix,2025-09-21,baku,Baku City Circuit,Azerbaijan,6.0,102.143,102.143,-1.0,,0.8,0.8,51.0,0,16,19.0,12.0,0.0,0,0,0,0,0.0,2.0,13.0,0.3333333333333333,2.0,13.4,0.4,47.0,69.0,4.0,4.2,0.2,5.0,14.333333333333334
2025,17,11,11,0.0,13.0,51,Finished,+1:07.606,bortoleto,BOR,5,Gabriel,Bortoleto,Brazilian,sauber,Sauber,Swiss,Azerbaijan Grand Prix,2025-09-21,baku,Baku City Circuit,Azerbaijan,13.0,102.277,,-1.0,,0.8,0.8,51.0,0,16,16.0,18.0,0.0,0,0,0,0,0.0,12.0,9.666666666666666,0.0,14.0,11.2,0.2,12.0,29.0,9.333333333333334,8.0,0.3,0.0,
2025,17,16,16,0.0,17.0,51,Finished,+1:20.237,hulkenberg,HUL,27,Nico,Hülkenberg,German,sauber,Sauber,Swiss,Azerbaijan Grand Prix,2025-09-21,baku,Baku City Circuit,Azerbaijan,17.0,102.916,,-1.0,,0.8,0.8,51.0,0,16,10.0,37.0,0.0,0,0,0,0,0.0,0.0,15.666666666666666,0.6666666666666666,15.0,12.4,0.4,12.0,29.0,9.333333333333334,8.0,0.3,4.0,14.0
2025,17,13,13,0.0,19.0,51,Finished,+1:12.870,albon,ALB,23,Alexander,Albon,Thai,williams,Williams,British,Azerbaijan Grand Prix,2025-09-21,baku,Baku City Circuit,Azerbaijan,19.0,103.77799999999999,,-1.0,,0.8,0.8,51.0,0,16,7.0,70.0,0.0,0,0,0,0,0.0,16.0,9.0,0.3333333333333333,28.0,8.2,0.2,16.0,28.0,8.666666666666666,8.0,0.2,17.0,10.333333333333334
2025,17,3,3,15.0,2.0,51,Finished,+19.199,sainz,SAI,55,Carlos,Sainz,Spanish,williams,Williams,British,Azerbaijan Grand Prix,2025-09-21,baku,Baku City Circuit,Azerbaijan,2.0,101.595,101.595,-1.0,,0.8,0.8,51.0,0,16,18.0,16.0,0.0,0,0,1,0,0.0,0.0,12.666666666666666,0.3333333333333333,0.0,13.6,0.2,16.0,28.0,8.666666666666666,8.0,0.2,0.0,14.333333333333334
2025,18,16,16,0.0,16.0,61,Lapped,+42.890,colapinto,COL,43,Franco,Colapinto,Argentine,alpine,Alpine F1 Team,French,Singapore Grand Prix,2025-10-05,marina_bay,Marina Bay Street Circuit,Singapore,16.0,90.982,,-1.0,,1.8,1.8,61.0,1,17,20.0,0.0,0.0,1,0,0,0,0.0,0.0,15.666666666666666,0.6666666666666666,0.0,16.8,0.6,0.0,1.0,15.0,14.6,0.6,0.0,11.0
2025,18,19,19,0.0,19.0,61,Lapped,+47.461,gasly,GAS,10,Pierre,Gasly,French,alpine,Alpine F1 Team,French,Singapore Grand Prix,2025-10-05,marina_bay,Marina Bay Street Circuit,Singapore,18.0,91.261,,-1.0,,1.8,1.8,61.0,1,17,16.0,20.0,0.0,1,0,0,0,1.0,0.0,17.0,0.6666666666666666,1.0,16.0,0.6,0.0,1.0,15.0,14.6,0.6,2.0,11.0
2025,18,7,7,6.0,10.0,62,Finished,+1:20.667,alonso,ALO,14,Fernando,Alonso,Spanish,aston_martin,Aston Martin,British,Singapore Grand Prix,2025-10-05,marina_bay,Marina Bay Street Circuit,Singapore,10.0,89.955,89.955,-1.0,,1.8,1.8,61.0,1,17,14.0,30.0,0.0,0,0,0,0,0.0,4.0,14.0,0.3333333333333333,14.0,12.8,0.2,10.0,26.0,13.333333333333334,11.8,0.2,0.0,13.666666666666666
2025,18,13,13,0.0,15.0,61,Lapped,+24.490,stroll,STR,18,Lance,Stroll,Canadian,aston_martin,Aston Martin,British,Singapore Grand Prix,2025-10-05,marina_bay,Marina Bay Street Circuit,Singapore,15.0,90.949,,-1.0,,1.8,1.8,61.0,1,17,11.0,32.0,0.0,1,0,0,0,0.0,6.0,14.0,0.3333333333333333,12.0,12.6,0.2,10.0,26.0,13.333333333333334,11.8,0.2,5.0,13.333333333333334
2025,18,8,8,4.0,6.0,62,Finished,+1:25.251,hamilton,HAM,44,Lewis,Hamilton,British,ferrari,Ferrari,Italian,Singapore Grand Prix,2025-10-05,marina_bay,Marina Bay Street Circuit,Singapore,6.0,89.688,89.688,-1.0,,1.8,1.8,61.0,1,17,6.0,121.0,0.0,0,0,0,0,0.0,12.0,11.333333333333334,0.3333333333333333,18.0,10.6,0.4,26.0,59.0,10.333333333333334,7.6,0.3,0.0,6.0
2025,18,6,6,8.0,7.0,62,Finished,+45.996,leclerc,LEC,16,Charles,Leclerc,Monegasque,ferrari,Ferrari,Italian,Singapore Grand Prix,2025-10-05,marina_bay,Marina Bay Street Circuit,Singapore,7.0,89.78399999999999,89.78399999999999,-1.0,,1.8,1.8,61.0,1,17,5.0,165.0,0.0,0,0,0,0,0.0,14.0,10.666666666666666,0.3333333333333333,41.0,7.8,0.2,26.0,59.0,10.333333333333334,7.6,0.3,1.0,3.6666666666666665
2025,18,9,9,2.0,9.0,62,Finished,+1:33.527,bearman,BEA,87,Oliver,Bearman,British,haas,Haas F1 Team,American,Singapore Grand Prix,2025-10-05,marina_bay,Marina Bay Street Circuit,Singapore,9.0,89.868,89.868,-1.0,,1.8,1.8,61.0,1,17,19.0,16.0,0.0,0,0,0,0,0.0,8.0,10.0,0.0,8.0,12.2,0.2,9.0,9.0,10.0,11.4,0.3,0.0,
2025,18,18,18,0.0,17.0,61,Lapped,+47.133,ocon,OCO,31,Esteban,Ocon,French,haas,Haas F1 Team,American,Singapore Grand Prix,2025-10-05,marina_bay,Marina Bay Street Circuit,Singapore,17.0,90.989,,-1.0,,1.8,1.8,61.0,1,17,15.0,28.0,0.0,1,0,0,0,0.0,1.0,13.0,0.3333333333333333,1.0,14.0,0.4,9.0,9.0,10.0,11.4,0.3,8.0,15.666666666666666
2025,18,3,3,15.0,5.0,62,Finished,+6.066,norris,NOR,1,Lando,Norris,British,mclaren,McLaren,British,Singapore Grand Prix,2025-10-05,marina_bay,Marina Bay Street Circuit,Singapore,5.0,89.586,89.586,-1.0,,1.8,1.8,61.0,1,17,2.0,299.0,5.0,0,0,1,0,0.0,24.0,9.0,0.3333333333333333,67.0,6.0,0.2,64.0,150.0,3.3333333333333335,2.4,0.2,2.0,2.3333333333333335
2025,18,4,4,12.0,3.0,62,Finished,+8.146,piastri,PIA,81,Oscar,Piastri,Australian,mclaren,McLaren,British,Singapore Grand Prix,2025-10-05,marina_bay,Marina Bay Street Circuit,Singapore,3.0,89.524,89.524,-1.0,,1.8,1.8,61.0,1,17,1.0,324.0,7.0,0,0,0,0,0.0,40.0,8.0,0.3333333333333333,83.0,5.4,0.2,64.0,150.0,3.3333333333333335,2.4,0.2,0.0,5.0
2025,18,5,5,10.0,4.0,62,Finished,+33.681,antonelli,ANT,12,Andrea Kimi,Antonelli,Italian,mercedes,Mercedes,German,Singapore Grand Prix,2025-10-05,marina_bay,Marina Bay Street Circuit,Singapore,4.0,89.537,89.537,-1.0,,1.8,1.8,61.0,1,17,7.0,78.0,0.0,0,0,0,0,0.0,14.0,9.666666666666666,0.0,15.0,11.0,0.2,54.0,80.0,3.6666666666666665,3.8,0.1,3.0,
2025,18,1,1,25.0,1.0,62,Finished,1:40:22.367,russell,RUS,63,George,Russell,British,mercedes,Mercedes,German,Singapore Grand Prix,2025-10-05,marina_bay,Marina Bay Street Circuit,Singapore,1.0,89.158,89.158,-1.0,,1.8,1.8,61.0,1,17,4.0,212.0,1.0,0,1,1,0,0.0,40.0,3.6666666666666665,0.0,65.0,3.8,0.0,54.0,80.0,3.6666666666666665,3.8,0.1,0.0,11.333333333333334
2025,18,11,11,0.0,8.0,61,Lapped,+17.335,hadjar,HAD,6,Isack,Hadjar,French,rb,RB F1 Team,Italian,Singapore Grand Prix,2025-10-05,marina_bay,Marina Bay Street Circuit,Singapore,8.0,89.846,89.846,-1.0,,1.8,1.8,61.0,1,17,9.0,39.0,0.0,1,0,0,0,0.0,17.0,7.666666666666667,0.0,17.0,10.8,0.4,27.0,35.0,6.0,6.8,0.2,0.0,
2025,18,15,15,0.0,12.0,61,Lapped,+27.145,lawson,LAW,30,Liam,Lawson,New Zealander,rb,RB F1 Team,Italian,Singapore Grand Prix,2025-10-05,marina_bay,Marina Bay Street Circuit,Singapore,12.0,90.32,,-1.0,,1.8,1.8,61.0,1,17,13.0,30.0,0.0,1,0,0,0,0.0,10.0,10.333333333333334,0.0,18.0,9.4,0.0,27.0,35.0,6.0,6.8,0.2,4.0,9.0
2025,18,2,2,18.0,2.0,62,Finished,+5.430,max_verstappen,VER,3,Max,Verstappen,Dutch,red_bull,Red Bull,Austrian,Singapore Grand Prix,2025-10-05,marina_bay,Marina Bay Street Circuit,Singapore,2.0,89.34,89.34,-1.0,,1.8,1.8,61.0,1,17,3.0,255.0,4.0,0,0,1,0,0.0,68.0,1.3333333333333333,0.0,82.0,3.4,0.0,78.0,92.0,1.3333333333333333,3.4,0.1,0.0,4.666666666666667
2025,18,12,12,0.0,13.0,61,Lapped,+19.269,tsunoda,TSU,22,Yuki,Tsunoda,Japanese,red_bull,Red Bull,Austrian,Singapore Grand Prix,2025-10-05,marina_bay,Marina Bay Street Circuit,Singapore,13.0,90.35300000000001,,-1.0,,1.8,1.8,61.0,1,17,17.0,20.0,0.0,1,0,0,0,0.0,10.0,9.333333333333334,0.0,10.0,11.6,0.2,78.0,92.0,1.3333333333333333,3.4,0.1,11.0,15.333333333333334
2025,18,17,17,0.0,14.0,61,Lapped,+46.753,bortoleto,BOR,5,Gabriel,Bortoleto,Brazilian,sauber,Sauber,Swiss,Singapore Grand Prix,2025-10-05,marina_bay,Marina Bay Street Circuit,Singapore,14.0,90.82,,-1.0,,1.8,1.8,61.0,1,17,18.0,18.0,0.0,1,0,0,0,0.0,4.0,11.333333333333334,0.0,14.0,9.8,0.0,4.0,14.0,11.0,9.6,0.2,3.0,
2025,18,20,20,0.0,11.0,61,Lapped,+49.040,hulkenberg,HUL,27,Nico,Hülkenberg,German,sauber,Sauber,Swiss,Singapore Grand Prix,2025-10-05,marina_bay,Marina Bay Street Circuit,Singapore,11.0,90.14099999999999,,-1.0,,1.8,1.8,61.0,1,17,10.0,37.0,0.0,1,0,0,0,0.0,0.0,16.666666666666668,0.3333333333333333,0.0,15.0,0.4,4.0,14.0,11.0,9.6,0.2,0.0,11.0
2025,18,14,14,0.0,20.0,61,Lapped,+25.320,albon,ALB,23,Alexander,Albon,Thai,williams,Williams,British,Singapore Grand Prix,2025-10-05,marina_bay,Marina Bay Street Circuit,Singapore,19.0,,,-1.0,,1.8,1.8,61.0,1,17,8.0,70.0,0.0,1,0,0,0,1.0,16.0,8.333333333333334,0.0,24.0,9.2,0.2,31.0,39.0,5.0,7.0,0.2,0.0,16.0
2025,18,10,10,1.0,18.0,61,Lapped,+10.754,sainz,SAI,55,Carlos,Sainz,Spanish,williams,Williams,British,Singapore Grand Prix,2025-10-05,marina_bay,Marina Bay Street Circuit,Singapore,20.0,,,-1.0,,1.8,1.8,61.0,1,17,12.0,31.0,0.0,1,0,0,0,-2.0,15.0,9.0,0.0,15.0,11.8,0.2,31.0,39.0,5.0,7.0,0.2,1.0,3.6666666666666665
2025,19,17,17,0.0,15.0,55,Lapped,+2.307,colapinto,COL,43,Franco,Colapinto,Argentine,alpine,Alpine F1 Team,French,United States Grand Prix,2025-10-19,americas,Circuit of the Americas,USA,15.0,94.044,,14.0,0.0,0.0,0.0,1.0,0,18,20.0,0.0,0.0,1,0,0,1,0.0,0.0,17.333333333333332,1.0,0.0,16.2,0.8,0.0,0.0,16.666666666666668,15.8,0.8,1.0,10.0
2025,19,19,19,0.0,14.0,55,Lapped,+6.155,gasly,GAS,10,Pierre,Gasly,French,alpine,Alpine F1 Team,French,United States Grand Prix,2025-10-19,americas,Circuit of the Americas,USA,14.0,93.65100000000001,,10.0,0.0,0.0,0.0,1.0,0,18,16.0,20.0,0.0,1,0,0,1,0.0,0.0,17.666666666666668,1.0,0.0,17.8,0.8,0.0,0.0,16.666666666666668,15.8,0.8,0.0,10.666666666666666
2025,19,10,10,1.0,10.0,56,Finished,+1:10.001,alonso,ALO,14,Fernando,Alonso,Spanish,aston_martin,Aston Martin,British,United States Grand Prix,2025-10-19,americas,Circuit of the Americas,USA,10.0,93.16,93.16,20.0,0.0,0.0,0.0,1.0,0,18,11.0,36.0,0.0,0,0,0,1,0.0,6.0,13.666666666666666,0.3333333333333333,20.0,10.8,0.2,6.0,32.0,13.333333333333334,10.4,0.3,0.0,12.0
2025,19,12,12,0.0,19.0,56,Finished,+1:14.778,stroll,STR,18,Lance,Stroll,Canadian,aston_martin,Aston Martin,British,United States Grand Prix,2025-10-19,americas,Circuit of the Americas,USA,18.0,94.53999999999999,,17.0,0.0,0.0,0.0,1.0,0,18,13.0,32.0,0.0,0,0,0,1,1.0,0.0,16.0,0.6666666666666666,12.0,12.4,0.4,6.0,32.0,13.333333333333334,10.4,0.3,8.0,13.333333333333334
2025,19,4,4,12.0,5.0,56,Finished,+28.536,hamilton,HAM,44,Lewis,Hamilton,British,ferrari,Ferrari,Italian,United States Grand Prix,2025-10-19,americas,Circuit of the Americas,USA,5.0,92.912,92.912,4.0,5.0,0.0,0.0,1.0,0,18,6.0,125.0,0.0,0,0,0,1,0.0,16.0,7.333333333333333,0.0,16.0,10.8,0.4,38.0,50.0,6.0,8.2,0.3,2.0,13.666666666666666
2025,19,3,3,15.0,3.0,56,Finished,+15.373,leclerc,LEC,16,Charles,Leclerc,Monegasque,ferrari,Ferrari,Italian,United States Grand Prix,2025-10-19,americas,Circuit of the Americas,USA,3.0,92.807,92.807,5.0,4.0,0.0,0.0,1.0,0,18,5.0,173.0,0.0,0,0,1,1,0.0,22.0,6.333333333333333,0.0,34.0,8.4,0.2,38.0,50.0,6.0,8.2,0.3,0.0,8.0
2025,19,9,9,2.0,8.0,56,Finished,+1:04.722,bearman,BEA,87,Oliver,Bearman,British,haas,Haas F1 Team,American,United States Grand Prix,2025-10-19,americas,Circuit of the Americas,USA,8.0,93.13900000000001,93.13900000000001,15.0,0.0,0.0,0.0,1.0,0,18,19.0,18.0,0.0,0,0,0,1,0.0,2.0,11.0,0.0,10.0,11.8,0.2,2.0,11.0,11.0,11.0,0.4,0.0,
2025,19,15,15,0.0,17.0,56,Finished,+1:23.043,ocon,OCO,31,Esteban,Ocon,French,haas,Haas F1 Team,American,United States Grand Prix,2025-10-19,americas,Circuit of the Americas,USA,17.0,94.136,,16.0,0.0,0.0,0.0,1.0,0,18,15.0,28.0,0.0,0,0,0,1,0.0,0.0,15.666666666666666,0.6666666666666666,1.0,14.6,0.6,2.0,11.0,11.0,11.0,0.4,9.0,15.666666666666666
2025,19,2,2,18.0,2.0,56,Finished,+7.959,norris,NOR,1,Lando,Norris,British,mclaren,McLaren,British,United States Grand Prix,2025-10-19,americas,Circuit of the Americas,USA,2.0,92.801,92.801,18.0,0.0,0.0,0.0,1.0,0,18,2.0,314.0,5.0,0,0,1,1,0.0,39.0,4.0,0.0,64.0,6.2,0.2,66.0,134.0,4.0,2.8,0.2,0.0,4.0
2025,19,5,5,10.0,6.0,56,Finished,+29.678,piastri,PIA,81,Oscar,Piastri,Australian,mclaren,McLaren,British,United States Grand Prix,2025-10-19,americas,Circuit of the Americas,USA,6.0,93.084,93.084,19.0,0.0,0.0,0.0,1.0,0,18,1.0,336.0,7.0,0,0,0,1,0.0,27.0,9.0,0.3333333333333333,70.0,6.0,0.2,66.0,134.0,4.0,2.8,0.2,4.0,11.0
2025,19,13,13,0.0,7.0,56,Finished,+1:15.746,antonelli,ANT,12,Andrea Kimi,Antonelli,Italian,mercedes,Mercedes,German,United States Grand Prix,2025-10-19,americas,Circuit of the Americas,USA,7.0,93.114,93.114,8.0,1.0,0.0,0.0,1.0,0,18,7.0,88.0,0.0,0,0,0,1,0.0,24.0,6.0,0.0,25.0,8.8,0.2,77.0,105.0,2.6666666666666665,3.0,0.1,3.0,
2025,19,6,6,8.0,4.0,56,Finished,+33.456,russell,RUS,63,George,Russell,British,mercedes,Mercedes,German,United States Grand Prix,2025-10-19,americas,Circuit of the Americas,USA,4.0,92.826,92.826,2.0,7.0,0.0,0.0,1.0,0,18,4.0,237.0,2.0,0,0,0,1,0.0,53.0,2.6666666666666665,0.0,80.0,3.0,0.0,77.0,105.0,2.6666666666666665,3.0,0.1,0.0,5.333333333333333
2025,19,16,16,0.0,20.0,56,Finished,+1:32.807,hadjar,HAD,6,Isack,Hadjar,French,rb,RB F1 Team,Italian,United States Grand Prix,2025-10-19,americas,Circuit of the Americas,USA,20.0,,,12.0,0.0,0.0,0.0,1.0,0,18,9.0,39.0,0.0,0,0,0,1,0.0,2.0,10.333333333333334,0.3333333333333333,17.0,9.0,0.4,12.0,31.0,8.666666666666666,7.4,0.3,8.0,
2025,19,11,11,0.0,12.0,56,Finished,+1:13.209,lawson,LAW,30,Liam,Lawson,New Zealander,rb,RB F1 Team,Italian,United States Grand Prix,2025-10-19,americas,Circuit of the Americas,USA,12.0,93.36,,9.0,0.0,0.0,0.0,1.0,0,18,14.0,30.0,0.0,0,0,0,1,0.0,10.0,11.333333333333334,0.3333333333333333,14.0,10.8,0.2,12.0,31.0,8.666666666666666,7.4,0.3,0.0,9.0
2025,19,1,1,25.0,1.0,56,Finished,1:34:00.161,max_verstappen,VER,3,Max,Verstappen,Dutch,red_bull,Red Bull,Austrian,United States Grand Prix,2025-10-19,americas,Circuit of the Americas,USA,1.0,92.50999999999999,92.50999999999999,1.0,8.0,0.0,0.0,1.0,0,18,3.0,273.0,4.0,0,1,1,1,0.0,68.0,1.3333333333333333,0.0,88.0,3.0,0.0,76.0,98.0,1.3333333333333333,3.0,0.2,0.0,1.6666666666666667
2025,19,7,7,6.0,13.0,56,Finished,+52.714,tsunoda,TSU,22,Yuki,Tsunoda,Japanese,red_bull,Red Bull,Austrian,United States Grand Prix,2025-10-19,americas,Circuit of the Americas,USA,13.0,93.46600000000001,,7.0,2.0,0.0,0.0,1.0,0,18,17.0,20.0,0.0,0,0,0,1,0.0,8.0,10.333333333333334,0.3333333333333333,10.0,11.4,0.4,76.0,98.0,1.3333333333333333,3.0,0.2,12.0,10.666666666666666
2025,19,18,18,0.0,16.0,55,Lapped,+3.557,bortoleto,BOR,5,Gabriel,Bortoleto,Brazilian,sauber,Sauber,Swiss,United States Grand Prix,2025-10-19,americas,Circuit of the Americas,USA,16.0,94.125,,11.0,0.0,0.0,0.0,1.0,0,18,18.0,18.0,0.0,1,0,0,1,0.0,4.0,12.0,0.3333333333333333,12.0,11.4,0.2,4.0,12.0,12.0,11.2,0.4,5.0,
2025,19,8,8,4.0,11.0,56,Finished,+57.249,hulkenberg,HUL,27,Nico,Hülkenberg,German,sauber,Sauber,Swiss,United States Grand Prix,2025-10-19,americas,Circuit of the Americas,USA,11.0,93.334,,13.0,0.0,0.0,0.0,1.0,0,18,10.0,37.0,0.0,0,0,0,1,0.0,0.0,18.666666666666668,0.6666666666666666,0.0,16.6,0.6,4.0,12.0,12.0,11.2,0.4,0.0,9.5
2025,19,14,14,0.0,18.0,56,Finished,+1:20.000,albon,ALB,23,Alexander,Albon,Thai,williams,Williams,British,United States Grand Prix,2025-10-19,americas,Circuit of the Americas,USA,19.0,94.69,,6.0,3.0,0.0,0.0,1.0,0,18,8.0,70.0,0.0,0,0,0,1,-1.0,6.0,11.333333333333334,0.3333333333333333,16.0,10.8,0.4,22.0,32.0,6.666666666666667,7.8,0.4,10.0,12.666666666666666
2025,19,20,R,0.0,9.0,5,Retired,,sainz,SAI,55,Carlos,Sainz,Spanish,williams,Williams,British,United States Grand Prix,2025-10-19,americas,Circuit of the Americas,USA,9.0,93.15,93.15,3.0,6.0,0.0,0.0,1.0,0,18,12.0,32.0,0.0,1,0,0,1,0.0,16.0,8.0,0.3333333333333333,16.0,10.2,0.4,22.0,32.0,6.666666666666667,7.8,0.4,0.0,8.333333333333334
2025,20,16,16,0.0,20.0,70,Lapped,+44.376,colapinto,COL,43,Franco,Colapinto,Argentine,alpine,Alpine F1 Team,French,Mexico City Grand Prix,2025-10-26,rodriguez,Autódromo Hermanos Rodríguez,Mexico,20.0,77.67,,-1.0,,0.0,0.0,3.0,0,19,20.0,0.0,0.0,1,0,0,0,0.0,0.0,17.333333333333332,1.0,0.0,16.0,0.8,0.0,0.0,17.0,15.6,0.8,2.0,12.0
2025,20,15,15,0.0,18.0,70,Lapped,+44.080,gasly,GAS,10,Pierre,Gasly,French,alpine,Alpine F1 Team,French,Mexico City Grand Prix,2025-10-26,rodriguez,Autódromo Hermanos Rodríguez,Mexico,18.0,77.54599999999999,,-1.0,,0.0,0.0,3.0,0,19,17.0,20.0,0.0,1,0,0,0,0.0,0.0,18.666666666666668,1.0,0.0,17.8,0.8,0.0,0.0,17.0,15.6,0.8,0.0,10.666666666666666
2025,20,18,R,0.0,14.0,34,Retired,,alonso,ALO,14,Fernando,Alonso,Spanish,aston_martin,Aston Martin,British,Mexico City Grand Prix,2025-10-26,rodriguez,Autódromo Hermanos Rodríguez,Mexico,14.0,77.10300000000001,,-1.0,,0.0,0.0,3.0,0,19,12.0,37.0,0.0,1,0,0,0,0.0,7.0,10.666666666666666,0.0,11.0,11.8,0.2,7.0,17.0,10.666666666666666,11.4,0.3,0.0,18.333333333333332
2025,20,14,14,0.0,19.0,70,Lapped,+7.035,stroll,STR,18,Lance,Stroll,Canadian,aston_martin,Aston Martin,British,Mexico City Grand Prix,2025-10-26,rodriguez,Autódromo Hermanos Rodríguez,Mexico,19.0,77.606,,-1.0,,0.0,0.0,3.0,0,19,13.0,32.0,0.0,1,0,0,0,0.0,0.0,14.0,0.3333333333333333,6.0,13.4,0.4,7.0,17.0,10.666666666666666,11.4,0.3,5.0,14.333333333333334
2025,20,8,8,4.0,3.0,71,Finished,+56.446,hamilton,HAM,44,Lewis,Hamilton,British,ferrari,Ferrari,Italian,Mexico City Grand Prix,2025-10-26,rodriguez,Autódromo Hermanos Rodríguez,Mexico,3.0,75.938,75.938,-1.0,,0.0,0.0,3.0,0,19,6.0,142.0,0.0,0,0,0,0,0.0,20.0,6.666666666666667,0.0,28.0,9.2,0.2,45.0,65.0,5.666666666666667,8.0,0.2,1.0,2.6666666666666665
2025,20,2,2,18.0,2.0,71,Finished,+30.324,leclerc,LEC,16,Charles,Leclerc,Monegasque,ferrari,Ferrari,Italian,Mexico City Grand Prix,2025-10-26,rodriguez,Autódromo Hermanos Rodríguez,Mexico,2.0,75.848,75.848,-1.0,,0.0,0.0,3.0,0,19,5.0,192.0,0.0,0,0,1,0,0.0,25.0,6.0,0.0,37.0,8.2,0.2,45.0,65.0,5.666666666666667,8.0,0.2,0.0,4.0
2025,20,4,4,12.0,9.0,71,Finished,+40.955,bearman,BEA,87,Oliver,Bearman,British,haas,Haas F1 Team,American,Mexico City Grand Prix,2025-10-26,rodriguez,Autódromo Hermanos Rodríguez,Mexico,10.0,76.46000000000001,76.46000000000001,-1.0,,0.0,0.0,3.0,0,19,18.0,20.0,0.0,0,0,0,0,-1.0,4.0,10.0,0.0,12.0,9.6,0.0,4.0,13.0,10.0,9.6,0.2,0.0,
2025,20,9,9,2.0,11.0,71,Finished,+1:15.464,ocon,OCO,31,Esteban,Ocon,French,haas,Haas F1 Team,American,Mexico City Grand Prix,2025-10-26,rodriguez,Autódromo Hermanos Rodríguez,Mexico,12.0,76.837,,-1.0,,0.0,0.0,3.0,0,19,15.0,28.0,0.0,0,0,0,0,-1.0,0.0,15.666666666666666,0.3333333333333333,1.0,14.4,0.4,4.0,13.0,10.0,9.6,0.2,2.0,10.333333333333334
2025,20,1,1,25.0,1.0,71,Finished,1:37:58.574,norris,NOR,1,Lando,Norris,British,mclaren,McLaren,British,Mexico City Grand Prix,2025-10-26,rodriguez,Autódromo Hermanos Rodríguez,Mexico,1.0,75.586,75.586,-1.0,,0.0,0.0,3.0,0,19,2.0,332.0,5.0,0,1,1,0,0.0,39.0,4.0,0.0,57.0,6.4,0.2,61.0,119.0,4.0,3.0,0.2,0.0,5.333333333333333
2025,20,5,5,10.0,7.0,71,Finished,+42.065,piastri,PIA,81,Oscar,Piastri,Australian,mclaren,McLaren,British,Mexico City Grand Prix,2025-10-26,rodriguez,Autódromo Hermanos Rodríguez,Mexico,8.0,76.174,76.174,-1.0,,0.0,0.0,3.0,0,19,1.0,346.0,7.0,0,0,0,0,-1.0,22.0,9.666666666666666,0.3333333333333333,62.0,6.6,0.2,61.0,119.0,4.0,3.0,0.2,7.0,8.0
2025,20,6,6,8.0,6.0,71,Finished,+47.837,antonelli,ANT,12,Andrea Kimi,Antonelli,Italian,mercedes,Mercedes,German,Mexico City Grand Prix,2025-10-26,rodriguez,Autódromo Hermanos Rodríguez,Mexico,6.0,76.118,76.118,-1.0,,0.0,0.0,3.0,0,19,7.0,89.0,0.0,0,0,0,0,0.0,22.0,7.333333333333333,0.0,24.0,9.4,0.0,73.0,97.0,3.0,3.6,0.0,2.0,
2025,20,7,7,6.0,4.0,71,Finished,+50.287,russell,RUS,63,George,Russell,British,mercedes,Mercedes,German,Mexico City Grand Prix,2025-10-26,rodriguez,Autódromo Hermanos Rodríguez,Mexico,4.0,76.03399999999999,76.03399999999999,-1.0,,0.0,0.0,3.0,0,19,4.0,252.0,2.0,0,0,0,0,0.0,51.0,3.0,0.0,73.0,3.6,0.0,73.0,97.0,3.0,3.6,0.0,0.0,5.0
2025,20,13,13,0.0,8.0,70,Lapped,+6.656,hadjar,HAD,6,Isack,Hadjar,French,rb,RB F1 Team,Italian,Mexico City Grand Prix,2025-10-26,rodriguez,Autódromo Hermanos Rodríguez,Mexico,9.0,76.252,76.252,-1.0,,0.0,0.0,3.0,0,19,10.0,39.0,0.0,1,0,0,0,-1.0,1.0,12.333333333333334,0.3333333333333333,17.0,10.0,0.2,11.0,27.0,9.0,8.0,0.2,0.0,
2025,20,20,R,0.0,15.0,5,Retired,,lawson,LAW,30,Liam,Lawson,New Zealander,rb,RB F1 Team,Italian,Mexico City Grand Prix,2025-10-26,rodriguez,Autódromo Hermanos Rodríguez,Mexico,15.0,78.072,,-1.0,,0.0,0.0,3.0,0,19,14.0,30.0,0.0,1,0,0,0,0.0,10.0,10.333333333333334,0.3333333333333333,10.0,11.4,0.2,11.0,27.0,9.0,8.0,0.2,6.0,16.0
2025,20,3,3,15.0,5.0,71,Finished,+31.049,max_verstappen,VER,3,Max,Verstappen,Dutch,red_bull,Red Bull,Austrian,Mexico City Grand Prix,2025-10-26,rodriguez,Autódromo Hermanos Rodríguez,Mexico,5.0,76.07,76.07,-1.0,,0.0,0.0,3.0,0,19,3.0,306.0,5.0,0,0,1,0,0.0,68.0,1.3333333333333333,0.0,111.0,1.4,0.0,82.0,127.0,1.3333333333333333,1.4,0.1,0.0,2.6666666666666665
2025,20,11,11,0.0,10.0,71,Finished,+1:19.048,tsunoda,TSU,22,Yuki,Tsunoda,Japanese,red_bull,Red Bull,Austrian,Mexico City Grand Prix,2025-10-26,rodriguez,Autódromo Hermanos Rodríguez,Mexico,11.0,76.816,,-1.0,,0.0,0.0,3.0,0,19,16.0,28.0,0.0,0,0,0,0,-1.0,14.0,8.333333333333334,0.3333333333333333,16.0,9.4,0.2,82.0,127.0,1.3333333333333333,1.4,0.1,6.0,17.333333333333332
2025,20,10,10,1.0,16.0,71,Finished,+1:16.863,bortoleto,BOR,5,Gabriel,Bortoleto,Brazilian,sauber,Sauber,Swiss,Mexico City Grand Prix,2025-10-26,rodriguez,Autódromo Hermanos Rodríguez,Mexico,16.0,77.412,,-1.0,,0.0,0.0,3.0,0,19,19.0,18.0,0.0,0,0,0,0,0.0,0.0,15.333333333333334,0.6666666666666666,4.0,13.8,0.4,4.0,8.0,12.0,11.6,0.4,3.0,
2025,20,19,R,0.0,13.0,25,Retired,,hulkenberg,HUL,27,Nico,Hülkenberg,German,sauber,Sauber,Swiss,Mexico City Grand Prix,2025-10-26,rodriguez,Autódromo Hermanos Rodríguez,Mexico,13.0,77.01599999999999,,-1.0,,0.0,0.0,3.0,0,19,9.0,41.0,0.0,1,0,0,0,0.0,4.0,14.666666666666666,0.3333333333333333,4.0,15.6,0.4,4.0,8.0,12.0,11.6,0.4,0.0,11.0
2025,20,12,12,0.0,17.0,70,Lapped,+2.450,albon,ALB,23,Alexander,Albon,Thai,williams,Williams,British,Mexico City Grand Prix,2025-10-26,rodriguez,Autódromo Hermanos Rodríguez,Mexico,17.0,77.49,,-1.0,,0.0,0.0,3.0,0,19,8.0,73.0,0.0,1,0,0,0,0.0,0.0,13.666666666666666,0.3333333333333333,16.0,10.6,0.2,16.0,32.0,9.0,7.8,0.3,10.0,13.333333333333334
2025,20,17,17,0.0,12.0,67,Retired,,sainz,SAI,55,Carlos,Sainz,Spanish,williams,Williams,British,Mexico City Grand Prix,2025-10-26,rodriguez,Autódromo Hermanos Rodríguez,Mexico,7.0,76.172,76.172,-1.0,,0.0,0.0,3.0,0,19,11.0,38.0,0.0,1,0,0,0,5.0,16.0,11.0,0.6666666666666666,16.0,11.4,0.4,16.0,32.0,9.0,7.8,0.3,0.0,3.3333333333333335
2025,21,15,15,0.0,16.0,71,Finished,+57.777,colapinto,COL,43,Franco,Colapinto,Argentine,alpine,Alpine F1 Team,French,São Paulo Grand Prix,2025-11-09,interlagos,Autódromo José Carlos Pace,Brazil,18.0,70.632,,20.0,0.0,2.4,2.4,53.0,1,20,20.0,0.0,0.0,0,0,0,1,-2.0,0.0,16.333333333333332,1.0,0.0,17.0,1.0,0.0,0.0,16.0,16.4,1.0,9.0,17.0
2025,21,10,10,1.0,9.0,71,Finished,+53.914,gasly,GAS,10,Pierre,Gasly,French,alpine,Alpine F1 Team,French,São Paulo Grand Prix,2025-11-09,interlagos,Autódromo José Carlos Pace,Brazil,9.0,70.002,70.002,8.0,1.0,2.4,2.4,53.0,1,20,18.0,20.0,0.0,0,0,0,1,0.0,0.0,17.666666666666668,1.0,0.0,17.4,1.0,0.0,0.0,16.0,16.4,1.0,0.0,8.0
2025,21,14,14,0.0,11.0,71,Finished,+55.766,alonso,ALO,14,Fernando,Alonso,Spanish,aston_martin,Aston Martin,British,São Paulo Grand Prix,2025-11-09,interlagos,Autódromo José Carlos Pace,Brazil,11.0,70.001,,6.0,3.0,2.4,2.4,53.0,1,20,12.0,37.0,0.0,0,0,0,1,0.0,7.0,11.666666666666666,0.3333333333333333,7.0,13.8,0.4,7.0,7.0,10.333333333333334,12.8,0.5,0.0,7.333333333333333
2025,21,16,16,0.0,14.0,71,Finished,+58.247,stroll,STR,18,Lance,Stroll,Canadian,aston_martin,Aston Martin,British,São Paulo Grand Prix,2025-11-09,interlagos,Autódromo José Carlos Pace,Brazil,14.0,70.161,,9.0,0.0,2.4,2.4,53.0,1,20,14.0,32.0,0.0,0,0,0,1,0.0,0.0,13.0,0.6666666666666666,0.0,14.8,0.6,7.0,7.0,10.333333333333334,12.8,0.5,3.0,11.333333333333334
2025,21,18,R,0.0,13.0,37,Retired,,hamilton,HAM,44,Lewis,Hamilton,British,ferrari,Ferrari,Italian,São Paulo Grand Prix,2025-11-09,interlagos,Autódromo José Carlos Pace,Brazil,13.0,70.1,,7.0,2.0,2.4,2.4,53.0,1,20,6.0,146.0,0.0,1,0,0,1,0.0,20.0,6.666666666666667,0.0,32.0,6.8,0.0,61.0,87.0,3.6666666666666665,4.6,0.0,10.0,6.666666666666667
2025,21,19,R,0.0,3.0,5,Retired,,leclerc,LEC,16,Charles,Leclerc,Monegasque,ferrari,Ferrari,Italian,São Paulo Grand Prix,2025-11-09,interlagos,Autódromo José Carlos Pace,Brazil,3.0,69.805,69.805,5.0,4.0,2.4,2.4,53.0,1,20,5.0,210.0,0.0,1,0,0,1,0.0,41.0,3.6666666666666665,0.0,55.0,4.8,0.0,61.0,87.0,3.6666666666666665,4.6,0.0,0.0,9.666666666666666
2025,21,6,6,8.0,8.0,71,Finished,+29.630,bearman,BEA,87,Oliver,Bearman,British,haas,Haas F1 Team,American,São Paulo Grand Prix,2025-11-09,interlagos,Autódromo José Carlos Pace,Brazil,8.0,69.977,69.977,12.0,0.0,2.4,2.4,53.0,1,20,13.0,32.0,0.0,0,0,0,1,0.0,16.0,7.333333333333333,0.0,16.0,9.2,0.0,18.0,18.0,7.333333333333333,9.2,0.2,0.0,12.0
2025,21,12,12,0.0,20.0,71,Finished,+54.696,ocon,OCO,31,Esteban,Ocon,French,haas,Haas F1 Team,American,São Paulo Grand Prix,2025-11-09,interlagos,Autódromo José Carlos Pace,Brazil,17.0,70.438,,11.0,0.0,2.4,2.4,53.0,1,20,16.0,30.0,0.0,0,0,0,1,3.0,2.0,14.0,0.3333333333333333,2.0,14.2,0.4,18.0,18.0,7.333333333333333,9.2,0.2,9.0,6.666666666666667
2025,21,1,1,25.0,1.0,71,Finished,1:32:01.596,norris,NOR,1,Lando,Norris,British,mclaren,McLaren,British,São Paulo Grand Prix,2025-11-09,interlagos,Autódromo José Carlos Pace,Brazil,1.0,69.511,69.511,1.0,8.0,2.4,2.4,53.0,1,20,1.0,357.0,6.0,0,1,1,1,0.0,58.0,2.0,0.0,82.0,3.0,0.0,90.0,129.0,2.0,3.0,0.1,0.0,8.666666666666666
2025,21,5,5,10.0,4.0,71,Finished,+15.749,piastri,PIA,81,Oscar,Piastri,Australian,mclaren,McLaren,British,São Paulo Grand Prix,2025-11-09,interlagos,Autódromo José Carlos Pace,Brazil,4.0,69.886,69.886,19.0,0.0,2.4,2.4,53.0,1,20,2.0,356.0,7.0,0,0,0,1,0.0,32.0,4.666666666666667,0.0,47.0,7.4,0.2,90.0,129.0,2.0,3.0,0.1,3.0,11.0
2025,21,2,2,18.0,2.0,71,Finished,+10.388,antonelli,ANT,12,Andrea Kimi,Antonelli,Italian,mercedes,Mercedes,German,São Paulo Grand Prix,2025-11-09,interlagos,Autódromo José Carlos Pace,Brazil,2.0,69.685,69.685,2.0,7.0,2.4,2.4,53.0,1,20,7.0,97.0,0.0,0,0,1,1,0.0,18.0,8.0,0.0,32.0,7.4,0.0,57.0,99.0,4.333333333333333,4.0,0.0,0.0,
2025,21,4,4,12.0,6.0,71,Finished,+15.267,russell,RUS,63,George,Russell,British,mercedes,Mercedes,German,São Paulo Grand Prix,2025-11-09,interlagos,Autódromo José Carlos Pace,Brazil,6.0,69.94200000000001,69.94200000000001,3.0,6.0,2.4,2.4,53.0,1,20,4.0,258.0,2.0,0,0,0,1,0.0,39.0,4.666666666666667,0.0,67.0,4.2,0.0,57.0,99.0,4.333333333333333,4.0,0.0,4.0,6.666666666666667
2025,21,8,8,4.0,5.0,71,Finished,+52.873,hadjar,HAD,6,Isack,Hadjar,French,rb,RB F1 Team,Italian,São Paulo Grand Prix,2025-11-09,interlagos,Autódromo José Carlos Pace,Brazil,5.0,69.931,69.931,10.0,0.0,2.4,2.4,53.0,1,20,10.0,39.0,0.0,0,0,0,1,0.0,0.0,13.333333333333334,0.6666666666666666,2.0,12.0,0.4,0.0,12.0,11.666666666666666,10.0,0.4,0.0,
2025,21,7,7,6.0,7.0,71,Finished,+52.642,lawson,LAW,30,Liam,Lawson,New Zealander,rb,RB F1 Team,Italian,São Paulo Grand Prix,2025-11-09,interlagos,Autódromo José Carlos Pace,Brazil,7.0,69.962,69.962,16.0,0.0,2.4,2.4,53.0,1,20,15.0,30.0,0.0,0,0,0,1,0.0,0.0,15.333333333333334,0.6666666666666666,10.0,13.0,0.4,0.0,12.0,11.666666666666666,10.0,0.4,2.0,9.0
2025,21,3,3,15.0,19.0,71,Finished,+10.750,max_verstappen,VER,3,Max,Verstappen,Dutch,red_bull,Red Bull,Austrian,São Paulo Grand Prix,2025-11-09,interlagos,Autódromo José Carlos Pace,Brazil,16.0,70.403,,4.0,5.0,2.4,2.4,53.0,1,20,3.0,321.0,5.0,0,0,1,1,3.0,58.0,2.0,0.0,108.0,1.6,0.0,64.0,122.0,2.0,1.6,0.1,0.0,2.6666666666666665
2025,21,17,17,0.0,17.0,71,Finished,+1:09.176,tsunoda,TSU,22,Yuki,Tsunoda,Japanese,red_bull,Red Bull,Austrian,São Paulo Grand Prix,2025-11-09,interlagos,Autódromo José Carlos Pace,Brazil,19.0,70.711,,13.0,0.0,2.4,2.4,53.0,1,20,17.0,28.0,0.0,0,0,0,1,-2.0,6.0,10.0,0.3333333333333333,14.0,9.8,0.2,64.0,122.0,2.0,1.6,0.1,3.0,11.0
2025,21,20,R,0.0,18.0,0,Retired,,bortoleto,BOR,5,Gabriel,Bortoleto,Brazilian,sauber,Sauber,Swiss,São Paulo Grand Prix,2025-11-09,interlagos,Autódromo José Carlos Pace,Brazil,,,,18.0,0.0,2.4,2.4,53.0,1,20,19.0,19.0,0.0,1,0,0,1,,1.0,15.0,0.6666666666666666,5.0,12.8,0.4,5.0,9.0,11.666666666666666,10.8,0.5,,
2025,21,9,9,2.0,10.0,71,Finished,+53.324,hulkenberg,HUL,27,Nico,Hülkenberg,German,sauber,Sauber,Swiss,São Paulo Grand Prix,2025-11-09,interlagos,Autódromo José Carlos Pace,Brazil,10.0,70.039,70.039,15.0,0.0,2.4,2.4,53.0,1,20,9.0,41.0,0.0,0,0,0,1,0.0,4.0,15.666666666666666,0.6666666666666666,4.0,16.6,0.6,5.0,9.0,11.666666666666666,10.8,0.5,0.0,16.0
2025,21,11,11,0.0,12.0,71,Finished,+54.184,albon,ALB,23,Alexander,Albon,Thai,williams,Williams,British,São Paulo Grand Prix,2025-11-09,interlagos,Autódromo José Carlos Pace,Brazil,12.0,70.053,,17.0,0.0,2.4,2.4,53.0,1,20,8.0,73.0,0.0,0,0,0,1,0.0,0.0,13.333333333333334,0.6666666666666666,6.0,12.0,0.4,1.0,22.0,12.0,9.2,0.5,0.0,17.333333333333332
2025,21,13,13,0.0,15.0,71,Finished,+55.420,sainz,SAI,55,Carlos,Sainz,Spanish,williams,Williams,British,São Paulo Grand Prix,2025-11-09,interlagos,Autódromo José Carlos Pace,Brazil,15.0,70.472,,14.0,0.0,2.4,2.4,53.0,1,20,11.0,38.0,0.0,0,0,0,1,0.0,1.0,15.666666666666666,1.0,16.0,12.2,0.6,1.0,22.0,12.0,9.2,0.5,3.0,8.333333333333334
2025,22,15,15,0.0,15.0,49,Lapped,+10.459,colapinto,COL,43,Franco,Colapinto,Argentine,alpine,Alpine F1 Team,French,Las Vegas Grand Prix,2025-11-23,vegas,Las Vegas Strip Street Circuit,USA,15.0,113.68299999999999,,-1.0,,0.0,0.0,3.0,0,21,20.0,0.0,0.0,1,0,0,0,0.0,0.0,16.0,0.6666666666666666,0.0,16.6,0.8,1.0,1.0,14.0,15.2,0.8,5.0,14.0
2025,22,13,13,0.0,10.0,50,Finished,+1:31.702,gasly,GAS,10,Pierre,Gasly,French,alpine,Alpine F1 Team,French,Las Vegas Grand Prix,2025-11-23,vegas,Las Vegas Strip Street Circuit,USA,10.0,111.53999999999999,111.53999999999999,-1.0,,0.0,0.0,3.0,0,21,18.0,22.0,0.0,0,0,0,0,0.0,1.0,14.666666666666666,0.6666666666666666,1.0,16.2,0.8,1.0,1.0,14.0,15.2,0.8,0.0,15.5
2025,22,11,11,0.0,7.0,50,Finished,+1:25.308,alonso,ALO,14,Fernando,Alonso,Spanish,aston_martin,Aston Martin,British,Las Vegas Grand Prix,2025-11-23,vegas,Las Vegas Strip Street Circuit,USA,7.0,109.46600000000001,109.46600000000001,-1.0,,0.0,0.0,3.0,0,21,12.0,40.0,0.0,0,0,0,0,0.0,1.0,14.0,0.3333333333333333,7.0,12.8,0.2,1.0,7.0,12.666666666666666,12.0,0.3,0.0,10.0
2025,22,18,R,0.0,12.0,0,Retired,,stroll,STR,18,Lance,Stroll,Canadian,aston_martin,Aston Martin,British,Las Vegas Grand Prix,2025-11-23,vegas,Las Vegas Strip Street Circuit,USA,12.0,112.85,,-1.0,,0.0,0.0,3.0,0,21,15.0,32.0,0.0,1,0,0,0,0.0,0.0,14.0,0.3333333333333333,0.0,14.4,0.4,1.0,7.0,12.666666666666666,12.0,0.3,5.0,10.0
2025,22,8,8,4.0,19.0,50,Finished,+59.369,hamilton,HAM,44,Lewis,Hamilton,British,ferrari,Ferrari,Italian,Las Vegas Grand Prix,2025-11-23,vegas,Las Vegas Strip Street Circuit,USA,20.0,117.11500000000001,,-1.0,,0.0,0.0,3.0,0,21,6.0,148.0,0.0,0,0,0,0,-1.0,16.0,10.0,0.3333333333333333,24.0,9.2,0.2,49.0,67.0,7.666666666666667,7.4,0.2,11.0,4.5
2025,22,4,4,12.0,9.0,50,Finished,+30.678,leclerc,LEC,16,Charles,Leclerc,Monegasque,ferrari,Ferrari,Italian,Las Vegas Grand Prix,2025-11-23,vegas,Las Vegas Strip Street Circuit,USA,9.0,109.872,109.872,-1.0,,0.0,0.0,3.0,0,21,5.0,214.0,0.0,0,0,0,0,0.0,33.0,8.0,0.3333333333333333,43.0,7.8,0.2,49.0,67.0,7.666666666666667,7.4,0.2,0.0,3.0
2025,22,10,10,1.0,14.0,50,Finished,+1:10.549,bearman,BEA,87,Oliver,Bearman,British,haas,Haas F1 Team,American,Las Vegas Grand Prix,2025-11-23,vegas,Las Vegas Strip Street Circuit,USA,14.0,113.094,,-1.0,,0.0,0.0,3.0,0,21,11.0,40.0,0.0,0,0,0,0,0.0,22.0,6.333333333333333,0.0,24.0,8.0,0.0,24.0,26.0,6.333333333333333,8.0,0.1,1.0,
2025,22,9,9,2.0,13.0,50,Finished,+1:00.635,ocon,OCO,31,Esteban,Ocon,French,haas,Haas F1 Team,American,Las Vegas Grand Prix,2025-11-23,vegas,Las Vegas Strip Street Circuit,USA,13.0,112.987,,-1.0,,0.0,0.0,3.0,0,21,16.0,30.0,0.0,0,0,0,0,0.0,2.0,12.0,0.0,2.0,13.6,0.2,24.0,26.0,6.333333333333333,8.0,0.1,0.0,10.5
2025,22,19,D,0.0,1.0,50,Disqualified,,norris,NOR,1,Lando,Norris,British,mclaren,McLaren,British,Las Vegas Grand Prix,2025-11-23,vegas,Las Vegas Strip Street Circuit,USA,1.0,107.934,107.934,-1.0,,0.0,0.0,3.0,0,21,1.0,390.0,7.0,1,0,0,0,0.0,68.0,1.3333333333333333,0.0,89.0,2.8,0.0,98.0,131.0,1.3333333333333333,2.8,0.1,0.0,13.0
2025,22,20,D,0.0,5.0,50,Disqualified,,piastri,PIA,81,Oscar,Piastri,Australian,mclaren,McLaren,British,Las Vegas Grand Prix,2025-11-23,vegas,Las Vegas Strip Street Circuit,USA,5.0,108.961,108.961,-1.0,,0.0,0.0,3.0,0,21,2.0,366.0,7.0,1,0,0,0,0.0,30.0,5.0,0.0,42.0,7.8,0.2,98.0,131.0,1.3333333333333333,2.8,0.1,4.0,8.5
2025,22,3,3,15.0,17.0,50,Finished,+30.488,antonelli,ANT,12,Andrea Kimi,Antonelli,Italian,mercedes,Mercedes,German,Las Vegas Grand Prix,2025-11-23,vegas,Las Vegas Strip Street Circuit,USA,17.0,116.314,,-1.0,,0.0,0.0,3.0,0,21,7.0,122.0,0.0,0,0,1,0,0.0,26.0,7.0,0.0,48.0,6.0,0.0,52.0,117.0,4.666666666666667,3.4,0.0,13.0,
2025,22,2,2,18.0,4.0,50,Finished,+23.546,russell,RUS,63,George,Russell,British,mercedes,Mercedes,German,Las Vegas Grand Prix,2025-11-23,vegas,Las Vegas Strip Street Circuit,USA,4.0,108.803,108.803,-1.0,,0.0,0.0,3.0,0,21,4.0,276.0,2.0,0,0,1,0,0.0,26.0,5.666666666666667,0.0,69.0,4.0,0.0,52.0,117.0,4.666666666666667,3.4,0.0,0.0,4.5
2025,22,6,6,8.0,8.0,50,Finished,+45.257,hadjar,HAD,6,Isack,Hadjar,French,rb,RB F1 Team,Italian,Las Vegas Grand Prix,2025-11-23,vegas,Las Vegas Strip Street Circuit,USA,8.0,109.554,109.554,-1.0,,0.0,0.0,3.0,0,21,10.0,43.0,0.0,0,0,0,0,0.0,4.0,12.333333333333334,0.3333333333333333,5.0,11.6,0.4,10.0,21.0,10.333333333333334,9.4,0.4,2.0,
2025,22,14,14,0.0,6.0,49,Lapped,+3.291,lawson,LAW,30,Liam,Lawson,New Zealander,rb,RB F1 Team,Italian,Las Vegas Grand Prix,2025-11-23,vegas,Las Vegas Strip Street Circuit,USA,6.0,109.062,109.062,-1.0,,0.0,0.0,3.0,0,21,14.0,36.0,0.0,1,0,0,0,0.0,6.0,12.666666666666666,0.3333333333333333,16.0,11.6,0.4,10.0,21.0,10.333333333333334,9.4,0.4,0.0,16.0
2025,22,1,1,25.0,2.0,50,Finished,1:21:08.429,max_verstappen,VER,3,Max,Verstappen,Dutch,red_bull,Red Bull,Austrian,Las Vegas Grand Prix,2025-11-23,vegas,Las Vegas Strip Street Circuit,USA,2.0,108.257,108.257,-1.0,,0.0,0.0,3.0,0,21,3.0,341.0,5.0,0,1,1,0,0.0,55.0,2.3333333333333335,0.0,98.0,2.0,0.0,61.0,112.0,2.3333333333333335,2.0,0.1,0.0,3.0
2025,22,12,12,0.0,20.0,50,Finished,+1:26.974,tsunoda,TSU,22,Yuki,Tsunoda,Japanese,red_bull,Red Bull,Austrian,Las Vegas Grand Prix,2025-11-23,vegas,Las Vegas Strip Street Circuit,USA,19.0,116.798,,-1.0,,0.0,0.0,3.0,0,21,17.0,28.0,0.0,0,0,0,0,1.0,6.0,11.666666666666666,0.0,14.0,10.6,0.2,61.0,112.0,2.3333333333333335,2.0,0.1,17.0,13.5
2025,22,17,R,0.0,18.0,2,Retired,,bortoleto,BOR,5,Gabriel,Bortoleto,Brazilian,sauber,Sauber,Swiss,Las Vegas Grand Prix,2025-11-23,vegas,Las Vegas Strip Street Circuit,USA,18.0,116.674,,-1.0,,0.0,0.0,3.0,0,21,19.0,19.0,0.0,1,0,0,0,0.0,1.0,16.0,0.6666666666666666,1.0,15.2,0.6,7.0,7.0,9.0,11.0,0.5,7.0,
2025,22,7,7,6.0,11.0,50,Finished,+51.134,hulkenberg,HUL,27,Nico,Hülkenberg,German,sauber,Sauber,Swiss,Las Vegas Grand Prix,2025-11-23,vegas,Las Vegas Strip Street Circuit,USA,11.0,112.781,,-1.0,,0.0,0.0,3.0,0,21,9.0,43.0,0.0,0,0,0,0,0.0,6.0,12.0,0.3333333333333333,6.0,14.4,0.4,7.0,7.0,9.0,11.0,0.5,0.0,13.5
2025,22,16,R,0.0,16.0,35,Retired,,albon,ALB,23,Alexander,Albon,Thai,williams,Williams,British,Las Vegas Grand Prix,2025-11-23,vegas,Las Vegas Strip Street Circuit,USA,16.0,116.22,,-1.0,,0.0,0.0,3.0,0,21,8.0,73.0,0.0,1,0,0,0,0.0,0.0,12.333333333333334,0.3333333333333333,0.0,12.8,0.4,0.0,16.0,12.333333333333334,10.0,0.5,13.0,15.5
2025,22,5,5,10.0,3.0,50,Finished,+34.924,sainz,SAI,55,Carlos,Sainz,Spanish,williams,Williams,British,Las Vegas Grand Prix,2025-11-23,vegas,Las Vegas Strip Street Circuit,USA,3.0,108.29599999999999,108.29599999999999,-1.0,,0.0,0.0,3.0,0,21,13.0,38.0,0.0,0,0,0,0,0.0,0.0,16.666666666666668,0.6666666666666666,16.0,12.6,0.6,0.0,16.0,12.333333333333334,10.0,0.5,0.0,4.5
2025,23,14,14,0.0,20.0,56,Lapped,+3.283,colapinto,COL,43,Franco,Colapinto,Argentine,alpine,Alpine F1 Team,French,Qatar Grand Prix,2025-11-30,losail,Losail International Circuit,Qatar,20.0,81.137,,20.0,0.0,0.0,0.0,2.0,0,22,20.0,0.0,0.0,1,0,0,1,0.0,0.0,15.333333333333334,0.6666666666666666,0.0,15.8,0.8,1.0,1.0,12.666666666666666,14.2,0.7,11.0,19.0
2025,23,16,16,0.0,9.0,56,Lapped,+4.941,gasly,GAS,10,Pierre,Gasly,French,alpine,Alpine F1 Team,French,Qatar Grand Prix,2025-11-30,losail,Losail International Circuit,Qatar,9.0,80.477,80.477,18.0,0.0,0.0,0.0,2.0,0,22,18.0,22.0,0.0,1,0,0,1,0.0,1.0,12.666666666666666,0.3333333333333333,1.0,15.2,0.6,1.0,1.0,12.666666666666666,14.2,0.7,0.0,8.5
2025,23,7,7,6.0,8.0,57,Finished,+54.045,alonso,ALO,14,Fernando,Alonso,Spanish,aston_martin,Aston Martin,British,Qatar Grand Prix,2025-11-30,losail,Losail International Circuit,Qatar,8.0,80.418,80.418,7.0,2.0,0.0,0.0,2.0,0,22,13.0,40.0,0.0,0,0,0,1,0.0,0.0,14.333333333333334,0.3333333333333333,7.0,12.0,0.2,0.0,7.0,13.0,11.2,0.4,0.0,6.5
2025,23,17,17,0.0,18.0,55,Retired,,stroll,STR,18,Lance,Stroll,Canadian,aston_martin,Aston Martin,British,Qatar Grand Prix,2025-11-30,losail,Losail International Circuit,Qatar,19.0,81.05799999999999,,19.0,0.0,0.0,0.0,2.0,0,22,16.0,32.0,0.0,1,0,0,1,-1.0,0.0,16.0,0.6666666666666666,0.0,14.6,0.6,0.0,7.0,13.0,11.2,0.4,11.0,14.5
2025,23,12,12,0.0,17.0,57,Finished,+1:17.730,hamilton,HAM,44,Lewis,Hamilton,British,ferrari,Ferrari,Italian,Qatar Grand Prix,2025-11-30,losail,Losail International Circuit,Qatar,18.0,80.907,,17.0,0.0,0.0,0.0,2.0,0,22,6.0,152.0,0.0,0,0,0,1,-1.0,8.0,11.333333333333334,0.3333333333333333,24.0,9.2,0.2,38.0,77.0,8.0,6.6,0.2,8.0,15.5
2025,23,8,8,4.0,10.0,57,Finished,+56.785,leclerc,LEC,16,Charles,Leclerc,Monegasque,ferrari,Ferrari,Italian,Qatar Grand Prix,2025-11-30,losail,Losail International Circuit,Qatar,10.0,80.561,80.561,13.0,0.0,0.0,0.0,2.0,0,22,5.0,226.0,0.0,0,0,0,1,0.0,30.0,8.333333333333334,0.3333333333333333,53.0,6.8,0.2,38.0,77.0,8.0,6.6,0.2,0.0,3.5
2025,23,19,R,0.0,13.0,41,Retired,,bearman,BEA,87,Oliver,Bearman,British,haas,Haas F1 Team,American,Qatar Grand Prix,2025-11-30,losail,Losail International Circuit,Qatar,13.0,80.438,,12.0,0.0,0.0,0.0,2.0,0,22,12.0,41.0,0.0,1,0,0,1,0.0,21.0,6.666666666666667,0.0,25.0,7.6,0.0,25.0,29.0,6.333333333333333,7.4,0.1,0.0,
2025,23,15,15,0.0,16.0,56,Lapped,+4.253,ocon,OCO,31,Esteban,Ocon,French,haas,Haas F1 Team,American,Qatar Grand Prix,2025-11-30,losail,Losail International Circuit,Qatar,17.0,80.864,,15.0,0.0,0.0,0.0,2.0,0,22,15.0,32.0,0.0,1,0,0,1,-1.0,4.0,10.0,0.0,4.0,12.6,0.2,25.0,29.0,6.333333333333333,7.4,0.1,4.0,13.5
2025,23,4,4,12.0,2.0,57,Finished,+23.315,norris,NOR,1,Lando,Norris,British,mclaren,McLaren,British,Qatar Grand Prix,2025-11-30,losail,Losail International Circuit,Qatar,2.0,79.495,79.495,3.0,6.0,0.0,0.0,2.0,0,22,1.0,390.0,7.0,0,0,0,1,0.0,50.0,7.0,0.3333333333333333,83.0,5.2,0.2,70.0,125.0,7.0,5.2,0.2,1.0,6.5
2025,23,2,2,18.0,1.0,57,Finished,+7.995,piastri,PIA,81,Oscar,Piastri,Australian,mclaren,McLaren,British,Qatar Grand Prix,2025-11-30,losail,Losail International Circuit,Qatar,1.0,79.387,79.387,1.0,8.0,0.0,0.0,2.0,0,22,2.0,366.0,7.0,0,0,1,1,0.0,20.0,10.0,0.3333333333333333,42.0,7.8,0.2,70.0,125.0,7.0,5.2,0.2,0.0,2.5
2025,23,5,5,10.0,5.0,57,Finished,+28.317,antonelli,ANT,12,Andrea Kimi,Antonelli,Italian,mercedes,Mercedes,German,Qatar Grand Prix,2025-11-30,losail,Losail International Circuit,Qatar,5.0,79.846,79.846,6.0,3.0,0.0,0.0,2.0,0,22,7.0,137.0,0.0,0,0,0,1,0.0,41.0,3.6666666666666665,0.0,51.0,5.8,0.0,77.0,120.0,3.3333333333333335,3.4,0.0,1.0,
2025,23,6,6,8.0,4.0,57,Finished,+48.599,russell,RUS,63,George,Russell,British,mercedes,Mercedes,German,Qatar Grand Prix,2025-11-30,losail,Losail International Circuit,Qatar,4.0,79.662,79.662,2.0,7.0,0.0,0.0,2.0,0,22,4.0,294.0,2.0,0,0,0,1,0.0,36.0,4.333333333333333,0.0,69.0,4.0,0.0,77.0,120.0,3.3333333333333335,3.4,0.0,0.0,4.0
2025,23,18,18,0.0,6.0,55,Retired,,hadjar,HAD,6,Isack,Hadjar,French,rb,RB F1 Team,Italian,Qatar Grand Prix,2025-11-30,losail,Losail International Circuit,Qatar,6.0,80.114,80.114,9.0,0.0,0.0,0.0,2.0,0,22,9.0,51.0,0.0,1,0,0,1,0.0,12.0,9.0,0.3333333333333333,12.0,10.8,0.4,18.0,18.0,8.666666666666666,9.6,0.5,0.0,
2025,23,9,9,2.0,12.0,57,Finished,+1:00.073,lawson,LAW,30,Liam,Lawson,New Zealander,rb,RB F1 Team,Italian,Qatar Grand Prix,2025-11-30,losail,Losail International Circuit,Qatar,12.0,80.43299999999999,,14.0,0.0,0.0,0.0,2.0,0,22,14.0,36.0,0.0,0,0,0,1,0.0,6.0,13.666666666666666,0.6666666666666666,6.0,13.4,0.6,18.0,18.0,8.666666666666666,9.6,0.5,6.0,15.5
2025,23,1,1,25.0,3.0,57,Finished,1:24:38.241,max_verstappen,VER,3,Max,Verstappen,Dutch,red_bull,Red Bull,Austrian,Qatar Grand Prix,2025-11-30,losail,Losail International Circuit,Qatar,3.0,79.651,79.651,4.0,5.0,0.0,0.0,2.0,0,22,3.0,366.0,6.0,0,1,1,1,0.0,55.0,2.3333333333333335,0.0,98.0,2.0,0.0,55.0,104.0,2.3333333333333335,2.0,0.1,0.0,1.0
2025,23,10,10,1.0,15.0,57,Finished,+1:01.770,tsunoda,TSU,22,Yuki,Tsunoda,Japanese,red_bull,Red Bull,Austrian,Qatar Grand Prix,2025-11-30,losail,Losail International Circuit,Qatar,16.0,80.761,,5.0,4.0,0.0,0.0,2.0,0,22,17.0,28.0,0.0,0,0,0,1,-1.0,0.0,13.333333333333334,0.0,6.0,11.8,0.2,55.0,104.0,2.3333333333333335,2.0,0.1,13.0,14.0
2025,23,13,13,0.0,19.0,57,Finished,+1:24.812,bortoleto,BOR,5,Gabriel,Bortoleto,Brazilian,sauber,Sauber,Swiss,Qatar Grand Prix,2025-11-30,losail,Losail International Circuit,Qatar,14.0,80.53399999999999,,11.0,0.0,0.0,0.0,2.0,0,22,19.0,19.0,0.0,0,0,0,1,5.0,1.0,15.666666666666666,0.6666666666666666,1.0,16.4,0.8,9.0,13.0,8.666666666666666,10.2,0.6,3.0,
2025,23,20,R,0.0,11.0,6,Retired,,hulkenberg,HUL,27,Nico,Hülkenberg,German,sauber,Sauber,Swiss,Qatar Grand Prix,2025-11-30,losail,Losail International Circuit,Qatar,11.0,80.35300000000001,,16.0,0.0,0.0,0.0,2.0,0,22,10.0,49.0,0.0,1,0,0,1,0.0,8.0,11.666666666666666,0.3333333333333333,12.0,12.6,0.4,9.0,13.0,8.666666666666666,10.2,0.6,0.0,16.0
2025,23,11,11,0.0,14.0,57,Finished,+1:06.931,albon,ALB,23,Alexander,Albon,Thai,williams,Williams,British,Qatar Grand Prix,2025-11-30,losail,Losail International Circuit,Qatar,15.0,80.629,,10.0,0.0,0.0,0.0,2.0,0,22,8.0,73.0,0.0,0,0,0,1,-1.0,0.0,13.0,0.6666666666666666,0.0,13.4,0.6,10.0,11.0,9.333333333333334,10.4,0.6,8.0,14.0
2025,23,3,3,15.0,7.0,57,Finished,+22.665,sainz,SAI,55,Carlos,Sainz,Spanish,williams,Williams,British,Qatar Grand Prix,2025-11-30,losail,Losail International Circuit,Qatar,7.0,80.287,80.287,8.0,1.0,0.0,0.0,2.0,0,22,11.0,48.0,0.0,0,0,1,1,0.0,10.0,11.666666666666666,0.3333333333333333,11.0,13.0,0.6,10.0,11.0,9.333333333333334,10.4,0.6,0.0,13.0
2025,24,20,20,0.0,20.0,57,Lapped,+14.003,colapinto,COL,43,Franco,Colapinto,Argentine,alpine,Alpine F1 Team,French,Abu Dhabi Grand Prix,2025-12-07,yas_marina,Yas Marina Circuit,UAE,20.0,83.89,,-1.0,,0.0,0.0,1.0,0,23,20.0,0.0,0.0,1,0,0,0,0.0,0.0,14.666666666666666,0.6666666666666666,0.0,15.4,0.8,1.0,1.0,12.333333333333334,13.8,0.7,1.0,19.0
2025,24,19,19,0.0,19.0,57,Lapped,+11.908,gasly,GAS,10,Pierre,Gasly,French,alpine,Alpine F1 Team,French,Abu Dhabi Grand Prix,2025-12-07,yas_marina,Yas Marina Circuit,UAE,19.0,83.468,,-1.0,,0.0,0.0,1.0,0,23,18.0,22.0,0.0,1,0,0,0,0.0,1.0,13.0,0.3333333333333333,1.0,14.6,0.6,1.0,1.0,12.333333333333334,13.8,0.7,0.0,11.333333333333334
2025,24,6,6,8.0,6.0,58,Finished,+1:07.562,alonso,ALO,14,Fernando,Alonso,Spanish,aston_martin,Aston Martin,British,Abu Dhabi Grand Prix,2025-12-07,yas_marina,Yas Marina Circuit,UAE,6.0,82.902,82.902,-1.0,,0.0,0.0,1.0,0,23,12.0,48.0,0.0,0,0,0,0,0.0,6.0,10.666666666666666,0.0,7.0,12.0,0.2,6.0,7.0,10.666666666666666,11.2,0.4,0.0,12.0
2025,24,10,10,1.0,15.0,58,Finished,+1:19.523,stroll,STR,18,Lance,Stroll,Canadian,aston_martin,Aston Martin,British,Abu Dhabi Grand Prix,2025-12-07,yas_marina,Yas Marina Circuit,UAE,15.0,83.09700000000001,,-1.0,,0.0,0.0,1.0,0,23,17.0,32.0,0.0,0,0,0,0,0.0,0.0,17.0,0.6666666666666666,0.0,15.4,0.6,6.0,7.0,10.666666666666666,11.2,0.4,9.0,10.666666666666666
2025,24,8,8,4.0,16.0,58,Finished,+1:12.670,hamilton,HAM,44,Lewis,Hamilton,British,ferrari,Ferrari,Italian,Abu Dhabi Grand Prix,2025-12-07,yas_marina,Yas Marina Circuit,UAE,16.0,83.394,,-1.0,,0.0,0.0,1.0,0,23,6.0,152.0,0.0,0,0,0,0,0.0,4.0,12.666666666666666,0.3333333333333333,20.0,10.0,0.2,20.0,69.0,10.0,7.0,0.2,11.0,10.333333333333334
2025,24,4,4,12.0,5.0,58,Finished,+23.279,leclerc,LEC,16,Charles,Leclerc,Monegasque,ferrari,Ferrari,Italian,Abu Dhabi Grand Prix,2025-12-07,yas_marina,Yas Marina Circuit,UAE,5.0,82.73,82.73,-1.0,,0.0,0.0,1.0,0,23,5.0,230.0,0.0,0,0,0,0,0.0,16.0,10.333333333333334,0.3333333333333333,49.0,7.2,0.2,20.0,69.0,10.0,7.0,0.2,0.0,2.3333333333333335
2025,24,12,12,0.0,11.0,58,Finished,+1:21.166,bearman,BEA,87,Oliver,Bearman,British,haas,Haas F1 Team,American,Abu Dhabi Grand Prix,2025-12-07,yas_marina,Yas Marina Circuit,UAE,11.0,83.041,,-1.0,,0.0,0.0,1.0,0,23,13.0,41.0,0.0,0,0,0,0,0.0,9.0,11.666666666666666,0.3333333333333333,23.0,9.6,0.2,11.0,27.0,10.0,8.6,0.2,3.0,
2025,24,7,7,6.0,8.0,58,Finished,+1:09.876,ocon,OCO,31,Esteban,Ocon,French,haas,Haas F1 Team,American,Abu Dhabi Grand Prix,2025-12-07,yas_marina,Yas Marina Circuit,UAE,8.0,82.913,82.913,-1.0,,0.0,0.0,1.0,0,23,16.0,32.0,0.0,0,0,0,0,0.0,2.0,12.0,0.3333333333333333,4.0,12.0,0.2,11.0,27.0,10.0,8.6,0.2,0.0,9.5
2025,24,3,3,15.0,2.0,58,Finished,+16.572,norris,NOR,1,Lando,Norris,British,mclaren,McLaren,British,Abu Dhabi Grand Prix,2025-12-07,yas_marina,Yas Marina Circuit,UAE,2.0,82.408,82.408,-1.0,,0.0,0.0,1.0,0,23,1.0,408.0,7.0,0,0,1,0,0.0,37.0,8.0,0.3333333333333333,80.0,5.4,0.2,65.0,128.0,7.333333333333333,5.0,0.2,0.0,4.0
2025,24,2,2,18.0,3.0,58,Finished,+12.594,piastri,PIA,81,Oscar,Piastri,Australian,mclaren,McLaren,British,Abu Dhabi Grand Prix,2025-12-07,yas_marina,Yas Marina Circuit,UAE,3.0,82.437,82.437,-1.0,,0.0,0.0,1.0,0,23,3.0,392.0,7.0,0,0,1,0,0.0,28.0,9.0,0.3333333333333333,48.0,7.4,0.2,65.0,128.0,7.333333333333333,5.0,0.2,1.0,8.0
2025,24,15,15,0.0,14.0,58,Finished,+1:24.399,antonelli,ANT,12,Andrea Kimi,Antonelli,Italian,mercedes,Mercedes,German,Abu Dhabi Grand Prix,2025-12-07,yas_marina,Yas Marina Circuit,UAE,14.0,83.08,,-1.0,,0.0,0.0,1.0,0,23,7.0,150.0,0.0,0,0,0,0,0.0,43.0,3.3333333333333335,0.0,51.0,5.8,0.0,81.0,103.0,3.0,4.2,0.0,10.0,
2025,24,5,5,10.0,4.0,58,Finished,+48.563,russell,RUS,63,George,Russell,British,mercedes,Mercedes,German,Abu Dhabi Grand Prix,2025-12-07,yas_marina,Yas Marina Circuit,UAE,4.0,82.645,82.645,-1.0,,0.0,0.0,1.0,0,23,4.0,309.0,2.0,0,0,0,0,0.0,38.0,4.0,0.0,52.0,5.0,0.0,81.0,103.0,3.0,4.2,0.0,0.0,4.333333333333333
2025,24,17,17,0.0,9.0,57,Lapped,+1.327,hadjar,HAD,6,Isack,Hadjar,French,rb,RB F1 Team,Italian,Abu Dhabi Grand Prix,2025-12-07,yas_marina,Yas Marina Circuit,UAE,9.0,83.072,83.072,-1.0,,0.0,0.0,1.0,0,23,10.0,51.0,0.0,1,0,0,0,0.0,12.0,10.666666666666666,0.3333333333333333,12.0,12.2,0.4,20.0,20.0,7.333333333333333,9.2,0.4,0.0,
2025,24,18,18,0.0,13.0,57,Lapped,+4.659,lawson,LAW,30,Liam,Lawson,New Zealander,rb,RB F1 Team,Italian,Abu Dhabi Grand Prix,2025-12-07,yas_marina,Yas Marina Circuit,UAE,13.0,83.077,,-1.0,,0.0,0.0,1.0,0,23,14.0,38.0,0.0,1,0,0,0,0.0,8.0,10.0,0.3333333333333333,8.0,12.2,0.4,20.0,20.0,7.333333333333333,9.2,0.4,4.0,17.0
2025,24,1,1,25.0,1.0,58,Finished,1:26:07.469,max_verstappen,VER,3,Max,Verstappen,Dutch,red_bull,Red Bull,Austrian,Abu Dhabi Grand Prix,2025-12-07,yas_marina,Yas Marina Circuit,UAE,1.0,82.207,82.207,-1.0,,0.0,0.0,1.0,0,23,2.0,396.0,7.0,0,1,1,0,0.0,65.0,1.6666666666666667,0.0,105.0,1.8,0.0,66.0,112.0,1.6666666666666667,1.8,0.0,0.0,2.6666666666666665
2025,24,14,14,0.0,10.0,58,Finished,+1:23.794,tsunoda,TSU,22,Yuki,Tsunoda,Japanese,red_bull,Red Bull,Austrian,Abu Dhabi Grand Prix,2025-12-07,yas_marina,Yas Marina Circuit,UAE,10.0,83.03399999999999,,-1.0,,0.0,0.0,1.0,0,23,15.0,33.0,0.0,0,0,0,0,0.0,1.0,13.0,0.0,7.0,11.4,0.0,66.0,112.0,1.6666666666666667,1.8,0.0,9.0,10.333333333333334
2025,24,11,11,0.0,7.0,58,Finished,+1:21.043,bortoleto,BOR,5,Gabriel,Bortoleto,Brazilian,sauber,Sauber,Swiss,Abu Dhabi Grand Prix,2025-12-07,yas_marina,Yas Marina Circuit,UAE,7.0,82.904,82.904,-1.0,,0.0,0.0,1.0,0,23,19.0,19.0,0.0,0,0,0,0,0.0,0.0,16.666666666666668,0.6666666666666666,1.0,15.6,0.6,8.0,13.0,9.666666666666666,9.4,0.5,0.0,
2025,24,9,9,2.0,18.0,58,Finished,+1:19.014,hulkenberg,HUL,27,Nico,Hülkenberg,German,sauber,Sauber,Swiss,Abu Dhabi Grand Prix,2025-12-07,yas_marina,Yas Marina Circuit,UAE,18.0,83.45,,-1.0,,0.0,0.0,1.0,0,23,11.0,49.0,0.0,0,0,0,0,0.0,8.0,12.0,0.3333333333333333,12.0,12.6,0.4,8.0,13.0,9.666666666666666,9.4,0.5,11.0,11.5
2025,24,16,16,0.0,17.0,58,Finished,+1:30.327,albon,ALB,23,Alexander,Albon,Thai,williams,Williams,British,Abu Dhabi Grand Prix,2025-12-07,yas_marina,Yas Marina Circuit,UAE,17.0,83.416,,-1.0,,0.0,0.0,1.0,0,23,8.0,73.0,0.0,0,0,0,0,0.0,0.0,12.666666666666666,0.3333333333333333,0.0,12.8,0.4,25.0,25.0,6.333333333333333,9.0,0.4,5.0,12.666666666666666
2025,24,13,13,0.0,12.0,58,Finished,+1:22.158,sainz,SAI,55,Carlos,Sainz,Spanish,williams,Williams,British,Abu Dhabi Grand Prix,2025-12-07,yas_marina,Yas Marina Circuit,UAE,12.0,83.042,,-1.0,,0.0,0.0,1.0,0,23,9.0,64.0,0.0,0,0,0,0,0.0,25.0,7.0,0.0,25.0,11.6,0.4,25.0,25.0,6.333333333333333,9.0,0.4,0.0,8.0
2026,1,14,14,0.0,16.0,56,Lapped,+8.487,colapinto,COL,43,Franco,Colapinto,Argentine,alpine,Alpine F1 Team,French,Australian Grand Prix,2026-03-08,albert_park,Albert Park Grand Prix Circuit,Australia,16.0,81.27,,-1.0,,0.0,0.0,3.0,0,0,,0.0,0.0,1,0,0,0,0.0,0.0,16.333333333333332,1.0,0.0,16.0,0.8,0.0,1.0,15.333333333333334,14.2,0.7,2.0,
2026,1,10,10,1.0,14.0,57,Lapped,+29.027,gasly,GAS,10,Pierre,Gasly,French,alpine,Alpine F1 Team,French,Australian Grand Prix,2026-03-08,albert_park,Albert Park Grand Prix Circuit,Australia,14.0,80.501,,-1.0,,0.0,0.0,3.0,0,0,,0.0,0.0,1,0,0,0,0.0,0.0,16.0,0.6666666666666666,1.0,14.6,0.6,0.0,1.0,15.333333333333334,14.2,0.7,0.0,11.5
2026,1,18,R,0.0,17.0,21,Retired,,alonso,ALO,14,Fernando,Alonso,Spanish,aston_martin,Aston Martin,British,Australian Grand Prix,2026-03-08,albert_park,Albert Park Grand Prix Circuit,Australia,17.0,81.969,,-1.0,,0.0,0.0,3.0,0,0,,0.0,0.0,1,0,0,0,0.0,14.0,8.0,0.0,14.0,11.2,0.2,15.0,15.0,8.0,10.4,0.4,0.0,11.25
2026,1,17,R,0.0,22.0,43,Lapped,,stroll,STR,18,Lance,Stroll,Canadian,aston_martin,Aston Martin,British,Australian Grand Prix,2026-03-08,albert_park,Albert Park Grand Prix Circuit,Australia,,,,-1.0,,0.0,0.0,3.0,0,0,,0.0,0.0,1,0,0,0,,1.0,15.0,0.6666666666666666,1.0,15.0,0.6,15.0,15.0,8.0,10.4,0.4,,7.0
2026,1,9,9,2.0,10.0,57,Lapped,+12.775,bortoleto,BOR,5,Gabriel,Bortoleto,Brazilian,audi,Audi,German,Australian Grand Prix,2026-03-08,albert_park,Albert Park Grand Prix Circuit,Australia,10.0,80.221,,-1.0,,0.0,0.0,3.0,0,0,,0.0,0.0,1,0,0,0,0.0,0.0,13.666666666666666,0.3333333333333333,1.0,14.2,0.4,,,,,,0.0,16.0
2026,1,22,W,0.0,11.0,0,Did not start,,hulkenberg,HUL,27,Nico,Hülkenberg,German,audi,Audi,German,Australian Grand Prix,2026-03-08,albert_park,Albert Park Grand Prix Circuit,Australia,11.0,80.303,,-1.0,,0.0,0.0,3.0,0,0,,0.0,0.0,1,0,0,0,0.0,8.0,12.0,0.3333333333333333,10.0,12.8,0.4,,,,,,1.0,7.666666666666667
2026,1,19,R,0.0,19.0,15,Retired,,bottas,BOT,77,Valtteri,Bottas,Finnish,cadillac,Cadillac F1 Team,American,Australian Grand Prix,2026-03-08,albert_park,Albert Park Grand Prix Circuit,Australia,19.0,83.244,,-1.0,,0.0,0.0,3.0,0,0,,0.0,0.0,1,0,0,0,0.0,0.0,15.666666666666666,0.6666666666666666,0.0,14.8,0.6,,,,,,1.0,11.0
2026,1,16,16,0.0,18.0,55,Lapped,+7.850,perez,PER,11,Sergio,Pérez,Mexican,cadillac,Cadillac F1 Team,American,Australian Grand Prix,2026-03-08,albert_park,Albert Park Grand Prix Circuit,Australia,18.0,82.605,,-1.0,,0.0,0.0,3.0,0,0,,0.0,0.0,1,0,0,0,0.0,1.0,15.666666666666666,0.6666666666666666,1.0,15.0,0.6,,,,,,0.0,4.0
2026,1,4,4,12.0,7.0,58,Finished,+16.144,hamilton,HAM,44,Lewis,Hamilton,British,ferrari,Ferrari,Italian,Australian Grand Prix,2026-03-08,albert_park,Albert Park Grand Prix Circuit,Australia,7.0,79.47800000000001,79.47800000000001,-1.0,,0.0,0.0,3.0,0,0,,0.0,0.0,0,0,0,0,0.0,8.0,9.333333333333334,0.0,12.0,10.8,0.2,36.0,58.0,5.333333333333333,7.2,0.2,3.0,8.5
2026,1,3,3,15.0,4.0,58,Finished,+15.519,leclerc,LEC,16,Charles,Leclerc,Monegasque,ferrari,Ferrari,Italian,Australian Grand Prix,2026-03-08,albert_park,Albert Park Grand Prix Circuit,Australia,4.0,79.327,79.327,-1.0,,0.0,0.0,3.0,0,0,,0.0,0.0,0,0,1,0,0.0,28.0,5.333333333333333,0.0,46.0,7.4,0.2,36.0,58.0,5.333333333333333,7.2,0.2,0.0,7.75
2026,1,7,7,6.0,12.0,57,Lapped,+4.593,bearman,BEA,87,Oliver,Bearman,British,haas,Haas F1 Team,American,Australian Grand Prix,2026-03-08,albert_park,Albert Park Grand Prix Circuit,Australia,12.0,80.311,,-1.0,,0.0,0.0,3.0,0,0,,0.0,0.0,1,0,0,0,0.0,1.0,13.666666666666666,0.3333333333333333,21.0,10.2,0.2,9.0,31.0,10.333333333333334,8.2,0.2,0.0,14.0
2026,1,11,11,0.0,13.0,57,Lapped,+29.850,ocon,OCO,31,Esteban,Ocon,French,haas,Haas F1 Team,American,Australian Grand Prix,2026-03-08,albert_park,Albert Park Grand Prix Circuit,Australia,13.0,80.491,,-1.0,,0.0,0.0,3.0,0,0,,0.0,0.0,1,0,0,0,0.0,8.0,10.333333333333334,0.3333333333333333,10.0,10.4,0.2,9.0,31.0,10.333333333333334,8.2,0.2,1.0,12.5
2026,1,5,5,10.0,6.0,58,Finished,+51.741,norris,NOR,1,Lando,Norris,British,mclaren,McLaren,British,Australian Grand Prix,2026-03-08,albert_park,Albert Park Grand Prix Circuit,Australia,6.0,79.475,79.475,-1.0,,0.0,0.0,3.0,0,0,,0.0,0.0,0,0,0,0,0.0,27.0,8.666666666666666,0.3333333333333333,77.0,5.6,0.2,63.0,133.0,7.666666666666667,5.0,0.2,1.0,3.75
2026,1,21,W,0.0,5.0,0,Did not start,,piastri,PIA,81,Oscar,Piastri,Australian,mclaren,McLaren,British,Australian Grand Prix,2026-03-08,albert_park,Albert Park Grand Prix Circuit,Australia,5.0,79.38,79.38,-1.0,,0.0,0.0,3.0,0,0,,0.0,0.0,1,0,0,0,0.0,36.0,8.0,0.3333333333333333,56.0,6.8,0.2,63.0,133.0,7.666666666666667,5.0,0.2,0.0,7.0
2026,1,2,2,18.0,2.0,58,Finished,+2.974,antonelli,ANT,12,Andrea Kimi,Antonelli,Italian,mercedes,Mercedes,German,Australian Grand Prix,2026-03-08,albert_park,Albert Park Grand Prix Circuit,Australia,2.0,78.811,78.811,-1.0,,0.0,0.0,3.0,0,0,,0.0,0.0,0,0,1,0,0.0,25.0,7.666666666666667,0.0,51.0,6.2,0.0,61.0,105.0,4.0,4.0,0.0,1.0,4.0
2026,1,1,1,25.0,1.0,58,Finished,1:23:06.801,russell,RUS,63,George,Russell,British,mercedes,Mercedes,German,Australian Grand Prix,2026-03-08,albert_park,Albert Park Grand Prix Circuit,Australia,1.0,78.518,78.518,-1.0,,0.0,0.0,3.0,0,0,,0.0,0.0,0,1,1,0,0.0,36.0,4.333333333333333,0.0,54.0,4.8,0.0,61.0,105.0,4.0,4.0,0.0,0.0,10.25
2026,1,8,8,4.0,9.0,57,Lapped,+11.816,arvid_lindblad,LIN,41,Arvid,Lindblad,British,rb,RB F1 Team,Italian,Australian Grand Prix,2026-03-08,albert_park,Albert Park Grand Prix Circuit,Australia,9.0,81.247,81.247,-1.0,,0.0,0.0,3.0,0,0,,0.0,0.0,1,0,0,0,0.0,,,,,,,10.0,20.0,10.666666666666666,10.4,0.6,1.0,
2026,1,13,13,0.0,8.0,57,Lapped,+57.173,lawson,LAW,30,Liam,Lawson,New Zealander,rb,RB F1 Team,Italian,Australian Grand Prix,2026-03-08,albert_park,Albert Park Grand Prix Circuit,Australia,8.0,79.994,79.994,-1.0,,0.0,0.0,3.0,0,0,,0.0,0.0,1,0,0,0,0.0,2.0,13.666666666666666,0.6666666666666666,8.0,13.6,0.6,10.0,20.0,10.666666666666666,10.4,0.6,0.0,15.0
2026,1,20,R,0.0,3.0,10,Retired,,hadjar,HAD,6,Isack,Hadjar,French,red_bull,Red Bull,Austrian,Australian Grand Prix,2026-03-08,albert_park,Albert Park Grand Prix Circuit,Australia,3.0,79.303,79.303,-1.0,,0.0,0.0,3.0,0,0,,0.0,0.0,1,0,0,0,0.0,8.0,13.666666666666666,0.6666666666666666,12.0,12.4,0.6,76.0,106.0,1.0,1.8,0.0,0.0,20.0
2026,1,6,6,8.0,20.0,58,Finished,+54.617,max_verstappen,VER,3,Max,Verstappen,Dutch,red_bull,Red Bull,Austrian,Australian Grand Prix,2026-03-08,albert_park,Albert Park Grand Prix Circuit,Australia,,,,-1.0,,0.0,0.0,3.0,0,0,,0.0,0.0,0,0,0,0,,75.0,1.0,0.0,105.0,1.8,0.0,76.0,106.0,1.0,1.8,0.0,,10.0
2026,1,12,12,0.0,15.0,57,Lapped,+56.075,albon,ALB,23,Alexander,Albon,Thai,williams,Williams,British,Australian Grand Prix,2026-03-08,albert_park,Albert Park Grand Prix Circuit,Australia,15.0,80.941,,-1.0,,0.0,0.0,3.0,0,0,,0.0,0.0,1,0,0,0,0.0,0.0,14.333333333333334,0.3333333333333333,0.0,13.2,0.4,25.0,25.0,7.0,8.8,0.3,0.0,11.25
2026,1,15,15,0.0,21.0,56,Lapped,+36.886,sainz,SAI,55,Carlos,Sainz,Spanish,williams,Williams,British,Australian Grand Prix,2026-03-08,albert_park,Albert Park Grand Prix Circuit,Australia,,,,-1.0,,0.0,0.0,3.0,0,0,,0.0,0.0,1,0,0,0,,25.0,7.0,0.0,25.0,10.2,0.2,25.0,25.0,7.0,8.8,0.3,,12.75
2026,2,10,10,1.0,12.0,55,Lapped,+12.403,colapinto,COL,43,Franco,Colapinto,Argentine,alpine,Alpine F1 Team,French,Chinese Grand Prix,2026-03-15,shanghai,Shanghai International Circuit,China,12.0,93.357,,14.0,0.0,1.7,1.7,51.0,1,1,14.0,0.0,0.0,1,0,0,1,0.0,0.0,16.0,1.0,0.0,15.6,0.8,1.0,2.0,14.333333333333334,13.2,0.7,5.0,
2026,2,6,6,8.0,7.0,56,Finished,+59.647,gasly,GAS,10,Pierre,Gasly,French,alpine,Alpine F1 Team,French,Chinese Grand Prix,2026-03-15,shanghai,Shanghai International Circuit,China,7.0,92.87299999999999,92.87299999999999,11.0,0.0,1.7,1.7,51.0,1,1,10.0,1.0,0.0,0,0,0,1,0.0,1.0,15.0,1.0,2.0,13.6,0.6,1.0,2.0,14.333333333333334,13.2,0.7,0.0,16.5
2026,2,17,R,0.0,18.0,32,Retired,,alonso,ALO,14,Fernando,Alonso,Spanish,aston_martin,Aston Martin,British,Chinese Grand Prix,2026-03-15,shanghai,Shanghai International Circuit,China,19.0,95.203,,17.0,0.0,1.7,1.7,51.0,1,1,20.0,0.0,0.0,1,0,0,1,-1.0,14.0,10.333333333333334,0.3333333333333333,14.0,11.2,0.2,15.0,15.0,10.0,11.0,0.4,0.0,12.0
2026,2,18,R,0.0,20.0,9,Retired,,stroll,STR,18,Lance,Stroll,Canadian,aston_martin,Aston Martin,British,Chinese Grand Prix,2026-03-15,shanghai,Shanghai International Circuit,China,21.0,95.995,,18.0,0.0,1.7,1.7,51.0,1,1,,0.0,0.0,1,0,0,1,-1.0,1.0,14.666666666666666,0.6666666666666666,1.0,15.6,0.6,15.0,15.0,10.0,11.0,0.4,2.0,12.0
2026,2,21,W,0.0,16.0,0,Did not start,,bortoleto,BOR,5,Gabriel,Bortoleto,Brazilian,audi,Audi,German,Chinese Grand Prix,2026-03-15,shanghai,Shanghai International Circuit,China,16.0,93.965,,13.0,0.0,1.7,1.7,51.0,1,1,9.0,2.0,0.0,1,0,0,1,0.0,2.0,11.0,0.3333333333333333,2.0,14.0,0.6,2.0,2.0,9.0,9.0,1.0,5.0,14.0
2026,2,11,11,0.0,11.0,55,Lapped,+21.109,hulkenberg,HUL,27,Nico,Hülkenberg,German,audi,Audi,German,Chinese Grand Prix,2026-03-15,shanghai,Shanghai International Circuit,China,11.0,93.354,,20.0,0.0,1.7,1.7,51.0,1,1,19.0,0.0,0.0,1,0,0,1,0.0,2.0,17.0,0.6666666666666666,10.0,13.4,0.4,2.0,2.0,9.0,9.0,1.0,0.0,12.5
2026,2,13,13,0.0,19.0,55,Lapped,+56.158,bottas,BOT,77,Valtteri,Bottas,Finnish,cadillac,Cadillac F1 Team,American,Chinese Grand Prix,2026-03-15,shanghai,Shanghai International Circuit,China,20.0,95.436,,21.0,0.0,1.7,1.7,51.0,1,1,21.0,0.0,0.0,1,0,0,1,-1.0,0.0,16.0,0.6666666666666666,0.0,15.8,0.6,0.0,0.0,16.0,16.0,1.0,0.0,20.0
2026,2,15,15,0.0,21.0,55,Lapped,+1:14.641,perez,PER,11,Sergio,Pérez,Mexican,cadillac,Cadillac F1 Team,American,Chinese Grand Prix,2026-03-15,shanghai,Shanghai International Circuit,China,22.0,96.906,,19.0,0.0,1.7,1.7,51.0,1,1,16.0,0.0,0.0,1,0,0,1,-1.0,0.0,17.666666666666668,1.0,1.0,14.8,0.6,0.0,0.0,16.0,16.0,1.0,2.0,3.0
2026,2,3,3,15.0,3.0,56,Finished,+25.267,hamilton,HAM,44,Lewis,Hamilton,British,ferrari,Ferrari,Italian,Chinese Grand Prix,2026-03-15,shanghai,Shanghai International Circuit,China,3.0,92.41499999999999,92.41499999999999,3.0,6.0,1.7,1.7,51.0,1,1,4.0,12.0,0.0,0,0,1,1,0.0,16.0,8.0,0.0,20.0,10.0,0.2,47.0,63.0,5.0,7.4,0.2,0.0,14.0
2026,2,4,4,12.0,4.0,56,Finished,+28.894,leclerc,LEC,16,Charles,Leclerc,Monegasque,ferrari,Ferrari,Italian,Chinese Grand Prix,2026-03-15,shanghai,Shanghai International Circuit,China,4.0,92.428,92.428,2.0,7.0,1.7,1.7,51.0,1,1,3.0,15.0,0.0,0,0,0,1,0.0,31.0,5.0,0.0,43.0,7.6,0.2,47.0,63.0,5.0,7.4,0.2,1.0,11.0
2026,2,5,5,10.0,10.0,56,Finished,+57.268,bearman,BEA,87,Oliver,Bearman,British,haas,Haas F1 Team,American,Chinese Grand Prix,2026-03-15,shanghai,Shanghai International Circuit,China,10.0,93.292,93.292,8.0,1.0,1.7,1.7,51.0,1,1,7.0,6.0,0.0,0,0,0,1,0.0,6.0,12.666666666666666,0.6666666666666666,15.0,10.8,0.4,12.0,23.0,9.666666666666666,8.8,0.4,0.0,8.0
2026,2,14,14,0.0,13.0,55,Lapped,+1:06.256,ocon,OCO,31,Esteban,Ocon,French,haas,Haas F1 Team,American,Chinese Grand Prix,2026-03-15,shanghai,Shanghai International Circuit,China,13.0,93.538,,10.0,0.0,1.7,1.7,51.0,1,1,11.0,0.0,0.0,1,0,0,1,0.0,6.0,11.0,0.6666666666666666,8.0,10.8,0.4,12.0,23.0,9.666666666666666,8.8,0.4,3.0,8.0
2026,2,20,W,0.0,6.0,0,Did not start,,norris,NOR,1,Lando,Norris,British,mclaren,McLaren,British,Chinese Grand Prix,2026-03-15,shanghai,Shanghai International Circuit,China,6.0,92.608,92.608,4.0,5.0,1.7,1.7,51.0,1,1,5.0,10.0,0.0,1,0,0,1,0.0,37.0,4.0,0.0,62.0,6.4,0.2,73.0,108.0,3.0,5.8,0.3,1.0,2.0
2026,2,19,W,0.0,5.0,0,Did not start,,piastri,PIA,81,Oscar,Piastri,Australian,mclaren,McLaren,British,Chinese Grand Prix,2026-03-15,shanghai,Shanghai International Circuit,China,5.0,92.55,92.55,6.0,3.0,1.7,1.7,51.0,1,1,18.0,0.0,0.0,1,0,0,1,0.0,36.0,8.333333333333334,0.3333333333333333,46.0,10.0,0.4,73.0,108.0,3.0,5.8,0.3,0.0,4.5
2026,2,1,1,25.0,1.0,56,Finished,1:33:15.607,antonelli,ANT,12,Andrea Kimi,Antonelli,Italian,mercedes,Mercedes,German,Chinese Grand Prix,2026-03-15,shanghai,Shanghai International Circuit,China,1.0,92.064,92.064,5.0,4.0,1.7,1.7,51.0,1,1,2.0,18.0,0.0,0,1,1,1,0.0,28.0,7.333333333333333,0.0,61.0,5.4,0.0,71.0,134.0,3.6666666666666665,3.0,0.0,0.0,6.0
2026,2,2,2,18.0,2.0,56,Finished,+5.515,russell,RUS,63,George,Russell,British,mercedes,Mercedes,German,Chinese Grand Prix,2026-03-15,shanghai,Shanghai International Circuit,China,2.0,92.286,92.286,1.0,8.0,1.7,1.7,51.0,1,1,1.0,25.0,1.0,0,0,1,1,0.0,43.0,4.0,0.0,73.0,3.6,0.0,71.0,134.0,3.6666666666666665,3.0,0.0,1.0,4.5
2026,2,12,12,0.0,15.0,55,Lapped,+22.828,arvid_lindblad,LIN,41,Arvid,Lindblad,British,rb,RB F1 Team,Italian,Chinese Grand Prix,2026-03-15,shanghai,Shanghai International Circuit,China,15.0,93.78399999999999,,22.0,0.0,1.7,1.7,51.0,1,1,8.0,4.0,0.0,1,0,0,1,0.0,4.0,8.0,1.0,4.0,8.0,1.0,6.0,24.0,11.333333333333334,9.4,0.6,1.0,
2026,2,7,7,6.0,14.0,56,Finished,+1:20.588,lawson,LAW,30,Liam,Lawson,New Zealander,rb,RB F1 Team,Italian,Chinese Grand Prix,2026-03-15,shanghai,Shanghai International Circuit,China,14.0,93.765,,7.0,2.0,1.7,1.7,51.0,1,1,13.0,0.0,0.0,0,0,0,1,0.0,2.0,13.333333333333334,0.6666666666666666,8.0,12.2,0.6,6.0,24.0,11.333333333333334,9.4,0.6,0.0,12.0
2026,2,8,8,4.0,9.0,56,Finished,+1:27.247,hadjar,HAD,6,Isack,Hadjar,French,red_bull,Red Bull,Austrian,Chinese Grand Prix,2026-03-15,shanghai,Shanghai International Circuit,China,9.0,93.12100000000001,93.12100000000001,15.0,0.0,1.7,1.7,51.0,1,1,17.0,0.0,0.0,0,0,0,1,0.0,0.0,18.333333333333332,1.0,12.0,13.8,0.6,59.0,99.0,2.6666666666666665,2.4,0.1,1.0,11.0
2026,2,16,R,0.0,8.0,45,Retired,,max_verstappen,VER,3,Max,Verstappen,Dutch,red_bull,Red Bull,Austrian,Chinese Grand Prix,2026-03-15,shanghai,Shanghai International Circuit,China,8.0,93.00200000000001,93.00200000000001,9.0,0.0,1.7,1.7,51.0,1,1,6.0,8.0,0.0,1,0,0,1,0.0,58.0,2.6666666666666665,0.0,98.0,2.4,0.0,59.0,99.0,2.6666666666666665,2.4,0.1,0.0,2.5
2026,2,22,W,0.0,22.0,0,Did not start,,albon,ALB,23,Alexander,Albon,Thai,williams,Williams,British,Chinese Grand Prix,2026-03-15,shanghai,Shanghai International Circuit,China,18.0,94.77199999999999,,16.0,0.0,1.7,1.7,51.0,1,1,12.0,0.0,0.0,1,0,0,1,4.0,0.0,13.0,0.3333333333333333,0.0,13.2,0.4,15.0,25.0,9.333333333333334,8.8,0.3,1.0,9.5
2026,2,9,9,2.0,17.0,55,Lapped,+11.673,sainz,SAI,55,Carlos,Sainz,Spanish,williams,Williams,British,Chinese Grand Prix,2026-03-15,shanghai,Shanghai International Circuit,China,17.0,94.31700000000001,,12.0,0.0,1.7,1.7,51.0,1,1,15.0,0.0,0.0,1,0,0,1,0.0,15.0,10.333333333333334,0.3333333333333333,25.0,9.8,0.2,15.0,25.0,9.333333333333334,8.8,0.3,0.0,7.5
2026,3,16,16,0.0,15.0,53,Finished,+1:05.773,colapinto,COL,43,Franco,Colapinto,Argentine,alpine,Alpine F1 Team,French,Japanese Grand Prix,2026-03-29,suzuka,Suzuka Circuit,Japan,15.0,90.627,,-1.0,,0.0,0.0,3.0,0,2,15.0,1.0,0.0,0,0,0,0,0.0,1.0,14.666666666666666,1.0,1.0,14.6,1.0,10.0,10.0,11.666666666666666,12.4,0.8,8.0,
2026,3,7,7,6.0,7.0,53,Finished,+32.340,gasly,GAS,10,Pierre,Gasly,French,alpine,Alpine F1 Team,French,Japanese Grand Prix,2026-03-29,suzuka,Suzuka Circuit,Japan,7.0,89.691,89.691,-1.0,,0.0,0.0,3.0,0,2,7.0,9.0,0.0,0,0,0,0,0.0,9.0,11.666666666666666,0.6666666666666666,9.0,12.8,0.6,10.0,10.0,11.666666666666666,12.4,0.8,0.0,14.25
2026,3,18,18,0.0,21.0,52,Lapped,+26.548,alonso,ALO,14,Fernando,Alonso,Spanish,aston_martin,Aston Martin,British,Japanese Grand Prix,2026-03-29,suzuka,Suzuka Circuit,Japan,21.0,92.646,,-1.0,,0.0,0.0,3.0,0,2,21.0,0.0,0.0,1,0,0,0,0.0,8.0,13.666666666666666,0.6666666666666666,14.0,11.8,0.4,9.0,15.0,13.333333333333334,11.6,0.6,0.0,8.0
2026,3,21,R,0.0,22.0,30,Retired,,stroll,STR,18,Lance,Stroll,Canadian,aston_martin,Aston Martin,British,Japanese Grand Prix,2026-03-29,suzuka,Suzuka Circuit,Japan,22.0,92.92,,-1.0,,0.0,0.0,3.0,0,2,22.0,0.0,0.0,1,0,0,0,0.0,1.0,15.0,0.6666666666666666,1.0,16.0,0.8,9.0,15.0,13.333333333333334,11.6,0.6,1.0,15.5
2026,3,13,13,0.0,9.0,53,Finished,+59.078,bortoleto,BOR,5,Gabriel,Bortoleto,Brazilian,audi,Audi,German,Japanese Grand Prix,2026-03-29,suzuka,Suzuka Circuit,Japan,9.0,90.274,90.274,-1.0,,0.0,0.0,3.0,0,2,14.0,2.0,0.0,0,0,0,0,0.0,2.0,13.666666666666666,0.6666666666666666,2.0,14.2,0.6,2.0,2.0,10.0,10.0,1.0,0.0,19.0
2026,3,11,11,0.0,13.0,53,Finished,+52.280,hulkenberg,HUL,27,Nico,Hülkenberg,German,audi,Audi,German,Japanese Grand Prix,2026-03-29,suzuka,Suzuka Circuit,Japan,13.0,90.387,,-1.0,,0.0,0.0,3.0,0,2,17.0,0.0,0.0,0,0,0,0,0.0,2.0,14.0,0.6666666666666666,8.0,13.8,0.6,2.0,2.0,10.0,10.0,1.0,4.0,13.666666666666666
2026,3,19,19,0.0,20.0,52,Lapped,+42.621,bottas,BOT,77,Valtteri,Bottas,Finnish,cadillac,Cadillac F1 Team,American,Japanese Grand Prix,2026-03-29,suzuka,Suzuka Circuit,Japan,20.0,92.33,,-1.0,,0.0,0.0,3.0,0,2,19.0,0.0,0.0,1,0,0,0,0.0,0.0,16.666666666666668,1.0,0.0,15.8,0.8,0.0,0.0,14.5,14.5,1.0,1.0,16.333333333333332
2026,3,17,17,0.0,19.0,53,Finished,+1:32.453,perez,PER,11,Sergio,Pérez,Mexican,cadillac,Cadillac F1 Team,American,Japanese Grand Prix,2026-03-29,suzuka,Suzuka Circuit,Japan,19.0,92.206,,-1.0,,0.0,0.0,3.0,0,2,20.0,0.0,0.0,0,0,0,0,0.0,0.0,17.0,1.0,1.0,15.6,0.8,0.0,0.0,14.5,14.5,1.0,0.0,7.666666666666667
2026,3,6,6,8.0,6.0,53,Finished,+25.037,hamilton,HAM,44,Lewis,Hamilton,British,ferrari,Ferrari,Italian,Japanese Grand Prix,2026-03-29,suzuka,Suzuka Circuit,Japan,6.0,89.56700000000001,89.56700000000001,-1.0,,0.0,0.0,3.0,0,2,4.0,33.0,0.0,0,0,0,0,0.0,31.0,5.0,0.0,35.0,7.0,0.0,70.0,90.0,3.3333333333333335,4.4,0.0,2.0,6.5
2026,3,3,3,15.0,4.0,53,Finished,+15.270,leclerc,LEC,16,Charles,Leclerc,Monegasque,ferrari,Ferrari,Italian,Japanese Grand Prix,2026-03-29,suzuka,Suzuka Circuit,Japan,4.0,89.405,89.405,-1.0,,0.0,0.0,3.0,0,2,3.0,34.0,0.0,0,0,1,0,0.0,39.0,3.6666666666666665,0.0,55.0,4.6,0.0,70.0,90.0,3.3333333333333335,4.4,0.0,0.0,3.75
2026,3,22,R,0.0,18.0,20,Retired,,bearman,BEA,87,Oliver,Bearman,British,haas,Haas F1 Team,American,Japanese Grand Prix,2026-03-29,suzuka,Suzuka Circuit,Japan,18.0,91.09,,-1.0,,0.0,0.0,3.0,0,2,5.0,17.0,0.0,1,0,0,0,0.0,16.0,8.0,0.3333333333333333,17.0,10.6,0.4,22.0,25.0,6.333333333333333,8.6,0.5,6.0,10.0
2026,3,10,10,1.0,12.0,53,Finished,+51.216,ocon,OCO,31,Esteban,Ocon,French,haas,Haas F1 Team,American,Japanese Grand Prix,2026-03-29,suzuka,Suzuka Circuit,Japan,12.0,90.309,,-1.0,,0.0,0.0,3.0,0,2,16.0,0.0,0.0,0,0,0,0,0.0,6.0,10.666666666666666,0.6666666666666666,8.0,11.2,0.6,22.0,25.0,6.333333333333333,8.6,0.5,0.0,11.5
2026,3,5,5,10.0,5.0,53,Finished,+23.479,norris,NOR,1,Lando,Norris,British,mclaren,McLaren,British,Japanese Grand Prix,2026-03-29,suzuka,Suzuka Circuit,Japan,5.0,89.40899999999999,89.40899999999999,-1.0,,0.0,0.0,3.0,0,2,6.0,15.0,0.0,0,0,0,0,0.0,25.0,9.333333333333334,0.3333333333333333,37.0,10.2,0.4,43.0,73.0,8.666666666666666,9.4,0.5,2.0,4.75
2026,3,2,2,18.0,3.0,53,Finished,+13.722,piastri,PIA,81,Oscar,Piastri,Australian,mclaren,McLaren,British,Japanese Grand Prix,2026-03-29,suzuka,Suzuka Circuit,Japan,3.0,89.132,89.132,-1.0,,0.0,0.0,3.0,0,2,12.0,3.0,0.0,0,0,1,0,0.0,18.0,14.0,0.6666666666666666,36.0,12.8,0.6,43.0,73.0,8.666666666666666,9.4,0.5,0.0,4.666666666666667
2026,3,1,1,25.0,1.0,53,Finished,1:28:03.403,antonelli,ANT,12,Andrea Kimi,Antonelli,Italian,mercedes,Mercedes,German,Japanese Grand Prix,2026-03-29,suzuka,Suzuka Circuit,Japan,1.0,88.77799999999999,88.77799999999999,-1.0,,0.0,0.0,3.0,0,2,2.0,47.0,1.0,0,1,1,0,0.0,43.0,6.0,0.0,68.0,5.2,0.0,96.0,147.0,2.3333333333333335,2.8,0.0,0.0,6.0
2026,3,4,4,12.0,2.0,53,Finished,+15.754,russell,RUS,63,George,Russell,British,mercedes,Mercedes,German,Japanese Grand Prix,2026-03-29,suzuka,Suzuka Circuit,Japan,2.0,89.076,89.076,-1.0,,0.0,0.0,3.0,0,2,1.0,51.0,1.0,0,0,0,0,0.0,53.0,2.6666666666666665,0.0,79.0,3.2,0.0,96.0,147.0,2.3333333333333335,2.8,0.0,1.0,6.75
2026,3,14,14,0.0,10.0,53,Finished,+59.848,arvid_lindblad,LIN,41,Arvid,Lindblad,British,rb,RB F1 Team,Italian,Japanese Grand Prix,2026-03-29,suzuka,Suzuka Circuit,Japan,10.0,90.319,90.319,-1.0,,0.0,0.0,3.0,0,2,10.0,4.0,0.0,0,0,0,0,0.0,4.0,10.0,1.0,4.0,10.0,1.0,10.0,20.0,10.666666666666666,9.4,0.7,0.0,
2026,3,9,9,2.0,14.0,53,Finished,+50.180,lawson,LAW,30,Liam,Lawson,New Zealander,rb,RB F1 Team,Italian,Japanese Grand Prix,2026-03-29,suzuka,Suzuka Circuit,Japan,14.0,90.495,,-1.0,,0.0,0.0,3.0,0,2,9.0,8.0,0.0,0,0,0,0,0.0,6.0,12.666666666666666,0.6666666666666666,8.0,12.2,0.6,10.0,20.0,10.666666666666666,9.4,0.7,4.0,14.0
2026,3,12,12,0.0,8.0,53,Finished,+56.154,hadjar,HAD,6,Isack,Hadjar,French,red_bull,Red Bull,Austrian,Japanese Grand Prix,2026-03-29,suzuka,Suzuka Circuit,Japan,8.0,89.97800000000001,89.97800000000001,-1.0,,0.0,0.0,3.0,0,2,11.0,4.0,0.0,0,0,0,0,0.0,4.0,15.0,0.6666666666666666,12.0,13.8,0.6,37.0,88.0,5.0,3.4,0.2,0.0,8.0
2026,3,8,8,4.0,11.0,53,Finished,+32.677,max_verstappen,VER,3,Max,Verstappen,Dutch,red_bull,Red Bull,Austrian,Japanese Grand Prix,2026-03-29,suzuka,Suzuka Circuit,Japan,11.0,90.262,,-1.0,,0.0,0.0,3.0,0,2,8.0,8.0,0.0,0,0,0,0,0.0,33.0,7.666666666666667,0.3333333333333333,83.0,5.0,0.2,37.0,88.0,5.0,3.4,0.2,3.0,1.0
2026,3,20,20,0.0,17.0,51,Lapped,+5.067,albon,ALB,23,Alexander,Albon,Thai,williams,Williams,British,Japanese Grand Prix,2026-03-29,suzuka,Suzuka Circuit,Japan,17.0,91.088,,-1.0,,0.0,0.0,3.0,0,2,18.0,0.0,0.0,1,0,0,0,0.0,0.0,16.666666666666668,0.6666666666666666,0.0,15.4,0.6,2.0,27.0,11.333333333333334,8.4,0.5,1.0,16.25
2026,3,15,15,0.0,16.0,53,Finished,+1:05.008,sainz,SAI,55,Carlos,Sainz,Spanish,williams,Williams,British,Japanese Grand Prix,2026-03-29,suzuka,Suzuka Circuit,Japan,16.0,91.033,,-1.0,,0.0,0.0,3.0,0,2,13.0,2.0,0.0,0,0,0,0,0.0,2.0,12.333333333333334,0.6666666666666666,27.0,9.0,0.4,2.0,27.0,11.333333333333334,8.4,0.5,0.0,10.5
2026,4,7,7,6.0,8.0,57,Finished,+1:01.871,colapinto,COL,43,Franco,Colapinto,Argentine,alpine,Alpine F1 Team,French,Miami Grand Prix,2026-05-03,miami,Miami International Autodrome,USA,8.0,88.762,88.762,10.0,0.0,14.0,14.0,65.0,1,3,16.0,1.0,0.0,0,0,0,1,0.0,1.0,13.333333333333334,0.6666666666666666,1.0,14.8,0.8,16.0,16.0,7.666666666666667,11.2,0.7,0.0,
2026,4,21,R,0.0,9.0,4,Retired,,gasly,GAS,10,Pierre,Gasly,French,alpine,Alpine F1 Team,French,Miami Grand Prix,2026-05-03,miami,Miami International Autodrome,USA,9.0,88.81,88.81,8.0,1.0,14.0,14.0,65.0,1,3,8.0,15.0,0.0,1,0,0,1,0.0,15.0,7.666666666666667,0.3333333333333333,15.0,11.6,0.6,16.0,16.0,7.666666666666667,11.2,0.7,1.0,12.75
2026,4,15,15,0.0,17.0,56,Lapped,+1:14.964,alonso,ALO,14,Fernando,Alonso,Spanish,aston_martin,Aston Martin,British,Miami Grand Prix,2026-05-03,miami,Miami International Autodrome,USA,17.0,91.098,,15.0,0.0,14.0,14.0,65.0,1,3,21.0,0.0,0.0,1,0,0,1,0.0,0.0,17.666666666666668,1.0,14.0,13.2,0.6,0.0,15.0,17.333333333333332,13.0,0.7,0.0,9.5
2026,4,17,17,0.0,18.0,56,Lapped,+1:22.631,stroll,STR,18,Lance,Stroll,Canadian,aston_martin,Aston Martin,British,Miami Grand Prix,2026-05-03,miami,Miami International Autodrome,USA,18.0,91.164,,17.0,0.0,14.0,14.0,65.0,1,3,22.0,0.0,0.0,1,0,0,1,0.0,0.0,18.666666666666668,1.0,1.0,16.6,0.8,0.0,15.0,17.333333333333332,13.0,0.7,1.0,13.75
2026,4,12,12,0.0,21.0,56,Lapped,+9.353,bortoleto,BOR,5,Gabriel,Bortoleto,Brazilian,audi,Audi,German,Miami Grand Prix,2026-05-03,miami,Miami International Autodrome,USA,21.0,93.737,,22.0,0.0,14.0,14.0,65.0,1,3,13.0,2.0,0.0,1,0,0,1,0.0,2.0,14.333333333333334,0.6666666666666666,2.0,13.4,0.4,2.0,2.0,10.333333333333334,10.333333333333334,0.6666666666666666,11.0,18.0
2026,4,19,R,0.0,10.0,7,Retired,,hulkenberg,HUL,27,Nico,Hülkenberg,German,audi,Audi,German,Miami Grand Prix,2026-05-03,miami,Miami International Autodrome,USA,10.0,89.439,,20.0,0.0,14.0,14.0,65.0,1,3,17.0,0.0,0.0,1,0,0,1,0.0,0.0,14.666666666666666,0.6666666666666666,2.0,14.6,0.6,2.0,2.0,10.333333333333334,10.333333333333334,0.6666666666666666,0.0,13.333333333333334
2026,4,18,18,0.0,19.0,55,Lapped,+1:08.255,bottas,BOT,77,Valtteri,Bottas,Finnish,cadillac,Cadillac F1 Team,American,Miami Grand Prix,2026-05-03,miami,Miami International Autodrome,USA,19.0,91.629,,19.0,0.0,14.0,14.0,65.0,1,3,19.0,0.0,0.0,1,0,0,1,0.0,0.0,17.0,1.0,0.0,16.0,0.8,0.0,0.0,15.333333333333334,15.333333333333334,0.8333333333333334,0.0,12.0
2026,4,16,16,0.0,20.0,56,Lapped,+1:17.513,perez,PER,11,Sergio,Pérez,Mexican,cadillac,Cadillac F1 Team,American,Miami Grand Prix,2026-05-03,miami,Miami International Autodrome,USA,20.0,91.967,,16.0,0.0,14.0,14.0,65.0,1,3,20.0,0.0,0.0,1,0,0,1,0.0,0.0,16.0,0.6666666666666666,0.0,17.0,0.8,0.0,0.0,15.333333333333334,15.333333333333334,0.8333333333333334,1.0,3.3333333333333335
2026,4,6,6,8.0,6.0,57,Finished,+53.753,hamilton,HAM,44,Lewis,Hamilton,British,ferrari,Ferrari,Italian,Miami Grand Prix,2026-05-03,miami,Miami International Autodrome,USA,6.0,88.319,88.319,7.0,2.0,14.0,14.0,65.0,1,3,4.0,41.0,0.0,0,0,0,1,0.0,35.0,4.333333333333333,0.0,39.0,6.6,0.0,77.0,97.0,3.0,4.2,0.0,3.0,6.5
2026,4,8,8,4.0,3.0,57,Finished,+1:04.245,leclerc,LEC,16,Charles,Leclerc,Monegasque,ferrari,Ferrari,Italian,Miami Grand Prix,2026-05-03,miami,Miami International Autodrome,USA,3.0,88.143,88.143,3.0,6.0,14.0,14.0,65.0,1,3,3.0,49.0,0.0,0,0,0,1,0.0,42.0,3.3333333333333335,0.0,58.0,4.4,0.0,77.0,97.0,3.0,4.2,0.0,0.0,4.75
2026,4,11,11,0.0,12.0,56,Lapped,+6.400,bearman,BEA,87,Oliver,Bearman,British,haas,Haas F1 Team,American,Miami Grand Prix,2026-05-03,miami,Miami International Autodrome,USA,12.0,89.56700000000001,,12.0,0.0,14.0,14.0,65.0,1,3,7.0,17.0,0.0,1,0,0,1,0.0,16.0,11.333333333333334,0.6666666666666666,16.0,13.0,0.6,17.0,23.0,7.333333333333333,8.8,0.6,0.0,19.0
2026,4,13,13,0.0,14.0,56,Lapped,+13.873,ocon,OCO,31,Esteban,Ocon,French,haas,Haas F1 Team,American,Miami Grand Prix,2026-05-03,miami,Miami International Autodrome,USA,14.0,89.77199999999999,,11.0,0.0,14.0,14.0,65.0,1,3,15.0,1.0,0.0,1,0,0,1,0.0,1.0,11.666666666666666,0.6666666666666666,7.0,11.4,0.6,17.0,23.0,7.333333333333333,8.8,0.6,2.0,9.75
2026,4,2,2,18.0,4.0,57,Finished,+3.264,norris,NOR,1,Lando,Norris,British,mclaren,McLaren,British,Miami Grand Prix,2026-05-03,miami,Miami International Autodrome,USA,4.0,88.18299999999999,88.18299999999999,1.0,8.0,14.0,14.0,65.0,1,3,5.0,25.0,0.0,0,0,1,1,0.0,20.0,10.0,0.3333333333333333,47.0,7.4,0.2,38.0,101.0,8.666666666666666,6.0,0.3,0.0,9.75
2026,4,3,3,15.0,7.0,57,Finished,+27.092,piastri,PIA,81,Oscar,Piastri,Australian,mclaren,McLaren,British,Miami Grand Prix,2026-05-03,miami,Miami International Autodrome,USA,7.0,88.5,88.5,2.0,7.0,14.0,14.0,65.0,1,3,6.0,21.0,0.0,0,0,1,1,0.0,18.0,14.0,0.6666666666666666,54.0,9.2,0.4,38.0,101.0,8.666666666666666,6.0,0.3,3.0,11.0
2026,4,1,1,25.0,1.0,57,Finished,1:33:19.273,antonelli,ANT,12,Andrea Kimi,Antonelli,Italian,mercedes,Mercedes,German,Miami Grand Prix,2026-05-03,miami,Miami International Autodrome,USA,1.0,87.798,87.798,6.0,3.0,14.0,14.0,65.0,1,3,1.0,72.0,2.0,0,1,1,1,0.0,68.0,1.3333333333333333,0.0,78.0,4.8,0.0,123.0,151.0,1.0,2.6,0.0,0.0,6.0
2026,4,4,4,12.0,5.0,57,Finished,+43.051,russell,RUS,63,George,Russell,British,mercedes,Mercedes,German,Miami Grand Prix,2026-05-03,miami,Miami International Autodrome,USA,5.0,88.197,88.197,4.0,5.0,14.0,14.0,65.0,1,3,2.0,63.0,1.0,0,0,0,1,0.0,55.0,2.3333333333333335,0.0,73.0,3.6,0.0,123.0,151.0,1.0,2.6,0.0,4.0,5.0
2026,4,14,14,0.0,16.0,56,Lapped,+44.781,arvid_lindblad,LIN,41,Arvid,Lindblad,British,rb,RB F1 Team,Italian,Miami Grand Prix,2026-05-03,miami,Miami International Autodrome,USA,16.0,90.133,,21.0,0.0,14.0,14.0,65.0,1,3,11.0,4.0,0.0,1,0,0,1,0.0,4.0,11.333333333333334,0.6666666666666666,4.0,11.333333333333334,0.6666666666666666,12.0,14.0,8.0,10.0,0.6,5.0,
2026,4,20,R,0.0,11.0,6,Retired,,lawson,LAW,30,Liam,Lawson,New Zealander,rb,RB F1 Team,Italian,Miami Grand Prix,2026-05-03,miami,Miami International Autodrome,USA,11.0,89.499,,14.0,0.0,14.0,14.0,65.0,1,3,10.0,10.0,0.0,1,0,0,1,0.0,8.0,9.666666666666666,0.3333333333333333,10.0,11.2,0.4,12.0,14.0,8.0,10.0,0.6,0.0,17.0
2026,4,22,R,0.0,22.0,4,Retired,,hadjar,HAD,6,Isack,Hadjar,French,red_bull,Red Bull,Austrian,Miami Grand Prix,2026-05-03,miami,Miami International Autodrome,USA,22.0,,,9.0,0.0,14.0,14.0,65.0,1,3,12.0,4.0,0.0,1,0,0,1,0.0,4.0,13.333333333333334,0.3333333333333333,4.0,15.0,0.6,16.0,67.0,7.333333333333333,4.8,0.2,20.0,11.0
2026,4,5,5,10.0,2.0,57,Finished,+48.949,max_verstappen,VER,3,Max,Verstappen,Dutch,red_bull,Red Bull,Austrian,Miami Grand Prix,2026-05-03,miami,Miami International Autodrome,USA,2.0,87.964,87.964,5.0,4.0,14.0,14.0,65.0,1,3,9.0,12.0,0.0,0,0,0,1,0.0,12.0,10.0,0.3333333333333333,62.0,6.4,0.2,16.0,67.0,7.333333333333333,4.8,0.2,0.0,2.0
2026,4,10,10,1.0,15.0,57,Finished,+1:30.972,albon,ALB,23,Alexander,Albon,Thai,williams,Williams,British,Miami Grand Prix,2026-05-03,miami,Miami International Autodrome,USA,15.0,89.946,,18.0,0.0,14.0,14.0,65.0,1,3,18.0,0.0,0.0,0,0,0,1,0.0,0.0,18.0,1.0,0.0,16.2,0.6,2.0,17.0,12.0,10.4,0.5,2.0,11.5
2026,4,9,9,2.0,13.0,57,Finished,+1:22.072,sainz,SAI,55,Carlos,Sainz,Spanish,williams,Williams,British,Miami Grand Prix,2026-05-03,miami,Miami International Autodrome,USA,13.0,89.568,,13.0,0.0,14.0,14.0,65.0,1,3,14.0,2.0,0.0,0,0,0,1,0.0,2.0,13.0,0.6666666666666666,17.0,11.0,0.4,2.0,17.0,12.0,10.4,0.5,0.0,5.5
2026,5,6,6,8.0,10.0,67,Lapped,+19.510,colapinto,COL,43,Franco,Colapinto,Argentine,alpine,Alpine F1 Team,French,Canadian Grand Prix,2026-05-24,villeneuve,Circuit Gilles Villeneuve,Canada,10.0,73.697,73.697,9.0,0.0,4.5,4.5,55.0,1,4,11.0,7.0,0.0,1,0,0,1,0.0,7.0,11.0,0.3333333333333333,7.0,13.4,0.6,21.0,22.0,6.666666666666667,9.8,0.6,0.0,13.0
2026,5,8,8,4.0,14.0,67,Lapped,+34.572,gasly,GAS,10,Pierre,Gasly,French,alpine,Alpine F1 Team,French,Canadian Grand Prix,2026-05-24,villeneuve,Circuit Gilles Villeneuve,Canada,14.0,74.187,,20.0,0.0,4.5,4.5,55.0,1,4,9.0,16.0,0.0,1,0,0,1,0.0,14.0,11.333333333333334,0.3333333333333333,15.0,12.6,0.6,21.0,22.0,6.666666666666667,9.8,0.6,4.0,12.5
2026,5,20,R,0.0,19.0,23,Retired,,alonso,ALO,14,Fernando,Alonso,Spanish,aston_martin,Aston Martin,British,Canadian Grand Prix,2026-05-24,villeneuve,Circuit Gilles Villeneuve,Canada,19.0,75.196,,22.0,0.0,4.5,4.5,55.0,1,4,21.0,0.0,0.0,1,0,0,1,0.0,0.0,16.666666666666668,1.0,8.0,14.8,0.8,0.0,9.0,16.666666666666668,14.6,0.8,0.0,6.0
2026,5,15,15,0.0,22.0,64,Lapped,+18.397,stroll,STR,18,Lance,Stroll,Canadian,aston_martin,Aston Martin,British,Canadian Grand Prix,2026-05-24,villeneuve,Circuit Gilles Villeneuve,Canada,21.0,76.195,,16.0,0.0,4.5,4.5,55.0,1,4,22.0,0.0,0.0,1,0,0,1,1.0,0.0,18.666666666666668,1.0,1.0,16.6,0.8,0.0,9.0,16.666666666666668,14.6,0.8,2.0,10.75
2026,5,13,13,0.0,13.0,66,Lapped,+21.156,bortoleto,BOR,5,Gabriel,Bortoleto,Brazilian,audi,Audi,German,Canadian Grand Prix,2026-05-24,villeneuve,Circuit Gilles Villeneuve,Canada,13.0,74.071,,12.0,0.0,4.5,4.5,55.0,1,4,15.0,2.0,0.0,1,0,0,1,0.0,0.0,15.333333333333334,0.6666666666666666,2.0,13.2,0.6,0.0,2.0,11.333333333333334,10.75,0.75,2.0,14.0
2026,5,12,12,0.0,11.0,66,Lapped,+14.182,hulkenberg,HUL,27,Nico,Hülkenberg,German,audi,Audi,German,Canadian Grand Prix,2026-05-24,villeneuve,Circuit Gilles Villeneuve,Canada,11.0,73.886,,15.0,0.0,4.5,4.5,55.0,1,4,18.0,0.0,0.0,1,0,0,1,0.0,0.0,13.666666666666666,0.6666666666666666,2.0,14.4,0.6,0.0,2.0,11.333333333333334,10.75,0.75,0.0,11.333333333333334
2026,5,16,16,0.0,21.0,64,Lapped,+53.390,bottas,BOT,77,Valtteri,Bottas,Finnish,cadillac,Cadillac F1 Team,American,Canadian Grand Prix,2026-05-24,villeneuve,Circuit Gilles Villeneuve,Canada,22.0,76.27199999999999,,17.0,0.0,4.5,4.5,55.0,1,4,19.0,0.0,0.0,1,0,0,1,-1.0,0.0,16.666666666666668,1.0,0.0,17.4,1.0,0.0,0.0,15.333333333333334,15.5,0.875,2.0,10.0
2026,5,17,R,0.0,20.0,39,Retired,,perez,PER,11,Sergio,Pérez,Mexican,cadillac,Cadillac F1 Team,American,Canadian Grand Prix,2026-05-24,villeneuve,Circuit Gilles Villeneuve,Canada,20.0,75.429,,14.0,0.0,4.5,4.5,55.0,1,4,20.0,0.0,0.0,1,0,0,1,0.0,0.0,16.0,0.6666666666666666,0.0,16.8,0.8,0.0,0.0,15.333333333333334,15.5,0.875,0.0,14.666666666666666
2026,5,2,2,18.0,5.0,68,Finished,+10.768,hamilton,HAM,44,Lewis,Hamilton,British,ferrari,Ferrari,Italian,Canadian Grand Prix,2026-05-24,villeneuve,Circuit Gilles Villeneuve,Canada,5.0,72.868,72.868,6.0,3.0,4.5,4.5,55.0,1,4,5.0,51.0,0.0,0,0,1,1,0.0,31.0,5.0,0.0,47.0,5.4,0.0,62.0,105.0,4.0,3.8,0.0,0.0,4.0
2026,5,4,4,12.0,8.0,68,Finished,+44.151,leclerc,LEC,16,Charles,Leclerc,Monegasque,ferrari,Ferrari,Italian,Canadian Grand Prix,2026-05-24,villeneuve,Circuit Gilles Villeneuve,Canada,8.0,72.976,72.976,5.0,4.0,4.5,4.5,55.0,1,4,3.0,59.0,0.0,0,0,0,1,0.0,31.0,5.0,0.0,58.0,4.4,0.0,62.0,105.0,4.0,3.8,0.0,3.0,8.25
2026,5,10,10,1.0,16.0,67,Lapped,+59.049,bearman,BEA,87,Oliver,Bearman,British,haas,Haas F1 Team,American,Canadian Grand Prix,2026-05-24,villeneuve,Circuit Gilles Villeneuve,Canada,16.0,74.416,,18.0,0.0,4.5,4.5,55.0,1,4,8.0,17.0,0.0,1,0,0,1,0.0,10.0,12.666666666666666,0.6666666666666666,16.0,11.4,0.6,11.0,23.0,8.666666666666666,8.0,0.6,0.0,11.0
2026,5,14,14,0.0,17.0,66,Lapped,+1:08.635,ocon,OCO,31,Esteban,Ocon,French,haas,Haas F1 Team,American,Canadian Grand Prix,2026-05-24,villeneuve,Circuit Gilles Villeneuve,Canada,17.0,74.845,,13.0,0.0,4.5,4.5,55.0,1,4,16.0,1.0,0.0,1,0,0,1,0.0,1.0,12.333333333333334,0.6666666666666666,7.0,11.0,0.6,11.0,23.0,8.666666666666666,8.0,0.6,1.0,8.25
2026,5,18,R,0.0,3.0,38,Retired,,norris,NOR,1,Lando,Norris,British,mclaren,McLaren,British,Canadian Grand Prix,2026-05-24,villeneuve,Circuit Gilles Villeneuve,Canada,3.0,72.729,72.729,2.0,7.0,4.5,4.5,55.0,1,4,4.0,51.0,0.0,1,0,0,1,0.0,28.0,9.0,0.3333333333333333,53.0,7.0,0.2,61.0,104.0,7.666666666666667,6.0,0.3,0.0,12.0
2026,5,11,11,0.0,4.0,66,Lapped,+12.699,piastri,PIA,81,Oscar,Piastri,Australian,mclaren,McLaren,British,Canadian Grand Prix,2026-05-24,villeneuve,Circuit Gilles Villeneuve,Canada,4.0,72.781,72.781,4.0,5.0,4.5,4.5,55.0,1,4,6.0,43.0,0.0,1,0,0,1,0.0,33.0,8.0,0.3333333333333333,51.0,9.4,0.4,61.0,104.0,7.666666666666667,6.0,0.3,1.0,6.666666666666667
2026,5,1,1,25.0,2.0,68,Finished,1:28:15.758,antonelli,ANT,12,Andrea Kimi,Antonelli,Italian,mercedes,Mercedes,German,Canadian Grand Prix,2026-05-24,villeneuve,Circuit Gilles Villeneuve,Canada,2.0,72.646,72.646,3.0,6.0,4.5,4.5,55.0,1,4,1.0,100.0,3.0,0,1,1,1,0.0,75.0,1.0,0.0,93.0,4.0,0.0,117.0,170.0,1.0,1.8,0.0,1.0,3.0
2026,5,19,R,0.0,1.0,29,Retired,,russell,RUS,63,George,Russell,British,mercedes,Mercedes,German,Canadian Grand Prix,2026-05-24,villeneuve,Circuit Gilles Villeneuve,Canada,1.0,72.578,72.578,1.0,8.0,4.5,4.5,55.0,1,4,2.0,80.0,1.0,1,0,0,1,0.0,42.0,3.3333333333333335,0.0,77.0,3.2,0.0,117.0,170.0,1.0,1.8,0.0,0.0,6.75
2026,5,22,W,0.0,9.0,0,Did not start,,arvid_lindblad,LIN,41,Arvid,Lindblad,British,rb,RB F1 Team,Italian,Canadian Grand Prix,2026-05-24,villeneuve,Circuit Gilles Villeneuve,Canada,9.0,73.28,73.28,8.0,1.0,4.5,4.5,55.0,1,4,12.0,4.0,0.0,1,0,0,1,0.0,0.0,13.333333333333334,0.6666666666666666,4.0,12.0,0.75,8.0,12.0,10.0,11.0,0.7,0.0,
2026,5,7,7,6.0,12.0,67,Lapped,+34.235,lawson,LAW,30,Liam,Lawson,New Zealander,rb,RB F1 Team,Italian,Canadian Grand Prix,2026-05-24,villeneuve,Circuit Gilles Villeneuve,Canada,12.0,73.897,,11.0,0.0,4.5,4.5,55.0,1,4,10.0,10.0,0.0,1,0,0,1,0.0,8.0,12.0,0.3333333333333333,8.0,13.4,0.6,8.0,12.0,10.0,11.0,0.7,3.0,19.0
2026,5,5,5,10.0,7.0,67,Lapped,+5.033,hadjar,HAD,6,Isack,Hadjar,French,red_bull,Red Bull,Austrian,Canadian Grand Prix,2026-05-24,villeneuve,Circuit Gilles Villeneuve,Canada,7.0,72.935,72.935,21.0,0.0,4.5,4.5,55.0,1,4,13.0,4.0,0.0,1,0,0,1,0.0,4.0,14.0,0.3333333333333333,4.0,15.8,0.6,18.0,51.0,7.0,5.6,0.3,1.0,16.0
2026,5,3,3,15.0,6.0,68,Finished,+11.276,max_verstappen,VER,3,Max,Verstappen,Dutch,red_bull,Red Bull,Austrian,Canadian Grand Prix,2026-05-24,villeneuve,Circuit Gilles Villeneuve,Canada,6.0,72.907,72.907,7.0,2.0,4.5,4.5,55.0,1,4,7.0,26.0,0.0,0,0,1,1,0.0,14.0,9.666666666666666,0.3333333333333333,47.0,7.2,0.2,18.0,51.0,7.0,5.6,0.3,0.0,1.25
2026,5,21,R,0.0,18.0,11,Retired,,albon,ALB,23,Alexander,Albon,Thai,williams,Williams,British,Canadian Grand Prix,2026-05-24,villeneuve,Circuit Gilles Villeneuve,Canada,18.0,74.851,,19.0,0.0,4.5,4.5,55.0,1,4,17.0,1.0,0.0,1,0,0,1,0.0,1.0,17.333333333333332,0.6666666666666666,1.0,16.0,0.6,5.0,5.0,11.0,11.6,0.5,3.0,14.25
2026,5,9,9,2.0,15.0,67,Lapped,+58.014,sainz,SAI,55,Carlos,Sainz,Spanish,williams,Williams,British,Canadian Grand Prix,2026-05-24,villeneuve,Circuit Gilles Villeneuve,Canada,15.0,74.273,,10.0,0.0,4.5,4.5,55.0,1,4,14.0,4.0,0.0,1,0,0,1,0.0,4.0,11.0,0.3333333333333333,4.0,12.2,0.4,5.0,5.0,11.0,11.6,0.5,0.0,8.25
2026,6,14,14,0.0,14.0,78,Finished,+48.964,colapinto,COL,43,Franco,Colapinto,Argentine,alpine,Alpine F1 Team,French,Monaco Grand Prix,2026-06-07,monaco,Circuit de Monaco,Monaco,14.0,73.995,,-1.0,,0.0,0.0,3.0,0,5,11.0,15.0,0.0,0,0,0,0,0.0,14.0,9.666666666666666,0.3333333333333333,15.0,10.6,0.6,24.0,34.0,6.666666666666667,7.2,0.6,5.0,13.0
2026,6,3,3,15.0,9.0,78,Finished,+20.369,gasly,GAS,10,Pierre,Gasly,French,alpine,Alpine F1 Team,French,Monaco Grand Prix,2026-06-07,monaco,Circuit de Monaco,Monaco,9.0,73.226,73.226,-1.0,,0.0,0.0,3.0,0,5,8.0,20.0,0.0,0,0,1,0,0.0,10.0,12.0,0.6666666666666666,19.0,10.4,0.6,24.0,34.0,6.666666666666667,7.2,0.6,0.0,12.0
2026,6,10,10,1.0,21.0,78,Finished,+41.899,alonso,ALO,14,Fernando,Alonso,Spanish,aston_martin,Aston Martin,British,Monaco Grand Prix,2026-06-07,monaco,Circuit de Monaco,Monaco,21.0,75.349,,-1.0,,0.0,0.0,3.0,0,5,22.0,0.0,0.0,0,0,0,0,0.0,0.0,17.666666666666668,1.0,0.0,17.6,1.0,0.0,0.0,16.0,16.4,1.0,0.0,9.75
2026,6,18,R,0.0,22.0,56,Retired,,stroll,STR,18,Lance,Stroll,Canadian,aston_martin,Aston Martin,British,Monaco Grand Prix,2026-06-07,monaco,Circuit de Monaco,Monaco,22.0,76.061,,-1.0,,0.0,0.0,3.0,0,5,21.0,0.0,0.0,1,0,0,0,0.0,0.0,17.666666666666668,1.0,0.0,17.6,1.0,0.0,0.0,16.0,16.4,1.0,1.0,15.75
2026,6,11,11,0.0,16.0,78,Finished,+42.748,bortoleto,BOR,5,Gabriel,Bortoleto,Brazilian,audi,Audi,German,Monaco Grand Prix,2026-06-07,monaco,Circuit de Monaco,Monaco,16.0,74.68299999999999,,-1.0,,0.0,0.0,3.0,0,5,15.0,2.0,0.0,0,0,0,0,0.0,0.0,12.666666666666666,0.6666666666666666,2.0,13.6,0.8,0.0,2.0,11.666666666666666,11.0,0.8,3.0,14.0
2026,6,13,13,0.0,13.0,78,Finished,+44.102,hulkenberg,HUL,27,Nico,Hülkenberg,German,audi,Audi,German,Monaco Grand Prix,2026-06-07,monaco,Circuit de Monaco,Monaco,13.0,73.902,,-1.0,,0.0,0.0,3.0,0,5,18.0,0.0,0.0,0,0,0,0,0.0,0.0,14.0,0.6666666666666666,0.0,15.0,0.8,0.0,2.0,11.666666666666666,11.0,0.8,0.0,17.333333333333332
2026,6,21,R,0.0,20.0,15,Retired,,bottas,BOT,77,Valtteri,Bottas,Finnish,cadillac,Cadillac F1 Team,American,Monaco Grand Prix,2026-06-07,monaco,Circuit de Monaco,Monaco,20.0,75.283,,-1.0,,0.0,0.0,3.0,0,5,19.0,0.0,0.0,1,0,0,0,0.0,0.0,17.666666666666668,1.0,0.0,17.0,1.0,0.0,0.0,16.333333333333332,15.6,0.9,2.0,11.0
2026,6,15,15,0.0,18.0,78,Finished,+49.153,perez,PER,11,Sergio,Pérez,Mexican,cadillac,Cadillac F1 Team,American,Monaco Grand Prix,2026-06-07,monaco,Circuit de Monaco,Monaco,18.0,74.747,,-1.0,,0.0,0.0,3.0,0,5,20.0,0.0,0.0,0,0,0,0,0.0,0.0,16.666666666666668,0.6666666666666666,0.0,16.2,0.8,0.0,0.0,16.333333333333332,15.6,0.9,0.0,11.666666666666666
2026,6,2,2,18.0,3.0,78,Finished,+6.271,hamilton,HAM,44,Lewis,Hamilton,British,ferrari,Ferrari,Italian,Monaco Grand Prix,2026-06-07,monaco,Circuit de Monaco,Monaco,3.0,72.279,72.279,-1.0,,0.0,0.0,3.0,0,5,4.0,72.0,0.0,0,0,1,0,0.0,34.0,4.666666666666667,0.0,61.0,4.2,0.0,65.0,119.0,3.6666666666666665,3.4,0.0,0.0,6.0
2026,6,17,R,0.0,4.0,64,Retired,,leclerc,LEC,16,Charles,Leclerc,Monegasque,ferrari,Ferrari,Italian,Monaco Grand Prix,2026-06-07,monaco,Circuit de Monaco,Monaco,4.0,72.351,72.351,-1.0,,0.0,0.0,3.0,0,5,3.0,75.0,0.0,1,0,0,0,0.0,31.0,5.0,0.0,58.0,4.4,0.0,65.0,119.0,3.6666666666666665,3.4,0.0,1.0,3.25
2026,6,20,R,0.0,19.0,27,Retired,,bearman,BEA,87,Oliver,Bearman,British,haas,Haas F1 Team,American,Monaco Grand Prix,2026-06-07,monaco,Circuit de Monaco,Monaco,19.0,74.814,,-1.0,,0.0,0.0,3.0,0,5,9.0,18.0,0.0,1,0,0,0,0.0,1.0,14.333333333333334,1.0,17.0,11.0,0.8,2.0,18.0,10.333333333333334,8.6,0.8,2.0,12.0
2026,6,9,9,2.0,17.0,78,Finished,+37.140,ocon,OCO,31,Esteban,Ocon,French,haas,Haas F1 Team,American,Monaco Grand Prix,2026-06-07,monaco,Circuit de Monaco,Monaco,17.0,74.722,,-1.0,,0.0,0.0,3.0,0,5,16.0,1.0,0.0,0,0,0,0,0.0,1.0,12.333333333333334,0.6666666666666666,1.0,12.4,0.8,2.0,18.0,10.333333333333334,8.6,0.8,0.0,9.75
2026,6,19,R,0.0,8.0,43,Retired,,norris,NOR,1,Lando,Norris,British,mclaren,McLaren,British,Monaco Grand Prix,2026-06-07,monaco,Circuit de Monaco,Monaco,8.0,72.765,72.765,-1.0,,0.0,0.0,3.0,0,5,5.0,58.0,0.0,1,0,0,0,0.0,28.0,8.333333333333334,0.3333333333333333,38.0,10.0,0.4,61.0,71.0,5.0,7.8,0.5,1.0,5.0
2026,6,5,5,10.0,7.0,78,Finished,+24.261,piastri,PIA,81,Oscar,Piastri,Australian,mclaren,McLaren,British,Monaco Grand Prix,2026-06-07,monaco,Circuit de Monaco,Monaco,7.0,72.624,72.624,-1.0,,0.0,0.0,3.0,0,5,6.0,48.0,0.0,0,0,0,0,0.0,33.0,5.333333333333333,0.3333333333333333,33.0,11.2,0.6,61.0,71.0,5.0,7.8,0.5,0.0,5.0
2026,6,1,1,25.0,1.0,78,Finished,2:23:31.243,antonelli,ANT,12,Andrea Kimi,Antonelli,Italian,mercedes,Mercedes,German,Monaco Grand Prix,2026-06-07,monaco,Circuit de Monaco,Monaco,1.0,72.051,72.051,-1.0,,0.0,0.0,3.0,0,5,1.0,131.0,4.0,0,1,1,0,0.0,75.0,1.0,0.0,118.0,1.2,0.0,99.0,185.0,1.0,1.0,0.1,0.0,18.0
2026,6,12,12,0.0,6.0,78,Finished,+43.353,russell,RUS,63,George,Russell,British,mercedes,Mercedes,German,Monaco Grand Prix,2026-06-07,monaco,Circuit de Monaco,Monaco,6.0,72.445,72.445,-1.0,,0.0,0.0,3.0,0,5,2.0,88.0,1.0,0,0,0,0,0.0,24.0,9.0,0.3333333333333333,67.0,6.0,0.2,99.0,185.0,1.0,1.0,0.1,5.0,6.5
2026,6,7,7,6.0,15.0,78,Finished,+29.010,arvid_lindblad,LIN,41,Arvid,Lindblad,British,rb,RB F1 Team,Italian,Monaco Grand Prix,2026-06-07,monaco,Circuit de Monaco,Monaco,15.0,74.248,,-1.0,,0.0,0.0,3.0,0,5,14.0,5.0,0.0,0,0,0,0,0.0,0.0,16.666666666666668,0.6666666666666666,4.0,14.0,0.8,8.0,18.0,10.0,9.0,0.7,5.0,
2026,6,6,6,8.0,10.0,78,Finished,+26.553,lawson,LAW,30,Liam,Lawson,New Zealander,rb,RB F1 Team,Italian,Monaco Grand Prix,2026-06-07,monaco,Circuit de Monaco,Monaco,10.0,73.412,73.412,-1.0,,0.0,0.0,3.0,0,5,10.0,16.0,0.0,0,0,0,0,0.0,8.0,12.0,0.6666666666666666,14.0,11.2,0.6,8.0,18.0,10.0,9.0,0.7,0.0,8.0
2026,6,4,4,12.0,5.0,78,Finished,+23.394,hadjar,HAD,6,Isack,Hadjar,French,red_bull,Red Bull,Austrian,Monaco Grand Prix,2026-06-07,monaco,Circuit de Monaco,Monaco,5.0,72.434,72.434,-1.0,,0.0,0.0,3.0,0,5,12.0,14.0,0.0,0,0,0,0,0.0,10.0,13.0,0.6666666666666666,14.0,13.4,0.6,39.0,51.0,5.333333333333333,6.0,0.4,3.0,6.0
2026,6,22,R,0.0,2.0,0,Retired,,max_verstappen,VER,3,Max,Verstappen,Dutch,red_bull,Red Bull,Austrian,Monaco Grand Prix,2026-06-07,monaco,Circuit de Monaco,Monaco,2.0,72.094,72.094,-1.0,,0.0,0.0,3.0,0,5,7.0,43.0,0.0,1,0,0,0,0.0,29.0,5.333333333333333,0.0,37.0,7.6,0.2,39.0,51.0,5.333333333333333,6.0,0.4,0.0,3.5
2026,6,8,8,4.0,11.0,78,Finished,+33.413,albon,ALB,23,Alexander,Albon,Thai,williams,Williams,British,Monaco Grand Prix,2026-06-07,monaco,Circuit de Monaco,Monaco,11.0,73.787,,-1.0,,0.0,0.0,3.0,0,5,17.0,1.0,0.0,0,0,0,0,0.0,1.0,17.0,0.6666666666666666,1.0,17.0,0.8,5.0,7.0,11.0,10.8,0.7,0.0,12.5
2026,6,16,16,0.0,12.0,70,Retired,,sainz,SAI,55,Carlos,Sainz,Spanish,williams,Williams,British,Monaco Grand Prix,2026-06-07,monaco,Circuit de Monaco,Monaco,12.0,73.815,,-1.0,,0.0,0.0,3.0,0,5,13.0,6.0,0.0,1,0,0,0,0.0,4.0,11.0,0.3333333333333333,6.0,11.4,0.6,5.0,7.0,11.0,10.8,0.7,1.0,5.75
2026,7,10,10,1.0,13.0,65,Lapped,+1:19.867,colapinto,COL,43,Franco,Colapinto,Argentine,alpine,Alpine F1 Team,French,Barcelona Grand Prix,2026-06-14,catalunya,Circuit de Barcelona-Catalunya,Spain,13.0,76.191,,-1.0,,0.0,0.0,3.0,0,6,12.0,15.0,0.0,1,0,0,0,0.0,14.0,9.0,0.3333333333333333,15.0,10.6,0.4,33.0,48.0,5.333333333333333,5.8,0.4,0.0,15.0
2026,7,7,7,6.0,14.0,65,Lapped,+55.789,gasly,GAS,10,Pierre,Gasly,French,alpine,Alpine F1 Team,French,Barcelona Grand Prix,2026-06-14,catalunya,Circuit de Barcelona-Catalunya,Spain,14.0,76.261,,-1.0,,0.0,0.0,3.0,0,6,8.0,35.0,0.0,1,0,0,0,0.0,19.0,10.666666666666666,0.6666666666666666,33.0,9.0,0.4,33.0,48.0,5.333333333333333,5.8,0.4,1.0,10.0
2026,7,19,R,0.0,22.0,37,Retired,,alonso,ALO,14,Fernando,Alonso,Spanish,aston_martin,Aston Martin,British,Barcelona Grand Prix,2026-06-14,catalunya,Circuit de Barcelona-Catalunya,Spain,22.0,78.815,,-1.0,,0.0,0.0,3.0,0,6,18.0,1.0,0.0,1,0,0,0,0.0,1.0,15.0,0.6666666666666666,1.0,16.0,0.8,1.0,1.0,13.333333333333334,15.0,0.9,1.0,9.25
2026,7,22,R,0.0,21.0,5,Retired,,stroll,STR,18,Lance,Stroll,Canadian,aston_martin,Aston Martin,British,Barcelona Grand Prix,2026-06-14,catalunya,Circuit de Barcelona-Catalunya,Spain,21.0,78.758,,-1.0,,0.0,0.0,3.0,0,6,22.0,0.0,0.0,1,0,0,0,0.0,0.0,16.666666666666668,1.0,0.0,17.8,1.0,1.0,1.0,13.333333333333334,15.0,0.9,0.0,11.666666666666666
2026,7,11,11,0.0,12.0,64,Lapped,+26.687,bortoleto,BOR,5,Gabriel,Bortoleto,Brazilian,audi,Audi,German,Barcelona Grand Prix,2026-06-14,catalunya,Circuit de Barcelona-Catalunya,Spain,12.0,76.001,,-1.0,,0.0,0.0,3.0,0,6,17.0,2.0,0.0,1,0,0,0,0.0,0.0,12.0,0.6666666666666666,0.0,14.0,0.6,0.0,0.0,11.666666666666666,11.4,0.6,3.0,12.0
2026,7,20,R,0.0,9.0,29,Retired,,hulkenberg,HUL,27,Nico,Hülkenberg,German,audi,Audi,German,Barcelona Grand Prix,2026-06-14,catalunya,Circuit de Barcelona-Catalunya,Spain,9.0,76.657,76.657,-1.0,,0.0,0.0,3.0,0,6,19.0,0.0,0.0,1,0,0,0,0.0,0.0,14.666666666666666,0.6666666666666666,0.0,13.2,0.6,0.0,0.0,11.666666666666666,11.4,0.6,0.0,10.333333333333334
2026,7,21,R,0.0,20.0,15,Retired,,bottas,BOT,77,Valtteri,Bottas,Finnish,cadillac,Cadillac F1 Team,American,Barcelona Grand Prix,2026-06-14,catalunya,Circuit de Barcelona-Catalunya,Spain,20.0,77.757,,-1.0,,0.0,0.0,3.0,0,6,20.0,0.0,0.0,1,0,0,0,0.0,0.0,18.333333333333332,1.0,0.0,17.4,1.0,0.0,0.0,15.666666666666666,15.4,0.8,1.0,13.666666666666666
2026,7,14,14,0.0,19.0,63,Lapped,+7.769,perez,PER,11,Sergio,Pérez,Mexican,cadillac,Cadillac F1 Team,American,Barcelona Grand Prix,2026-06-14,catalunya,Circuit de Barcelona-Catalunya,Spain,19.0,77.545,,-1.0,,0.0,0.0,3.0,0,6,21.0,0.0,0.0,1,0,0,0,0.0,0.0,16.0,0.6666666666666666,0.0,16.0,0.6,0.0,0.0,15.666666666666666,15.4,0.8,0.0,4.666666666666667
2026,7,1,1,25.0,2.0,66,Finished,1:32:28.105,hamilton,HAM,44,Lewis,Hamilton,British,ferrari,Ferrari,Italian,Barcelona Grand Prix,2026-06-14,catalunya,Circuit de Barcelona-Catalunya,Spain,2.0,74.743,74.743,-1.0,,0.0,0.0,3.0,0,6,2.0,90.0,0.0,0,1,1,0,0.0,44.0,3.3333333333333335,0.0,67.0,3.8,0.0,60.0,110.0,3.3333333333333335,3.2,0.1,0.0,4.0
2026,7,15,15,0.0,10.0,62,Retired,,leclerc,LEC,16,Charles,Leclerc,Monegasque,ferrari,Ferrari,Italian,Barcelona Grand Prix,2026-06-14,catalunya,Circuit de Barcelona-Catalunya,Spain,10.0,75.281,,-1.0,,0.0,0.0,3.0,0,6,4.0,75.0,0.0,1,0,0,0,0.0,16.0,9.666666666666666,0.3333333333333333,43.0,7.2,0.2,60.0,110.0,3.3333333333333335,3.2,0.1,8.0,9.75
2026,7,17,17,0.0,15.0,60,Retired,,bearman,BEA,87,Oliver,Bearman,British,haas,Haas F1 Team,American,Barcelona Grand Prix,2026-06-14,catalunya,Circuit de Barcelona-Catalunya,Spain,15.0,76.389,,-1.0,,0.0,0.0,3.0,0,6,11.0,18.0,0.0,1,0,0,0,0.0,1.0,13.666666666666666,1.0,11.0,13.6,0.8,3.0,14.0,10.0,9.0,0.7,0.0,17.0
2026,7,13,13,0.0,17.0,64,Lapped,+59.149,ocon,OCO,31,Esteban,Ocon,French,haas,Haas F1 Team,American,Barcelona Grand Prix,2026-06-14,catalunya,Circuit de Barcelona-Catalunya,Spain,17.0,77.07300000000001,,-1.0,,0.0,0.0,3.0,0,6,16.0,3.0,0.0,1,0,0,0,0.0,2.0,12.0,0.6666666666666666,3.0,12.0,0.6,3.0,14.0,10.0,9.0,0.7,2.0,10.25
2026,7,3,3,15.0,4.0,66,Finished,+23.719,norris,NOR,1,Lando,Norris,British,mclaren,McLaren,British,Barcelona Grand Prix,2026-06-14,catalunya,Circuit de Barcelona-Catalunya,Spain,4.0,75.001,75.001,-1.0,,0.0,0.0,3.0,0,6,6.0,58.0,0.0,0,0,1,0,0.0,18.0,13.0,0.6666666666666666,28.0,12.8,0.6,43.0,71.0,6.0,7.8,0.5,0.0,7.25
2026,7,5,5,10.0,7.0,66,Finished,+58.661,piastri,PIA,81,Oscar,Piastri,Australian,mclaren,McLaren,British,Barcelona Grand Prix,2026-06-14,catalunya,Circuit de Barcelona-Catalunya,Spain,7.0,75.09,75.09,-1.0,,0.0,0.0,3.0,0,6,5.0,58.0,0.0,0,0,0,0,0.0,25.0,6.333333333333333,0.3333333333333333,43.0,8.0,0.4,43.0,71.0,6.0,7.8,0.5,3.0,7.0
2026,7,16,16,0.0,3.0,61,Retired,,antonelli,ANT,12,Andrea Kimi,Antonelli,Italian,mercedes,Mercedes,German,Barcelona Grand Prix,2026-06-14,catalunya,Circuit de Barcelona-Catalunya,Spain,3.0,74.998,74.998,-1.0,,0.0,0.0,3.0,0,6,1.0,156.0,5.0,1,0,0,0,0.0,75.0,1.0,0.0,125.0,1.0,0.0,87.0,167.0,1.0,1.0,0.1,2.0,18.0
2026,7,2,2,18.0,1.0,66,Finished,+19.561,russell,RUS,63,George,Russell,British,mercedes,Mercedes,German,Barcelona Grand Prix,2026-06-14,catalunya,Circuit de Barcelona-Catalunya,Spain,1.0,74.679,74.679,-1.0,,0.0,0.0,3.0,0,6,3.0,88.0,1.0,0,0,1,0,0.0,12.0,11.666666666666666,0.3333333333333333,42.0,8.2,0.2,87.0,167.0,1.0,1.0,0.1,0.0,3.5
2026,7,9,9,2.0,11.0,65,Lapped,+1:18.074,arvid_lindblad,LIN,41,Arvid,Lindblad,British,rb,RB F1 Team,Italian,Barcelona Grand Prix,2026-06-14,catalunya,Circuit de Barcelona-Catalunya,Spain,11.0,75.84,,-1.0,,0.0,0.0,3.0,0,6,13.0,11.0,0.0,1,0,0,0,0.0,6.0,14.333333333333334,0.6666666666666666,6.0,13.8,0.6,20.0,28.0,9.0,8.6,0.5,3.0,
2026,7,8,8,4.0,8.0,65,Lapped,+1:12.224,lawson,LAW,30,Liam,Lawson,New Zealander,rb,RB F1 Team,Italian,Barcelona Grand Prix,2026-06-14,catalunya,Circuit de Barcelona-Catalunya,Spain,8.0,76.542,76.542,-1.0,,0.0,0.0,3.0,0,6,10.0,24.0,0.0,1,0,0,0,0.0,14.0,11.0,0.6666666666666666,22.0,9.8,0.4,20.0,28.0,9.0,8.6,0.5,0.0,11.0
2026,7,6,6,8.0,6.0,65,Lapped,+24.627,hadjar,HAD,6,Isack,Hadjar,French,red_bull,Red Bull,Austrian,Barcelona Grand Prix,2026-06-14,catalunya,Circuit de Barcelona-Catalunya,Spain,6.0,75.077,75.077,-1.0,,0.0,0.0,3.0,0,6,9.0,26.0,0.0,1,0,0,0,0.0,22.0,10.333333333333334,0.6666666666666666,26.0,10.2,0.4,47.0,55.0,4.0,5.6,0.4,1.0,7.0
2026,7,4,4,12.0,5.0,66,Finished,+40.497,max_verstappen,VER,3,Max,Verstappen,Dutch,red_bull,Red Bull,Austrian,Barcelona Grand Prix,2026-06-14,catalunya,Circuit de Barcelona-Catalunya,Spain,5.0,75.021,75.021,-1.0,,0.0,0.0,3.0,0,6,7.0,43.0,0.0,0,0,0,0,0.0,25.0,10.0,0.3333333333333333,29.0,10.8,0.4,47.0,55.0,4.0,5.6,0.4,0.0,3.25
2026,7,18,R,0.0,18.0,55,Lapped,,albon,ALB,23,Alexander,Albon,Thai,williams,Williams,British,Barcelona Grand Prix,2026-06-14,catalunya,Circuit de Barcelona-Catalunya,Spain,18.0,77.424,,-1.0,,0.0,0.0,3.0,0,6,15.0,5.0,0.0,1,0,0,0,0.0,5.0,13.0,0.3333333333333333,5.0,16.2,0.6,9.0,11.0,8.666666666666666,10.0,0.6,2.0,17.75
2026,7,12,12,0.0,16.0,64,Lapped,+27.866,sainz,SAI,55,Carlos,Sainz,Spanish,williams,Williams,British,Barcelona Grand Prix,2026-06-14,catalunya,Circuit de Barcelona-Catalunya,Spain,16.0,77.827,,-1.0,,0.0,0.0,3.0,0,6,14.0,6.0,0.0,1,0,0,0,0.0,4.0,11.333333333333334,0.6666666666666666,6.0,11.6,0.6,9.0,11.0,8.666666666666666,10.0,0.6,0.0,7.25
2026,8,15,15,0.0,16.0,70,Lapped,+1:05.647,colapinto,COL,43,Franco,Colapinto,Argentine,alpine,Alpine F1 Team,French,Austrian Grand Prix,2026-06-28,red_bull_ring,Red Bull Ring,Austria,16.0,68.17099999999999,,-1.0,,0.2,0.2,51.0,0,7,12.0,16.0,0.0,1,0,0,0,0.0,9.0,10.0,0.6666666666666666,15.0,10.6,0.4,34.0,46.0,5.333333333333333,6.0,0.5,5.0,15.0
2026,8,13,13,0.0,11.0,70,Lapped,+39.251,gasly,GAS,10,Pierre,Gasly,French,alpine,Alpine F1 Team,French,Austrian Grand Prix,2026-06-28,red_bull_ring,Red Bull Ring,Austria,11.0,67.223,,-1.0,,0.2,0.2,51.0,0,7,8.0,41.0,0.0,1,0,0,0,0.0,25.0,6.0,0.6666666666666666,31.0,9.2,0.6,34.0,46.0,5.333333333333333,6.0,0.5,0.0,12.0
2026,8,18,18,0.0,21.0,68,Lapped,+4.833,alonso,ALO,14,Fernando,Alonso,Spanish,aston_martin,Aston Martin,British,Austrian Grand Prix,2026-06-28,red_bull_ring,Red Bull Ring,Austria,21.0,69.94200000000001,,-1.0,,0.2,0.2,51.0,0,7,18.0,1.0,0.0,1,0,0,0,0.0,1.0,16.333333333333332,0.6666666666666666,1.0,16.4,0.8,1.0,1.0,14.666666666666666,15.4,0.9,0.0,10.0
2026,8,19,R,0.0,22.0,45,Retired,,stroll,STR,18,Lance,Stroll,Canadian,aston_martin,Aston Martin,British,Austrian Grand Prix,2026-06-28,red_bull_ring,Red Bull Ring,Austria,22.0,70.363,,-1.0,,0.2,0.2,51.0,0,7,22.0,0.0,0.0,1,0,0,0,0.0,0.0,18.333333333333332,1.0,0.0,18.6,1.0,1.0,1.0,14.666666666666666,15.4,0.9,1.0,12.25
2026,8,11,11,0.0,12.0,70,Lapped,+30.315,bortoleto,BOR,5,Gabriel,Bortoleto,Brazilian,audi,Audi,German,Austrian Grand Prix,2026-06-28,red_bull_ring,Red Bull Ring,Austria,12.0,67.293,,-1.0,,0.2,0.2,51.0,0,7,17.0,2.0,0.0,1,0,0,0,0.0,0.0,11.666666666666666,0.6666666666666666,0.0,12.0,0.6,0.0,0.0,11.333333333333334,11.4,0.6,0.0,8.0
2026,8,12,12,0.0,14.0,70,Lapped,+38.484,hulkenberg,HUL,27,Nico,Hülkenberg,German,audi,Audi,German,Austrian Grand Prix,2026-06-28,red_bull_ring,Red Bull Ring,Austria,14.0,67.611,,-1.0,,0.2,0.2,51.0,0,7,19.0,0.0,0.0,1,0,0,0,0.0,0.0,15.0,0.6666666666666666,0.0,15.0,0.6,0.0,0.0,11.333333333333334,11.4,0.6,2.0,11.666666666666666
2026,8,22,R,0.0,20.0,2,Retired,,bottas,BOT,77,Valtteri,Bottas,Finnish,cadillac,Cadillac F1 Team,American,Austrian Grand Prix,2026-06-28,red_bull_ring,Red Bull Ring,Austria,20.0,69.03,,-1.0,,0.2,0.2,51.0,0,7,20.0,0.0,0.0,1,0,0,0,0.0,0.0,19.333333333333332,1.0,0.0,19.0,1.0,0.0,0.0,15.0,15.6,0.8,1.0,14.0
2026,8,21,R,0.0,19.0,4,Retired,,perez,PER,11,Sergio,Pérez,Mexican,cadillac,Cadillac F1 Team,American,Austrian Grand Prix,2026-06-28,red_bull_ring,Red Bull Ring,Austria,19.0,68.945,,-1.0,,0.2,0.2,51.0,0,7,21.0,0.0,0.0,1,0,0,0,0.0,0.0,15.333333333333334,0.6666666666666666,0.0,15.8,0.6,0.0,0.0,15.0,15.6,0.8,0.0,10.0
2026,8,5,5,10.0,3.0,71,Finished,+26.393,hamilton,HAM,44,Lewis,Hamilton,British,ferrari,Ferrari,Italian,Austrian Grand Prix,2026-06-28,red_bull_ring,Red Bull Ring,Austria,3.0,66.408,66.408,-1.0,,0.2,0.2,51.0,0,7,2.0,115.0,1.0,0,0,0,0,0.0,61.0,1.6666666666666667,0.0,77.0,3.4,0.0,73.0,108.0,1.6666666666666667,2.8,0.2,1.0,4.75
2026,8,8,8,4.0,2.0,71,Finished,+45.659,leclerc,LEC,16,Charles,Leclerc,Monegasque,ferrari,Ferrari,Italian,Austrian Grand Prix,2026-06-28,red_bull_ring,Red Bull Ring,Austria,2.0,66.349,66.349,-1.0,,0.2,0.2,51.0,0,7,4.0,75.0,0.0,0,0,0,0,0.0,12.0,12.0,0.6666666666666666,31.0,9.4,0.4,73.0,108.0,1.6666666666666667,2.8,0.2,0.0,4.25
2026,8,14,14,0.0,13.0,70,Lapped,+1:02.677,bearman,BEA,87,Oliver,Bearman,British,haas,Haas F1 Team,American,Austrian Grand Prix,2026-06-28,red_bull_ring,Red Bull Ring,Austria,13.0,67.523,,-1.0,,0.2,0.2,51.0,0,7,11.0,18.0,0.0,1,0,0,0,0.0,1.0,15.666666666666666,1.0,1.0,16.0,1.0,3.0,4.0,10.666666666666666,10.6,0.8,0.0,11.0
2026,8,16,16,0.0,15.0,69,Lapped,+25.932,ocon,OCO,31,Esteban,Ocon,French,haas,Haas F1 Team,American,Austrian Grand Prix,2026-06-28,red_bull_ring,Red Bull Ring,Austria,15.0,67.81700000000001,,-1.0,,0.2,0.2,51.0,0,7,16.0,3.0,0.0,1,0,0,0,0.0,2.0,12.0,0.6666666666666666,3.0,11.8,0.6,3.0,4.0,10.666666666666666,10.6,0.8,2.0,10.25
2026,8,7,7,6.0,6.0,71,Finished,+31.505,norris,NOR,1,Lando,Norris,British,mclaren,McLaren,British,Austrian Grand Prix,2026-06-28,red_bull_ring,Red Bull Ring,Austria,6.0,66.502,66.502,-1.0,,0.2,0.2,51.0,0,7,5.0,73.0,0.0,0,0,0,0,0.0,15.0,13.333333333333334,0.6666666666666666,43.0,9.4,0.4,35.0,96.0,6.333333333333333,4.6,0.3,0.0,8.0
2026,8,4,4,12.0,7.0,71,Finished,+21.809,piastri,PIA,81,Oscar,Piastri,Australian,mclaren,McLaren,British,Austrian Grand Prix,2026-06-28,red_bull_ring,Red Bull Ring,Austria,7.0,66.511,66.511,-1.0,,0.2,0.2,51.0,0,7,6.0,68.0,0.0,0,0,0,0,0.0,20.0,7.0,0.3333333333333333,53.0,5.2,0.2,35.0,96.0,6.333333333333333,4.6,0.3,1.0,6.666666666666667
2026,8,3,3,15.0,4.0,71,Finished,+1.986,antonelli,ANT,12,Andrea Kimi,Antonelli,Italian,mercedes,Mercedes,German,Austrian Grand Prix,2026-06-28,red_bull_ring,Red Bull Ring,Austria,4.0,66.414,66.414,-1.0,,0.2,0.2,51.0,0,7,1.0,156.0,5.0,0,0,1,0,0.0,50.0,6.0,0.3333333333333333,100.0,4.0,0.2,68.0,142.0,1.3333333333333333,1.2,0.2,3.0,19.0
2026,8,1,1,25.0,1.0,71,Finished,1:26:37.979,russell,RUS,63,George,Russell,British,mercedes,Mercedes,German,Austrian Grand Prix,2026-06-28,red_bull_ring,Red Bull Ring,Austria,1.0,66.113,66.113,-1.0,,0.2,0.2,51.0,0,7,3.0,106.0,1.0,0,1,1,0,0.0,18.0,11.0,0.3333333333333333,42.0,8.2,0.2,68.0,142.0,1.3333333333333333,1.2,0.2,0.0,4.25
2026,8,10,10,1.0,10.0,70,Lapped,+19.030,arvid_lindblad,LIN,41,Arvid,Lindblad,British,rb,RB F1 Team,Italian,Austrian Grand Prix,2026-06-28,red_bull_ring,Red Bull Ring,Austria,10.0,67.007,67.007,-1.0,,0.2,0.2,51.0,0,7,13.0,13.0,0.0,1,0,0,0,0.0,8.0,12.666666666666666,0.6666666666666666,8.0,13.2,0.6,26.0,28.0,7.0,8.8,0.6,1.0,
2026,8,9,9,2.0,9.0,70,Lapped,+15.334,lawson,LAW,30,Liam,Lawson,New Zealander,rb,RB F1 Team,Italian,Austrian Grand Prix,2026-06-28,red_bull_ring,Red Bull Ring,Austria,9.0,66.955,66.955,-1.0,,0.2,0.2,51.0,0,7,10.0,28.0,0.0,1,0,0,0,0.0,18.0,7.0,0.6666666666666666,20.0,10.0,0.6,26.0,28.0,7.0,8.8,0.6,0.0,6.0
2026,8,6,6,8.0,8.0,71,Finished,+29.399,hadjar,HAD,6,Isack,Hadjar,French,red_bull,Red Bull,Austrian,Austrian Grand Prix,2026-06-28,red_bull_ring,Red Bull Ring,Austria,8.0,66.632,66.632,-1.0,,0.2,0.2,51.0,0,7,9.0,34.0,0.0,0,0,0,0,0.0,30.0,5.0,0.6666666666666666,30.0,9.8,0.6,57.0,71.0,3.6666666666666665,4.8,0.4,3.0,12.0
2026,8,2,2,18.0,5.0,71,Finished,+1.611,max_verstappen,VER,3,Max,Verstappen,Dutch,red_bull,Red Bull,Austrian,Austrian Grand Prix,2026-06-28,red_bull_ring,Red Bull Ring,Austria,5.0,66.475,66.475,-1.0,,0.2,0.2,51.0,0,7,7.0,55.0,0.0,0,0,1,0,0.0,27.0,9.666666666666666,0.3333333333333333,41.0,8.4,0.2,57.0,71.0,3.6666666666666665,4.8,0.4,0.0,6.5
2026,8,17,17,0.0,18.0,69,Lapped,+28.082,albon,ALB,23,Alexander,Albon,Thai,williams,Williams,British,Austrian Grand Prix,2026-06-28,red_bull_ring,Red Bull Ring,Austria,18.0,68.509,,-1.0,,0.2,0.2,51.0,0,7,15.0,5.0,0.0,1,0,0,0,0.0,4.0,15.666666666666666,0.6666666666666666,5.0,15.4,0.6,6.0,9.0,9.666666666666666,10.6,0.6,1.0,13.75
2026,8,20,R,0.0,17.0,23,Retired,,sainz,SAI,55,Carlos,Sainz,Spanish,williams,Williams,British,Austrian Grand Prix,2026-06-28,red_bull_ring,Red Bull Ring,Austria,17.0,68.252,,-1.0,,0.2,0.2,51.0,0,7,14.0,6.0,0.0,1,0,0,0,0.0,2.0,12.333333333333334,1.0,4.0,12.2,0.6,6.0,9.0,9.666666666666666,10.6,0.6,0.0,11.75
2026,9,9,9,2.0,19.0,52,Finished,+3.229,colapinto,COL,43,Franco,Colapinto,Argentine,alpine,Alpine F1 Team,French,British Grand Prix,2026-07-05,silverstone,Silverstone Circuit,UK,19.0,91.321,,12.0,0.0,0.0,0.0,3.0,0,8,12.0,16.0,0.0,0,0,0,1,0.0,1.0,13.0,0.6666666666666666,15.0,10.4,0.6,22.0,40.0,7.666666666666667,7.2,0.7,7.0,20.0
2026,9,10,10,1.0,15.0,52,Finished,+3.445,gasly,GAS,10,Pierre,Gasly,French,alpine,Alpine F1 Team,French,British Grand Prix,2026-07-05,silverstone,Silverstone Circuit,UK,12.0,90.063,,11.0,0.0,0.0,0.0,3.0,0,8,9.0,41.0,0.0,0,0,0,1,3.0,21.0,7.666666666666667,0.6666666666666666,25.0,10.4,0.8,22.0,40.0,7.666666666666667,7.2,0.7,0.0,15.0
2026,9,18,18,0.0,21.0,51,Lapped,+4.980,alonso,ALO,14,Fernando,Alonso,Spanish,aston_martin,Aston Martin,British,British Grand Prix,2026-07-05,silverstone,Silverstone Circuit,UK,22.0,93.025,,20.0,0.0,0.0,0.0,3.0,0,8,18.0,1.0,0.0,1,0,0,1,-1.0,1.0,15.666666666666666,0.6666666666666666,1.0,16.4,0.8,1.0,1.0,15.666666666666666,15.4,0.9,1.0,7.25
2026,9,19,19,0.0,22.0,51,Lapped,+6.750,stroll,STR,18,Lance,Stroll,Canadian,aston_martin,Aston Martin,British,British Grand Prix,2026-07-05,silverstone,Silverstone Circuit,UK,21.0,92.863,,21.0,0.0,0.0,0.0,3.0,0,8,22.0,0.0,0.0,1,0,0,1,1.0,0.0,19.666666666666668,1.0,0.0,18.2,1.0,1.0,1.0,15.666666666666666,15.4,0.9,0.0,9.75
2026,9,8,8,4.0,11.0,52,Finished,+2.413,bortoleto,BOR,5,Gabriel,Bortoleto,Brazilian,audi,Audi,German,British Grand Prix,2026-07-05,silverstone,Silverstone Circuit,UK,11.0,89.461,,13.0,0.0,0.0,0.0,3.0,0,8,17.0,2.0,0.0,0,0,0,1,0.0,0.0,11.0,0.6666666666666666,0.0,11.6,0.8,0.0,0.0,11.0,11.4,0.8,0.0,18.0
2026,9,22,R,0.0,12.0,36,Retired,,hulkenberg,HUL,27,Nico,Hülkenberg,German,audi,Audi,German,British Grand Prix,2026-07-05,silverstone,Silverstone Circuit,UK,13.0,90.076,,15.0,0.0,0.0,0.0,3.0,0,8,19.0,0.0,0.0,1,0,0,1,-1.0,0.0,15.0,0.6666666666666666,0.0,15.2,0.8,0.0,0.0,11.0,11.4,0.8,2.0,7.333333333333333
2026,9,16,16,0.0,18.0,52,Finished,+8.162,bottas,BOT,77,Valtteri,Bottas,Finnish,cadillac,Cadillac F1 Team,American,British Grand Prix,2026-07-05,silverstone,Silverstone Circuit,UK,18.0,91.227,,19.0,0.0,0.0,0.0,3.0,0,8,20.0,0.0,0.0,0,0,0,1,0.0,0.0,21.333333333333332,1.0,0.0,19.6,1.0,0.0,0.0,16.666666666666668,16.4,0.9,0.0,14.666666666666666
2026,9,14,14,0.0,20.0,52,Finished,+7.403,perez,PER,11,Sergio,Pérez,Mexican,cadillac,Cadillac F1 Team,American,British Grand Prix,2026-07-05,silverstone,Silverstone Circuit,UK,20.0,91.451,,22.0,0.0,0.0,0.0,3.0,0,8,21.0,0.0,0.0,0,0,0,1,0.0,0.0,16.666666666666668,0.6666666666666666,0.0,16.6,0.8,0.0,0.0,16.666666666666668,16.4,0.9,2.0,8.333333333333334
2026,9,3,3,15.0,3.0,52,Finished,+0.772,hamilton,HAM,44,Lewis,Hamilton,British,ferrari,Ferrari,Italian,British Grand Prix,2026-07-05,silverstone,Silverstone Circuit,UK,3.0,88.458,88.458,2.0,7.0,0.0,0.0,3.0,0,8,3.0,125.0,1.0,0,0,1,1,0.0,53.0,2.6666666666666665,0.0,79.0,3.2,0.0,57.0,99.0,2.6666666666666665,3.2,0.2,1.0,2.75
2026,9,1,1,25.0,2.0,52,Finished,1:27:11.335,leclerc,LEC,16,Charles,Leclerc,Monegasque,ferrari,Ferrari,Italian,British Grand Prix,2026-07-05,silverstone,Silverstone Circuit,UK,2.0,88.286,88.286,5.0,4.0,0.0,0.0,3.0,0,8,6.0,79.0,0.0,0,1,1,1,0.0,4.0,13.333333333333334,0.6666666666666666,20.0,10.4,0.4,57.0,99.0,2.6666666666666665,3.2,0.2,0.0,10.25
2026,9,12,12,0.0,13.0,52,Finished,+5.245,bearman,BEA,87,Oliver,Bearman,British,haas,Haas F1 Team,American,British Grand Prix,2026-07-05,silverstone,Silverstone Circuit,UK,14.0,90.501,,14.0,0.0,0.0,0.0,3.0,0,8,11.0,18.0,0.0,0,0,0,1,-1.0,0.0,17.0,1.0,1.0,14.4,1.0,2.0,3.0,12.0,11.4,0.9,0.0,11.0
2026,9,13,13,0.0,17.0,52,Finished,+5.512,ocon,OCO,31,Esteban,Ocon,French,haas,Haas F1 Team,American,British Grand Prix,2026-07-05,silverstone,Silverstone Circuit,UK,17.0,90.68,,16.0,0.0,0.0,0.0,3.0,0,8,16.0,3.0,0.0,0,0,0,1,0.0,2.0,12.666666666666666,0.6666666666666666,2.0,13.0,0.8,2.0,3.0,12.0,11.4,0.9,3.0,16.0
2026,9,4,4,12.0,6.0,52,Finished,+1.149,norris,NOR,1,Lando,Norris,British,mclaren,McLaren,British,British Grand Prix,2026-07-05,silverstone,Silverstone Circuit,UK,6.0,88.877,88.877,3.0,6.0,0.0,0.0,3.0,0,8,5.0,79.0,0.0,0,0,0,1,0.0,21.0,9.666666666666666,0.3333333333333333,39.0,9.8,0.4,53.0,86.0,4.0,5.0,0.3,0.0,3.0
2026,9,11,11,0.0,8.0,52,Finished,+4.014,piastri,PIA,81,Oscar,Piastri,Australian,mclaren,McLaren,British,British Grand Prix,2026-07-05,silverstone,Silverstone Circuit,UK,8.0,89.032,89.032,7.0,2.0,0.0,0.0,3.0,0,8,4.0,80.0,0.0,0,0,0,1,0.0,32.0,4.666666666666667,0.0,47.0,5.6,0.2,53.0,86.0,4.0,5.0,0.3,2.0,3.3333333333333335
2026,9,15,15,0.0,1.0,52,Finished,+8.005,antonelli,ANT,12,Andrea Kimi,Antonelli,Italian,mercedes,Mercedes,German,British Grand Prix,2026-07-05,silverstone,Silverstone Circuit,UK,1.0,88.111,88.111,1.0,8.0,0.0,0.0,3.0,0,8,1.0,171.0,5.0,0,0,0,1,0.0,40.0,6.666666666666667,0.3333333333333333,90.0,4.4,0.2,83.0,145.0,1.3333333333333333,1.2,0.2,0.0,16.0
2026,9,2,2,18.0,4.0,52,Finished,+0.427,russell,RUS,63,George,Russell,British,mercedes,Mercedes,German,British Grand Prix,2026-07-05,silverstone,Silverstone Circuit,UK,4.0,88.481,88.481,4.0,5.0,0.0,0.0,3.0,0,8,2.0,131.0,2.0,0,0,1,1,0.0,43.0,5.0,0.0,55.0,7.6,0.2,83.0,145.0,1.3333333333333333,1.2,0.2,3.0,13.0
2026,9,7,7,6.0,9.0,52,Finished,+2.214,arvid_lindblad,LIN,41,Arvid,Lindblad,British,rb,RB F1 Team,Italian,British Grand Prix,2026-07-05,silverstone,Silverstone Circuit,UK,9.0,89.305,89.305,10.0,0.0,0.0,0.0,3.0,0,8,13.0,14.0,0.0,0,0,0,1,0.0,9.0,8.666666666666666,0.6666666666666666,9.0,12.4,0.8,23.0,29.0,7.666666666666667,8.8,0.8,0.0,
2026,9,6,6,8.0,10.0,52,Finished,+2.023,lawson,LAW,30,Liam,Lawson,New Zealander,rb,RB F1 Team,Italian,British Grand Prix,2026-07-05,silverstone,Silverstone Circuit,UK,10.0,89.71600000000001,89.71600000000001,8.0,1.0,0.0,0.0,3.0,0,8,10.0,30.0,0.0,0,0,0,1,0.0,14.0,7.666666666666667,0.6666666666666666,20.0,10.0,0.8,23.0,29.0,7.666666666666667,8.8,0.8,1.0,19.0
2026,9,5,5,10.0,5.0,52,Finished,+1.598,hadjar,HAD,6,Isack,Hadjar,French,red_bull,Red Bull,Austrian,British Grand Prix,2026-07-05,silverstone,Silverstone Circuit,UK,5.0,88.746,88.746,9.0,0.0,0.0,0.0,3.0,0,8,8.0,42.0,0.0,0,0,0,1,0.0,28.0,5.333333333333333,0.3333333333333333,38.0,8.6,0.6,58.0,93.0,3.3333333333333335,3.6,0.4,0.0,17.0
2026,9,20,20,0.0,7.0,46,Retired,,max_verstappen,VER,3,Max,Verstappen,Dutch,red_bull,Red Bull,Austrian,British Grand Prix,2026-07-05,silverstone,Silverstone Circuit,UK,7.0,88.893,88.893,6.0,3.0,0.0,0.0,3.0,0,8,7.0,73.0,0.0,1,0,0,1,0.0,30.0,9.333333333333334,0.3333333333333333,55.0,7.2,0.2,58.0,93.0,3.3333333333333335,3.6,0.4,2.0,3.75
2026,9,21,R,0.0,16.0,43,Retired,,albon,ALB,23,Alexander,Albon,Thai,williams,Williams,British,British Grand Prix,2026-07-05,silverstone,Silverstone Circuit,UK,16.0,91.34100000000001,,18.0,0.0,0.0,0.0,3.0,0,8,15.0,5.0,0.0,1,0,0,1,0.0,4.0,14.333333333333334,0.6666666666666666,5.0,14.8,0.6,4.0,9.0,12.333333333333334,11.0,0.7,1.0,11.25
2026,9,17,17,0.0,14.0,51,Lapped,+4.391,sainz,SAI,55,Carlos,Sainz,Spanish,williams,Williams,British,British Grand Prix,2026-07-05,silverstone,Silverstone Circuit,UK,15.0,90.623,,17.0,0.0,0.0,0.0,3.0,0,8,14.0,6.0,0.0,1,0,0,1,-1.0,0.0,16.0,1.0,4.0,13.2,0.8,4.0,9.0,12.333333333333334,11.0,0.7,0.0,7.0
2026,10,10,10,1.0,11.0,44,Finished,+1:16.037,colapinto,COL,43,Franco,Colapinto,Argentine,alpine,Alpine F1 Team,French,Belgian Grand Prix,2026-07-19,spa,Circuit de Spa-Francorchamps,Belgium,13.0,106.392,,-1.0,,0.8,0.8,51.0,0,9,13.0,18.0,0.0,0,0,0,0,-2.0,3.0,11.333333333333334,0.6666666666666666,11.0,10.8,0.6,10.0,37.0,9.666666666666666,7.6,0.6,1.0,19.0
2026,10,11,11,0.0,10.0,44,Finished,+1:16.991,gasly,GAS,10,Pierre,Gasly,French,alpine,Alpine F1 Team,French,Belgian Grand Prix,2026-07-19,spa,Circuit de Spa-Francorchamps,Belgium,12.0,106.331,,-1.0,,0.8,0.8,51.0,0,9,9.0,42.0,0.0,0,0,0,0,-2.0,7.0,10.0,0.6666666666666666,26.0,8.2,0.6,10.0,37.0,9.666666666666666,7.6,0.6,0.0,10.75
2026,10,19,19,0.0,22.0,42,Lapped,+20.848,alonso,ALO,14,Fernando,Alonso,Spanish,aston_martin,Aston Martin,British,Belgian Grand Prix,2026-07-19,spa,Circuit de Spa-Francorchamps,Belgium,21.0,110.00200000000001,,-1.0,,0.8,0.8,51.0,0,9,18.0,1.0,0.0,1,0,0,0,1.0,0.0,18.333333333333332,1.0,1.0,17.0,0.8,0.0,1.0,18.333333333333332,16.0,0.9,0.0,8.75
2026,10,20,R,0.0,20.0,25,Retired,,stroll,STR,18,Lance,Stroll,Canadian,aston_martin,Aston Martin,British,Belgian Grand Prix,2026-07-19,spa,Circuit de Spa-Francorchamps,Belgium,22.0,110.17699999999999,,-1.0,,0.8,0.8,51.0,0,9,22.0,0.0,0.0,1,0,0,0,-2.0,0.0,20.0,1.0,0.0,18.6,1.0,0.0,1.0,18.333333333333332,16.0,0.9,1.0,11.25
2026,10,8,8,4.0,8.0,44,Finished,+49.140,bortoleto,BOR,5,Gabriel,Bortoleto,Brazilian,audi,Audi,German,Belgian Grand Prix,2026-07-19,spa,Circuit de Spa-Francorchamps,Belgium,9.0,105.628,105.628,-1.0,,0.8,0.8,51.0,0,9,14.0,6.0,0.0,0,0,0,0,-1.0,4.0,10.0,0.6666666666666666,4.0,10.8,0.6,4.0,4.0,10.0,10.6,0.7,0.0,9.0
2026,10,13,13,0.0,12.0,44,Finished,+1:18.348,hulkenberg,HUL,27,Nico,Hülkenberg,German,audi,Audi,German,Belgian Grand Prix,2026-07-19,spa,Circuit de Spa-Francorchamps,Belgium,14.0,106.67099999999999,,-1.0,,0.8,0.8,51.0,0,9,19.0,0.0,0.0,0,0,0,0,-2.0,0.0,18.0,1.0,0.0,15.8,0.8,4.0,4.0,10.0,10.6,0.7,5.0,16.0
2026,10,18,18,0.0,17.0,43,Lapped,+1:00.979,bottas,BOT,77,Valtteri,Bottas,Finnish,cadillac,Cadillac F1 Team,American,Belgian Grand Prix,2026-07-19,spa,Circuit de Spa-Francorchamps,Belgium,19.0,107.82300000000001,,-1.0,,0.8,0.8,51.0,0,9,20.0,0.0,0.0,1,0,0,0,-2.0,0.0,19.666666666666668,0.6666666666666666,0.0,19.2,0.8,0.0,0.0,16.333333333333332,16.0,0.7,0.0,15.333333333333334
2026,10,21,R,0.0,18.0,13,Retired,,perez,PER,11,Sergio,Pérez,Mexican,cadillac,Cadillac F1 Team,American,Belgian Grand Prix,2026-07-19,spa,Circuit de Spa-Francorchamps,Belgium,20.0,107.971,,-1.0,,0.8,0.8,51.0,0,9,21.0,0.0,0.0,1,0,0,0,-2.0,0.0,16.333333333333332,0.6666666666666666,0.0,16.2,0.6,0.0,0.0,16.333333333333332,16.0,0.7,1.0,3.6666666666666665
2026,10,4,4,12.0,5.0,44,Finished,+17.245,hamilton,HAM,44,Lewis,Hamilton,British,ferrari,Ferrari,Italian,Belgian Grand Prix,2026-07-19,spa,Circuit de Spa-Francorchamps,Belgium,6.0,104.89500000000001,104.89500000000001,-1.0,,0.8,0.8,51.0,0,9,3.0,147.0,1.0,0,0,0,0,-1.0,50.0,3.0,0.0,86.0,2.6,0.0,79.0,127.0,2.3333333333333335,2.2,0.2,1.0,8.0
2026,10,2,2,18.0,4.0,44,Finished,+1.952,leclerc,LEC,16,Charles,Leclerc,Monegasque,ferrari,Ferrari,Italian,Belgian Grand Prix,2026-07-19,spa,Circuit de Spa-Francorchamps,Belgium,5.0,104.893,104.893,-1.0,,0.8,0.8,51.0,0,9,4.0,108.0,1.0,0,0,1,0,-1.0,29.0,8.0,0.3333333333333333,41.0,9.0,0.4,79.0,127.0,2.3333333333333335,2.2,0.2,0.0,3.75
2026,10,14,14,0.0,14.0,44,Finished,+1:34.465,bearman,BEA,87,Oliver,Bearman,British,haas,Haas F1 Team,American,Belgian Grand Prix,2026-07-19,spa,Circuit de Spa-Francorchamps,Belgium,16.0,106.779,,-1.0,,0.8,0.8,51.0,0,9,12.0,18.0,0.0,0,0,0,0,-2.0,0.0,14.333333333333334,0.6666666666666666,1.0,14.6,0.8,0.0,3.0,13.0,11.6,0.7,0.0,11.0
2026,10,17,17,0.0,16.0,44,Finished,+1:50.925,ocon,OCO,31,Esteban,Ocon,French,haas,Haas F1 Team,American,Belgian Grand Prix,2026-07-19,spa,Circuit de Spa-Francorchamps,Belgium,18.0,107.801,,-1.0,,0.8,0.8,51.0,0,9,17.0,3.0,0.0,0,0,0,0,-2.0,0.0,14.0,0.6666666666666666,2.0,13.0,0.6,0.0,3.0,13.0,11.6,0.7,2.0,9.75
2026,10,7,7,6.0,13.0,44,Finished,+24.014,norris,NOR,1,Lando,Norris,British,mclaren,McLaren,British,Belgian Grand Prix,2026-07-19,spa,Circuit de Spa-Francorchamps,Belgium,3.0,104.801,104.801,-1.0,,0.8,0.8,51.0,0,9,5.0,97.0,0.0,0,0,0,0,10.0,33.0,4.666666666666667,0.0,33.0,10.2,0.4,55.0,65.0,3.6666666666666665,5.4,0.3,0.0,6.5
2026,10,5,5,10.0,6.0,44,Finished,+18.988,piastri,PIA,81,Oscar,Piastri,Australian,mclaren,McLaren,British,Belgian Grand Prix,2026-07-19,spa,Circuit de Spa-Francorchamps,Belgium,7.0,105.01599999999999,105.01599999999999,-1.0,,0.8,0.8,51.0,0,9,6.0,82.0,0.0,0,0,0,0,-1.0,22.0,6.666666666666667,0.0,32.0,7.2,0.2,55.0,65.0,3.6666666666666665,5.4,0.3,4.0,7.666666666666667
2026,10,1,1,25.0,1.0,44,Finished,1:24:42.479,antonelli,ANT,12,Andrea Kimi,Antonelli,Italian,mercedes,Mercedes,German,Belgian Grand Prix,2026-07-19,spa,Circuit de Spa-Francorchamps,Belgium,1.0,104.36099999999999,104.36099999999999,-1.0,,0.8,0.8,51.0,0,9,1.0,179.0,5.0,0,1,1,0,0.0,15.0,11.333333333333334,0.3333333333333333,65.0,7.2,0.2,76.0,126.0,1.6666666666666667,1.4,0.2,0.0,16.0
2026,10,22,R,0.0,3.0,0,Retired,,russell,RUS,63,George,Russell,British,mercedes,Mercedes,German,Belgian Grand Prix,2026-07-19,spa,Circuit de Spa-Francorchamps,Belgium,4.0,104.869,104.869,-1.0,,0.8,0.8,51.0,0,9,2.0,154.0,2.0,1,0,0,0,-1.0,61.0,1.6666666666666667,0.0,61.0,7.2,0.2,76.0,126.0,1.6666666666666667,1.4,0.2,3.0,8.75
2026,10,9,9,2.0,7.0,44,Finished,+50.406,arvid_lindblad,LIN,41,Arvid,Lindblad,British,rb,RB F1 Team,Italian,Belgian Grand Prix,2026-07-19,spa,Circuit de Spa-Francorchamps,Belgium,8.0,105.143,105.143,-1.0,,0.8,0.8,51.0,0,9,11.0,20.0,0.0,0,0,0,0,-1.0,9.0,8.666666666666666,0.6666666666666666,15.0,11.0,0.6,23.0,43.0,7.666666666666667,7.2,0.6,0.0,
2026,10,12,12,0.0,9.0,44,Finished,+1:17.523,lawson,LAW,30,Liam,Lawson,New Zealander,rb,RB F1 Team,Italian,Belgian Grand Prix,2026-07-19,spa,Circuit de Spa-Francorchamps,Belgium,11.0,106.12,,-1.0,,0.8,0.8,51.0,0,9,10.0,39.0,0.0,0,0,0,0,-2.0,14.0,7.666666666666667,0.6666666666666666,28.0,7.2,0.6,23.0,43.0,7.666666666666667,7.2,0.6,3.0,8.0
2026,10,6,6,8.0,21.0,44,Finished,+23.307,hadjar,HAD,6,Isack,Hadjar,French,red_bull,Red Bull,Austrian,Belgian Grand Prix,2026-07-19,spa,Circuit de Spa-Francorchamps,Belgium,10.0,105.82300000000001,,-1.0,,0.8,0.8,51.0,0,9,8.0,52.0,0.0,0,0,0,0,11.0,26.0,5.666666666666667,0.3333333333333333,48.0,5.2,0.4,56.0,93.0,3.6666666666666665,3.6,0.4,8.0,20.0
2026,10,3,3,15.0,2.0,44,Finished,+11.586,max_verstappen,VER,3,Max,Verstappen,Dutch,red_bull,Red Bull,Austrian,Belgian Grand Prix,2026-07-19,spa,Circuit de Spa-Francorchamps,Belgium,2.0,104.678,104.678,-1.0,,0.8,0.8,51.0,0,9,7.0,76.0,0.0,0,0,1,0,0.0,30.0,8.666666666666666,0.3333333333333333,45.0,10.2,0.4,56.0,93.0,3.6666666666666665,3.6,0.4,0.0,2.5
2026,10,15,15,0.0,15.0,44,Finished,+1:44.684,albon,ALB,23,Alexander,Albon,Thai,williams,Williams,British,Belgian Grand Prix,2026-07-19,spa,Circuit de Spa-Francorchamps,Belgium,17.0,107.12,,-1.0,,0.8,0.8,51.0,0,9,16.0,5.0,0.0,0,0,0,0,-2.0,0.0,18.666666666666668,1.0,4.0,17.0,0.8,0.0,6.0,15.333333333333334,12.6,0.9,2.0,10.5
2026,10,16,16,0.0,19.0,44,Finished,+1:45.856,sainz,SAI,55,Carlos,Sainz,Spanish,williams,Williams,British,Belgian Grand Prix,2026-07-19,spa,Circuit de Spa-Francorchamps,Belgium,15.0,106.777,,-1.0,,0.8,0.8,51.0,0,9,15.0,6.0,0.0,0,0,0,0,4.0,0.0,16.333333333333332,1.0,2.0,14.8,1.0,0.0,6.0,15.333333333333334,12.6,0.9,0.0,11.5
2026,11,15,15,0.0,13.0,68,Lapped,+3.876,colapinto,COL,43,Franco,Colapinto,Argentine,alpine,Alpine F1 Team,French,Hungarian Grand Prix,2026-07-26,hungaroring,Hungaroring,Hungary,13.0,79.027,,-1.0,,0.0,0.0,3.0,0,10,12.0,19.0,0.0,1,0,0,0,0.0,3.0,11.333333333333334,0.3333333333333333,4.0,11.6,0.4,4.0,26.0,10.666666666666666,8.4,0.4,1.0,18.0
2026,11,12,12,0.0,12.0,69,Lapped,+53.429,gasly,GAS,10,Pierre,Gasly,French,alpine,Alpine F1 Team,French,Hungarian Grand Prix,2026-07-26,hungaroring,Hungaroring,Hungary,12.0,78.844,,-1.0,,0.0,0.0,3.0,0,10,9.0,42.0,0.0,1,0,0,0,0.0,1.0,11.333333333333334,0.3333333333333333,22.0,8.8,0.4,4.0,26.0,10.666666666666666,8.4,0.4,0.0,17.75
2026,11,14,14,0.0,16.0,69,Lapped,+1:06.052,alonso,ALO,14,Fernando,Alonso,Spanish,aston_martin,Aston Martin,British,Hungarian Grand Prix,2026-07-26,hungaroring,Hungaroring,Hungary,16.0,79.80799999999999,,-1.0,,0.0,0.0,3.0,0,10,18.0,1.0,0.0,1,0,0,0,0.0,0.0,18.333333333333332,1.0,1.0,16.8,0.8,0.0,1.0,18.333333333333332,16.8,0.9,0.0,8.25
2026,11,13,13,0.0,20.0,69,Lapped,+1:03.828,stroll,STR,18,Lance,Stroll,Canadian,aston_martin,Aston Martin,British,Hungarian Grand Prix,2026-07-26,hungaroring,Hungaroring,Hungary,20.0,80.65899999999999,,-1.0,,0.0,0.0,3.0,0,10,22.0,0.0,0.0,1,0,0,0,0.0,0.0,19.333333333333332,1.0,0.0,19.6,1.0,0.0,1.0,18.333333333333332,16.8,0.9,4.0,9.5
2026,11,11,11,0.0,14.0,69,Lapped,+52.028,bortoleto,BOR,5,Gabriel,Bortoleto,Brazilian,audi,Audi,German,Hungarian Grand Prix,2026-07-26,hungaroring,Hungaroring,Hungary,14.0,79.105,,-1.0,,0.0,0.0,3.0,0,10,14.0,10.0,0.0,1,0,0,0,0.0,8.0,9.0,0.3333333333333333,8.0,9.8,0.4,8.0,8.0,9.0,9.8,0.5,4.0,6.0
2026,11,9,9,2.0,10.0,69,Lapped,+30.382,hulkenberg,HUL,27,Nico,Hülkenberg,German,audi,Audi,German,Hungarian Grand Prix,2026-07-26,hungaroring,Hungaroring,Hungary,10.0,78.686,78.686,-1.0,,0.0,0.0,3.0,0,10,19.0,0.0,0.0,1,0,0,0,0.0,0.0,15.666666666666666,0.6666666666666666,0.0,16.0,0.6,8.0,8.0,9.0,9.8,0.5,0.0,13.333333333333334
2026,11,22,R,0.0,21.0,13,Retired,,bottas,BOT,77,Valtteri,Bottas,Finnish,cadillac,Cadillac F1 Team,American,Hungarian Grand Prix,2026-07-26,hungaroring,Hungaroring,Hungary,21.0,80.886,,-1.0,,0.0,0.0,3.0,0,10,20.0,0.0,0.0,1,0,0,0,0.0,0.0,18.666666666666668,0.6666666666666666,0.0,19.6,0.8,0.0,0.0,17.666666666666668,16.4,0.7,0.0,16.0
2026,11,21,R,0.0,22.0,48,Retired,,perez,PER,11,Sergio,Pérez,Mexican,cadillac,Cadillac F1 Team,American,Hungarian Grand Prix,2026-07-26,hungaroring,Hungaroring,Hungary,22.0,81.322,,-1.0,,0.0,0.0,3.0,0,10,21.0,0.0,0.0,1,0,0,0,0.0,0.0,18.666666666666668,0.6666666666666666,0.0,17.0,0.6,0.0,0.0,17.666666666666668,16.4,0.7,1.0,5.0
2026,11,5,5,10.0,5.0,70,Finished,+24.540,hamilton,HAM,44,Lewis,Hamilton,British,ferrari,Ferrari,Italian,Hungarian Grand Prix,2026-07-26,hungaroring,Hungaroring,Hungary,2.0,77.219,77.219,-1.0,,0.0,0.0,3.0,0,10,2.0,159.0,1.0,0,0,0,0,3.0,37.0,4.0,0.0,80.0,3.0,0.0,84.0,127.0,2.6666666666666665,2.2,0.2,0.0,5.25
2026,11,4,4,12.0,2.0,70,Finished,+23.840,leclerc,LEC,16,Charles,Leclerc,Monegasque,ferrari,Ferrari,Italian,Hungarian Grand Prix,2026-07-26,hungaroring,Hungaroring,Hungary,3.0,77.445,77.445,-1.0,,0.0,0.0,3.0,0,10,4.0,126.0,1.0,0,0,0,0,-1.0,47.0,3.6666666666666665,0.0,47.0,8.6,0.4,84.0,127.0,2.6666666666666665,2.2,0.2,1.0,5.25
2026,11,19,19,0.0,17.0,68,Lapped,+57.198,bearman,BEA,87,Oliver,Bearman,British,haas,Haas F1 Team,American,Hungarian Grand Prix,2026-07-26,hungaroring,Hungaroring,Hungary,17.0,80.233,,-1.0,,0.0,0.0,3.0,0,10,13.0,18.0,0.0,1,0,0,0,0.0,0.0,13.333333333333334,0.3333333333333333,0.0,15.4,0.6,0.0,2.0,13.333333333333334,12.4,0.5,2.0,20.0
2026,11,16,16,0.0,15.0,68,Lapped,+12.859,ocon,OCO,31,Esteban,Ocon,French,haas,Haas F1 Team,American,Hungarian Grand Prix,2026-07-26,hungaroring,Hungaroring,Hungary,15.0,79.73400000000001,,-1.0,,0.0,0.0,3.0,0,10,17.0,3.0,0.0,1,0,0,0,0.0,0.0,15.333333333333334,0.3333333333333333,2.0,13.6,0.4,0.0,2.0,13.333333333333334,12.4,0.5,0.0,15.5
2026,11,1,1,25.0,1.0,70,Finished,1:39:56.180,norris,NOR,1,Lando,Norris,British,mclaren,McLaren,British,Hungarian Grand Prix,2026-07-26,hungaroring,Hungaroring,Hungary,1.0,77.207,77.207,-1.0,,0.0,0.0,3.0,0,10,5.0,103.0,0.0,0,1,1,0,0.0,24.0,6.0,0.0,39.0,8.0,0.2,46.0,81.0,4.333333333333333,4.2,0.1,0.0,3.0
2026,11,20,R,0.0,3.0,55,Retired,,piastri,PIA,81,Oscar,Piastri,Australian,mclaren,McLaren,British,Hungarian Grand Prix,2026-07-26,hungaroring,Hungaroring,Hungary,5.0,77.684,77.684,-1.0,,0.0,0.0,3.0,0,10,6.0,92.0,0.0,1,0,0,0,-2.0,22.0,6.666666666666667,0.0,42.0,6.0,0.0,46.0,81.0,4.333333333333333,4.2,0.1,4.0,2.6666666666666665
2026,11,3,3,15.0,7.0,70,Finished,+18.728,antonelli,ANT,12,Andrea Kimi,Antonelli,Italian,mercedes,Mercedes,German,Hungarian Grand Prix,2026-07-26,hungaroring,Hungaroring,Hungary,4.0,77.479,77.479,-1.0,,0.0,0.0,3.0,0,10,1.0,204.0,6.0,0,0,1,0,3.0,40.0,6.333333333333333,0.0,65.0,7.2,0.2,83.0,126.0,1.3333333333333333,1.4,0.2,0.0,10.0
2026,11,7,7,6.0,6.0,70,Finished,+57.503,russell,RUS,63,George,Russell,British,mercedes,Mercedes,German,Hungarian Grand Prix,2026-07-26,hungaroring,Hungaroring,Hungary,7.0,77.76,77.76,-1.0,,0.0,0.0,3.0,0,10,3.0,154.0,2.0,0,0,0,0,-1.0,43.0,8.333333333333334,0.3333333333333333,61.0,7.8,0.2,83.0,126.0,1.3333333333333333,1.4,0.2,3.0,5.0
2026,11,10,10,1.0,9.0,69,Lapped,+51.050,arvid_lindblad,LIN,41,Arvid,Lindblad,British,rb,RB F1 Team,Italian,Hungarian Grand Prix,2026-07-26,hungaroring,Hungaroring,Hungary,9.0,78.281,78.281,-1.0,,0.0,0.0,3.0,0,10,11.0,22.0,0.0,1,0,0,0,0.0,9.0,8.666666666666666,0.3333333333333333,17.0,8.4,0.4,19.0,39.0,8.0,7.6,0.4,0.0,
2026,11,8,8,4.0,11.0,69,Lapped,+28.033,lawson,LAW,30,Liam,Lawson,New Zealander,rb,RB F1 Team,Italian,Hungarian Grand Prix,2026-07-26,hungaroring,Hungaroring,Hungary,11.0,78.765,,-1.0,,0.0,0.0,3.0,0,10,10.0,39.0,0.0,1,0,0,0,0.0,10.0,9.0,0.3333333333333333,22.0,8.2,0.4,19.0,39.0,8.0,7.6,0.4,2.0,8.0
2026,11,6,6,8.0,8.0,70,Finished,+55.488,hadjar,HAD,6,Isack,Hadjar,French,red_bull,Red Bull,Austrian,Hungarian Grand Prix,2026-07-26,hungaroring,Hungaroring,Hungary,8.0,77.856,77.856,-1.0,,0.0,0.0,3.0,0,10,8.0,60.0,0.0,0,0,0,0,0.0,26.0,5.666666666666667,0.0,46.0,5.4,0.2,59.0,91.0,3.3333333333333335,3.6,0.3,2.0,11.0
2026,11,2,2,18.0,4.0,70,Finished,+15.080,max_verstappen,VER,3,Max,Verstappen,Dutch,red_bull,Red Bull,Austrian,Hungarian Grand Prix,2026-07-26,hungaroring,Hungaroring,Hungary,6.0,77.725,77.725,-1.0,,0.0,0.0,3.0,0,10,7.0,91.0,0.0,0,0,1,0,-2.0,33.0,8.333333333333334,0.3333333333333333,45.0,10.2,0.4,59.0,91.0,3.3333333333333335,3.6,0.3,0.0,4.0
2026,11,17,17,0.0,19.0,68,Lapped,+52.729,albon,ALB,23,Alexander,Albon,Thai,williams,Williams,British,Hungarian Grand Prix,2026-07-26,hungaroring,Hungaroring,Hungary,19.0,80.658,,-1.0,,0.0,0.0,3.0,0,10,16.0,5.0,0.0,1,0,0,0,0.0,0.0,17.666666666666668,0.6666666666666666,4.0,15.8,0.6,0.0,4.0,16.333333333333332,13.8,0.7,1.0,14.25
2026,11,18,18,0.0,18.0,68,Lapped,+52.973,sainz,SAI,55,Carlos,Sainz,Spanish,williams,Williams,British,Hungarian Grand Prix,2026-07-26,hungaroring,Hungaroring,Hungary,18.0,80.621,,-1.0,,0.0,0.0,3.0,0,10,15.0,6.0,0.0,1,0,0,0,0.0,0.0,17.666666666666668,0.6666666666666666,0.0,16.2,0.8,0.0,4.0,16.333333333333332,13.8,0.7,0.0,8.0
2026,12,14,14,0.0,14.0,70,Lapped,+20.534,colapinto,COL,43,Franco,Colapinto,Argentine,alpine,Alpine F1 Team,French,Dutch Grand Prix,2026-08-23,zandvoort,Circuit Park Zandvoort,Netherlands,14.0,72.8,,12.0,0.0,1.7,1.7,53.0,1,11,12.0,19.0,0.0,1,0,0,1,0.0,3.0,11.333333333333334,0.3333333333333333,4.0,11.8,0.6,4.0,11.0,10.333333333333334,10.2,0.6,3.0,11.0
2026,12,10,10,1.0,11.0,71,Lapped,+49.640,gasly,GAS,10,Pierre,Gasly,French,alpine,Alpine F1 Team,French,Dutch Grand Prix,2026-08-23,zandvoort,Circuit Park Zandvoort,Netherlands,11.0,72.616,,8.0,1.0,1.7,1.7,53.0,1,11,10.0,42.0,0.0,1,0,0,1,0.0,1.0,11.0,0.3333333333333333,7.0,10.6,0.6,4.0,11.0,10.333333333333334,10.2,0.6,0.0,10.0
2026,12,9,9,2.0,18.0,71,Lapped,+48.393,alonso,ALO,14,Fernando,Alonso,Spanish,aston_martin,Aston Martin,British,Dutch Grand Prix,2026-08-23,zandvoort,Circuit Park Zandvoort,Netherlands,18.0,73.65,,18.0,0.0,1.7,1.7,53.0,1,11,19.0,1.0,0.0,1,0,0,1,0.0,0.0,17.0,1.0,0.0,17.6,1.0,0.0,0.0,16.666666666666668,17.4,1.0,0.0,6.5
2026,12,20,R,0.0,19.0,45,Retired,,stroll,STR,18,Lance,Stroll,Canadian,aston_martin,Aston Martin,British,Dutch Grand Prix,2026-08-23,zandvoort,Circuit Park Zandvoort,Netherlands,19.0,73.818,,17.0,0.0,1.7,1.7,53.0,1,11,20.0,0.0,0.0,1,0,0,1,0.0,0.0,17.333333333333332,1.0,0.0,18.6,1.0,0.0,0.0,16.666666666666668,17.4,1.0,1.0,10.25
2026,12,13,13,0.0,9.0,71,Lapped,+1:06.235,bortoleto,BOR,5,Gabriel,Bortoleto,Brazilian,audi,Audi,German,Dutch Grand Prix,2026-08-23,zandvoort,Circuit Park Zandvoort,Netherlands,9.0,72.07900000000001,72.07900000000001,9.0,0.0,1.7,1.7,53.0,1,11,14.0,10.0,0.0,1,0,0,1,0.0,8.0,9.0,0.3333333333333333,8.0,9.8,0.6,10.0,10.0,8.333333333333334,9.4,0.7,0.0,15.0
2026,12,8,8,4.0,13.0,71,Lapped,+36.049,hulkenberg,HUL,27,Nico,Hülkenberg,German,audi,Audi,German,Dutch Grand Prix,2026-08-23,zandvoort,Circuit Park Zandvoort,Netherlands,13.0,72.797,,22.0,0.0,1.7,1.7,53.0,1,11,18.0,2.0,0.0,1,0,0,1,0.0,2.0,14.666666666666666,0.6666666666666666,2.0,15.2,0.8,10.0,10.0,8.333333333333334,9.4,0.7,4.0,12.333333333333334
2026,12,18,R,0.0,21.0,61,Retired,,bottas,BOT,77,Valtteri,Bottas,Finnish,cadillac,Cadillac F1 Team,American,Dutch Grand Prix,2026-08-23,zandvoort,Circuit Park Zandvoort,Netherlands,21.0,74.371,,19.0,0.0,1.7,1.7,53.0,1,11,21.0,0.0,0.0,1,0,0,1,0.0,0.0,18.666666666666668,0.6666666666666666,0.0,19.8,0.8,0.0,0.0,17.666666666666668,17.6,0.8,0.0,17.333333333333332
2026,12,15,15,0.0,22.0,70,Lapped,+58.582,perez,PER,11,Sergio,Pérez,Mexican,cadillac,Cadillac F1 Team,American,Dutch Grand Prix,2026-08-23,zandvoort,Circuit Park Zandvoort,Netherlands,22.0,74.6,,21.0,0.0,1.7,1.7,53.0,1,11,22.0,0.0,0.0,1,0,0,1,0.0,0.0,18.666666666666668,0.6666666666666666,0.0,18.2,0.8,0.0,0.0,17.666666666666668,17.6,0.8,1.0,5.0
2026,12,4,4,12.0,5.0,72,Finished,+16.755,hamilton,HAM,44,Lewis,Hamilton,British,ferrari,Ferrari,Italian,Dutch Grand Prix,2026-08-23,zandvoort,Circuit Park Zandvoort,Netherlands,5.0,71.494,71.494,7.0,2.0,1.7,1.7,53.0,1,11,2.0,169.0,1.0,0,0,0,1,0.0,37.0,4.0,0.0,72.0,3.6,0.0,92.0,131.0,2.3333333333333335,2.6,0.1,0.0,9.5
2026,12,5,5,10.0,6.0,72,Finished,+17.258,leclerc,LEC,16,Charles,Leclerc,Monegasque,ferrari,Ferrari,Italian,Dutch Grand Prix,2026-08-23,zandvoort,Circuit Park Zandvoort,Netherlands,6.0,71.55799999999999,71.55799999999999,2.0,7.0,1.7,1.7,53.0,1,11,4.0,138.0,1.0,0,0,0,1,0.0,55.0,2.3333333333333335,0.0,59.0,6.0,0.2,92.0,131.0,2.3333333333333335,2.6,0.1,1.0,11.0
2026,12,21,R,0.0,20.0,2,Retired,,bearman,BEA,87,Oliver,Bearman,British,haas,Haas F1 Team,American,Dutch Grand Prix,2026-08-23,zandvoort,Circuit Park Zandvoort,Netherlands,20.0,73.826,,15.0,0.0,1.7,1.7,53.0,1,11,13.0,18.0,0.0,1,0,0,1,0.0,0.0,15.0,0.3333333333333333,0.0,15.2,0.6,0.0,0.0,14.0,13.8,0.6,5.0,6.0
2026,12,19,R,0.0,15.0,52,Retired,,ocon,OCO,31,Esteban,Ocon,French,haas,Haas F1 Team,American,Dutch Grand Prix,2026-08-23,zandvoort,Circuit Park Zandvoort,Netherlands,15.0,73.137,,14.0,0.0,1.7,1.7,53.0,1,11,17.0,3.0,0.0,1,0,0,1,0.0,0.0,15.333333333333334,0.3333333333333333,0.0,15.0,0.6,0.0,0.0,14.0,13.8,0.6,0.0,11.0
2026,12,1,1,25.0,1.0,72,Finished,2:04:44.859,norris,NOR,1,Lando,Norris,British,mclaren,McLaren,British,Dutch Grand Prix,2026-08-23,zandvoort,Circuit Park Zandvoort,Netherlands,1.0,71.163,71.163,3.0,6.0,1.7,1.7,53.0,1,11,5.0,128.0,1.0,0,1,1,1,0.0,43.0,4.0,0.0,64.0,4.4,0.0,53.0,96.0,3.3333333333333335,3.4,0.1,0.0,8.25
2026,12,6,6,8.0,4.0,72,Finished,+32.332,piastri,PIA,81,Oscar,Piastri,Australian,mclaren,McLaren,British,Dutch Grand Prix,2026-08-23,zandvoort,Circuit Park Zandvoort,Netherlands,4.0,71.305,71.305,5.0,4.0,1.7,1.7,53.0,1,11,7.0,92.0,0.0,0,0,0,1,0.0,10.0,12.0,0.3333333333333333,32.0,9.0,0.2,53.0,96.0,3.3333333333333335,3.4,0.1,3.0,4.666666666666667
2026,12,2,2,18.0,3.0,72,Finished,+11.536,antonelli,ANT,12,Andrea Kimi,Antonelli,Italian,mercedes,Mercedes,German,Dutch Grand Prix,2026-08-23,zandvoort,Circuit Park Zandvoort,Netherlands,3.0,71.29599999999999,71.29599999999999,4.0,5.0,1.7,1.7,53.0,1,11,1.0,219.0,6.0,0,0,1,1,0.0,40.0,6.333333333333333,0.0,55.0,7.6,0.2,64.0,122.0,2.0,1.8,0.2,1.0,16.0
2026,12,3,3,15.0,2.0,72,Finished,+15.906,russell,RUS,63,George,Russell,British,mercedes,Mercedes,German,Dutch Grand Prix,2026-08-23,zandvoort,Circuit Park Zandvoort,Netherlands,2.0,71.265,71.265,1.0,8.0,1.7,1.7,53.0,1,11,3.0,160.0,2.0,0,0,1,1,0.0,24.0,10.333333333333334,0.3333333333333333,67.0,6.8,0.2,64.0,122.0,2.0,1.8,0.2,0.0,7.5
2026,12,12,12,0.0,10.0,71,Lapped,+1:05.680,arvid_lindblad,LIN,41,Arvid,Lindblad,British,rb,RB F1 Team,Italian,Dutch Grand Prix,2026-08-23,zandvoort,Circuit Park Zandvoort,Netherlands,10.0,72.185,72.185,10.0,0.0,1.7,1.7,53.0,1,11,11.0,23.0,0.0,1,0,0,1,0.0,9.0,8.666666666666666,0.3333333333333333,12.0,9.0,0.6,21.0,30.0,7.666666666666667,8.0,0.6,0.0,
2026,12,11,11,0.0,12.0,71,Lapped,+54.322,tsunoda,TSU,22,Yuki,Tsunoda,Japanese,rb,RB F1 Team,Italian,Dutch Grand Prix,2026-08-23,zandvoort,Circuit Park Zandvoort,Netherlands,12.0,72.627,,13.0,0.0,1.7,1.7,53.0,1,11,,,,1,0,0,1,0.0,1.0,12.0,0.0,1.0,12.8,0.0,21.0,30.0,7.666666666666667,8.0,0.6,2.0,15.25
2026,12,7,7,6.0,8.0,72,Finished,+1:19.915,lawson,LAW,30,Liam,Lawson,New Zealander,red_bull,Red Bull,Austrian,Dutch Grand Prix,2026-08-23,zandvoort,Circuit Park Zandvoort,Netherlands,8.0,71.733,71.733,11.0,0.0,1.7,1.7,53.0,1,11,9.0,43.0,0.0,0,0,0,1,0.0,12.0,8.666666666666666,0.3333333333333333,18.0,8.6,0.6,59.0,105.0,3.3333333333333335,3.2,0.2,1.0,12.5
2026,12,22,R,0.0,7.0,0,Retired,,max_verstappen,VER,3,Max,Verstappen,Dutch,red_bull,Red Bull,Austrian,Dutch Grand Prix,2026-08-23,zandvoort,Circuit Park Zandvoort,Netherlands,7.0,71.618,71.618,6.0,3.0,1.7,1.7,53.0,1,11,6.0,109.0,0.0,1,0,0,1,0.0,33.0,8.333333333333334,0.3333333333333333,63.0,6.2,0.2,59.0,105.0,3.3333333333333335,3.2,0.2,0.0,1.5
2026,12,17,17,0.0,16.0,66,Retired,,albon,ALB,23,Alexander,Albon,Thai,williams,Williams,British,Dutch Grand Prix,2026-08-23,zandvoort,Circuit Park Zandvoort,Netherlands,16.0,73.182,,16.0,0.0,1.7,1.7,53.0,1,11,16.0,5.0,0.0,1,0,0,1,0.0,0.0,17.666666666666668,0.6666666666666666,0.0,17.6,0.8,0.0,0.0,16.333333333333332,15.6,0.8,0.0,9.75
2026,12,16,16,0.0,17.0,70,Lapped,+1:10.271,sainz,SAI,55,Carlos,Sainz,Spanish,williams,Williams,British,Dutch Grand Prix,2026-08-23,zandvoort,Circuit Park Zandvoort,Netherlands,17.0,73.574,,20.0,0.0,1.7,1.7,53.0,1,11,15.0,6.0,0.0,1,0,0,1,0.0,0.0,17.0,0.6666666666666666,0.0,16.6,0.8,0.0,0.0,16.333333333333332,15.6,0.8,1.0,7.75
